ISO-10303-21;
HEADER;
FILE_DESCRIPTION (( 'STEP AP214' ),
    '1' );
FILE_NAME ('common mode choke.STEP',
    '2026-05-16T15:29:42',
    ( '' ),
    ( '' ),
    'SwSTEP 2.0',
    'SolidWorks 2025',
    '' );
FILE_SCHEMA (( 'AUTOMOTIVE_DESIGN' ));
ENDSEC;

DATA;
#1 = CARTESIAN_POINT ( 'NONE',  ( -3.510000000000000231, -3.810000000000000053, -3.000000000000000000 ) ) ;
#2 = VECTOR ( 'NONE', #108, 1000.000000000000000 ) ;
#3 = CARTESIAN_POINT ( 'NONE',  ( 2.499999999999943157, -5.750000000000000888, 0.000000000000000000 ) ) ;
#4 = LINE ( 'NONE', #2602, #1599 ) ;
#5 = ORIENTED_EDGE ( 'NONE', *, *, #1199, .F. ) ;
#6 = CARTESIAN_POINT ( 'NONE',  ( 5.750000000000000000, 0.000000000000000000, 0.000000000000000000 ) ) ;
#7 = ORIENTED_EDGE ( 'NONE', *, *, #2408, .F. ) ;
#8 = CARTESIAN_POINT ( 'NONE',  ( -0.5000000000000577316, -5.750000000000000888, 0.000000000000000000 ) ) ;
#9 = PLANE ( 'NONE',  #1855 ) ;
#10 = DIRECTION ( 'NONE',  ( 1.000000000000000000, 0.000000000000000000, 0.000000000000000000 ) ) ;
#11 = AXIS2_PLACEMENT_3D ( 'NONE', #777, #1218, #1581 ) ;
#12 = AXIS2_PLACEMENT_3D ( 'NONE', #1119, #1545, #1914 ) ;
#13 = EDGE_CURVE ( 'NONE', #1263, #935, #1495, .T. ) ;
#14 = ORIENTED_EDGE ( 'NONE', *, *, #2434, .T. ) ;
#15 = DIRECTION ( 'NONE',  ( -1.000000000000000000, 0.000000000000000000, 0.000000000000000000 ) ) ;
#16 = EDGE_LOOP ( 'NONE', ( #2505, #1151, #2029, #1494 ) ) ;
#17 = DIRECTION ( 'NONE',  ( 1.000000000000000000, 0.000000000000000000, 0.000000000000000000 ) ) ;
#18 = DIRECTION ( 'NONE',  ( 1.000000000000000000, 0.000000000000000000, 0.000000000000000000 ) ) ;
#19 = ADVANCED_FACE ( 'NONE', ( #2507 ), #114, .T. ) ;
#20 = DIRECTION ( 'NONE',  ( -6.938893903907221278E-15, -1.000000000000000000, 0.000000000000000000 ) ) ;
#21 = DIRECTION ( 'NONE',  ( -0.000000000000000000, 0.000000000000000000, 1.000000000000000000 ) ) ;
#22 = DIRECTION ( 'NONE',  ( -0.000000000000000000, -0.000000000000000000, -1.000000000000000000 ) ) ;
#23 = ORIENTED_EDGE ( 'NONE', *, *, #347, .T. ) ;
#24 = DIRECTION ( 'NONE',  ( -0.000000000000000000, 0.000000000000000000, 1.000000000000000000 ) ) ;
#25 = CARTESIAN_POINT ( 'NONE',  ( 5.750000000000000000, 0.000000000000000000, 0.000000000000000000 ) ) ;
#26 = ORIENTED_EDGE ( 'NONE', *, *, #1302, .F. ) ;
#27 = FACE_OUTER_BOUND ( 'NONE', #532, .T. ) ;
#28 = ORIENTED_EDGE ( 'NONE', *, *, #330, .T. ) ;
#29 = LINE ( 'NONE', #1449, #1941 ) ;
#30 = CIRCLE ( 'NONE', #1131, 0.5000000000000000000 ) ;
#31 = DIRECTION ( 'NONE',  ( -9.540979117872429553E-15, -1.000000000000000000, 0.000000000000000000 ) ) ;
#32 = CYLINDRICAL_SURFACE ( 'NONE', #1919, 0.4999999999999987232 ) ;
#33 = DIRECTION ( 'NONE',  ( -1.000000000000000000, 0.000000000000000000, 0.000000000000000000 ) ) ;
#34 = VECTOR ( 'NONE', #2506, 1000.000000000000000 ) ;
#35 = AXIS2_PLACEMENT_3D ( 'NONE', #371, #1817, #2365 ) ;
#36 = EDGE_CURVE ( 'NONE', #1935, #1947, #1107, .T. ) ;
#37 = FACE_OUTER_BOUND ( 'NONE', #1576, .T. ) ;
#38 = EDGE_LOOP ( 'NONE', ( #2031, #993, #2139, #90 ) ) ;
#39 = CARTESIAN_POINT ( 'NONE',  ( -3.500000000000000444, 3.642919299551291743E-14, 2.000000000000000000 ) ) ;
#40 = VERTEX_POINT ( 'NONE', #2299 ) ;
#41 = EDGE_LOOP ( 'NONE', ( #1290, #354, #1377, #1018 ) ) ;
#42 = ADVANCED_FACE ( 'NONE', ( #1323 ), #2107, .F. ) ;
#43 = CARTESIAN_POINT ( 'NONE',  ( 3.810000000000000053, 3.810000000000000053, -3.000000000000000000 ) ) ;
#44 = CARTESIAN_POINT ( 'NONE',  ( 3.500000000000000000, -1.214306433183763704E-14, 2.000000000000000000 ) ) ;
#45 = DIRECTION ( 'NONE',  ( 1.000000000000000000, 0.000000000000000000, 0.000000000000000000 ) ) ;
#46 = ORIENTED_EDGE ( 'NONE', *, *, #1312, .T. ) ;
#47 = EDGE_CURVE ( 'NONE', #2378, #1374, #2094, .T. ) ;
#48 = PLANE ( 'NONE',  #1924 ) ;
#49 = CIRCLE ( 'NONE', #1687, 0.5000000000000004441 ) ;
#50 = ORIENTED_EDGE ( 'NONE', *, *, #262, .F. ) ;
#51 = CARTESIAN_POINT ( 'NONE',  ( -3.810000000000000053, 3.810000000000000053, -3.000000000000000000 ) ) ;
#52 = DIRECTION ( 'NONE',  ( -0.000000000000000000, -0.000000000000000000, -1.000000000000000000 ) ) ;
#53 = AXIS2_PLACEMENT_3D ( 'NONE', #1990, #2394, #1026 ) ;
#54 = VECTOR ( 'NONE', #590, 1000.000000000000000 ) ;
#55 = AXIS2_PLACEMENT_3D ( 'NONE', #2449, #1471, #60 ) ;
#56 = ORIENTED_EDGE ( 'NONE', *, *, #461, .F. ) ;
#57 = DIRECTION ( 'NONE',  ( -0.000000000000000000, -0.000000000000000000, -1.000000000000000000 ) ) ;
#58 = VERTEX_POINT ( 'NONE', #1916 ) ;
#59 = CARTESIAN_POINT ( 'NONE',  ( 0.5000000000000184297, 5.249999999999997335, 2.000000000000000000 ) ) ;
#60 = DIRECTION ( 'NONE',  ( 1.000000000000000000, 0.000000000000000000, 0.000000000000000000 ) ) ;
#61 = FACE_OUTER_BOUND ( 'NONE', #1476, .T. ) ;
#62 = CIRCLE ( 'NONE', #621, 0.5000000000000013323 ) ;
#63 = ORIENTED_EDGE ( 'NONE', *, *, #1842, .T. ) ;
#64 = FACE_BOUND ( 'NONE', #1265, .T. ) ;
#65 = EDGE_CURVE ( 'NONE', #1328, #300, #125, .T. ) ;
#66 = EDGE_CURVE ( 'NONE', #1671, #2181, #1518, .T. ) ;
#67 = ORIENTED_EDGE ( 'NONE', *, *, #837, .T. ) ;
#68 = ADVANCED_FACE ( 'NONE', ( #277 ), #1079, .F. ) ;
#69 = DIRECTION ( 'NONE',  ( -0.000000000000000000, -0.000000000000000000, -1.000000000000000000 ) ) ;
#70 = AXIS2_PLACEMENT_3D ( 'NONE', #1917, #529, #126 ) ;
#71 = VERTEX_POINT ( 'NONE', #3 ) ;
#72 = EDGE_CURVE ( 'NONE', #121, #179, #176, .T. ) ;
#73 = PLANE ( 'NONE',  #1514 ) ;
#74 = CARTESIAN_POINT ( 'NONE',  ( -2.999999999999982236, 5.250000000000009770, 0.000000000000000000 ) ) ;
#75 = LINE ( 'NONE', #469, #1305 ) ;
#76 = CIRCLE ( 'NONE', #587, 0.4999999999999991673 ) ;
#77 = LINE ( 'NONE', #2283, #313 ) ;
#78 = ADVANCED_FACE ( 'NONE', ( #2592 ), #977, .F. ) ;
#79 = VERTEX_POINT ( 'NONE', #1162 ) ;
#80 = VECTOR ( 'NONE', #736, 1000.000000000000000 ) ;
#81 = DIRECTION ( 'NONE',  ( 1.000000000000000000, 0.000000000000000000, 0.000000000000000000 ) ) ;
#82 = DIRECTION ( 'NONE',  ( -0.000000000000000000, -0.000000000000000000, -1.000000000000000000 ) ) ;
#83 = CARTESIAN_POINT ( 'NONE',  ( 0.000000000000000000, 5.749999999999999112, 2.000000000000000000 ) ) ;
#84 = ORIENTED_EDGE ( 'NONE', *, *, #221, .T. ) ;
#85 = ORIENTED_EDGE ( 'NONE', *, *, #350, .F. ) ;
#86 = EDGE_LOOP ( 'NONE', ( #1997, #1922, #1668, #1110 ) ) ;
#87 = CARTESIAN_POINT ( 'NONE',  ( 5.750000000000000000, -3.500000000000038636, 2.000000000000000000 ) ) ;
#88 = FACE_OUTER_BOUND ( 'NONE', #2424, .T. ) ;
#89 = CARTESIAN_POINT ( 'NONE',  ( 0.000000000000000000, -5.750000000000000888, 2.000000000000000000 ) ) ;
#90 = ORIENTED_EDGE ( 'NONE', *, *, #260, .T. ) ;
#91 = CARTESIAN_POINT ( 'NONE',  ( 0.4999999999999449329, -5.250000000000003553, 0.000000000000000000 ) ) ;
#92 = ORIENTED_EDGE ( 'NONE', *, *, #1735, .F. ) ;
#93 = CARTESIAN_POINT ( 'NONE',  ( -5.250000000000000000, 2.500000000000000444, 2.000000000000000000 ) ) ;
#94 = EDGE_CURVE ( 'NONE', #509, #883, #2601, .T. ) ;
#95 = EDGE_LOOP ( 'NONE', ( #2259, #99, #325, #2446 ) ) ;
#96 = CIRCLE ( 'NONE', #2276, 1.500000000000000000 ) ;
#97 = AXIS2_PLACEMENT_3D ( 'NONE', #1974, #201, #183 ) ;
#98 = CIRCLE ( 'NONE', #192, 0.5000000000000000000 ) ;
#99 = ORIENTED_EDGE ( 'NONE', *, *, #426, .F. ) ;
#100 = ORIENTED_EDGE ( 'NONE', *, *, #2014, .F. ) ;
#101 = FACE_OUTER_BOUND ( 'NONE', #181, .T. ) ;
#102 = CARTESIAN_POINT ( 'NONE',  ( 0.000000000000000000, 5.749999999999999112, 0.000000000000000000 ) ) ;
#103 = AXIS2_PLACEMENT_3D ( 'NONE', #1984, #15, #1019 ) ;
#104 = DIRECTION ( 'NONE',  ( 1.000000000000000000, -6.722053469410121969E-15, 0.000000000000000000 ) ) ;
#105 = EDGE_CURVE ( 'NONE', #1739, #425, #780, .T. ) ;
#106 = EDGE_CURVE ( 'NONE', #2181, #2284, #1771, .T. ) ;
#107 = CARTESIAN_POINT ( 'NONE',  ( -5.750000000000000000, -3.499999999999999556, 0.000000000000000000 ) ) ;
#108 = DIRECTION ( 'NONE',  ( -1.000000000000000000, 3.469446951953610639E-15, 0.000000000000000000 ) ) ;
#109 = ADVANCED_FACE ( 'NONE', ( #1968 ), #1784, .F. ) ;
#110 = VERTEX_POINT ( 'NONE', #1573 ) ;
#111 = DIRECTION ( 'NONE',  ( 0.000000000000000000, 0.000000000000000000, 1.000000000000000000 ) ) ;
#112 = EDGE_CURVE ( 'NONE', #1739, #1528, #965, .T. ) ;
#113 = FACE_OUTER_BOUND ( 'NONE', #1698, .T. ) ;
#114 = PLANE ( 'NONE',  #1920 ) ;
#115 = CARTESIAN_POINT ( 'NONE',  ( 0.000000000000000000, 0.000000000000000000, 8.800000000000000711 ) ) ;
#116 = ORIENTED_EDGE ( 'NONE', *, *, #1794, .T. ) ;
#117 = ORIENTED_EDGE ( 'NONE', *, *, #1036, .T. ) ;
#118 = ORIENTED_EDGE ( 'NONE', *, *, #2572, .T. ) ;
#119 = CARTESIAN_POINT ( 'NONE',  ( -2.899999999999999911, 3.551475717527324325E-16, 8.800000000000000711 ) ) ;
#120 = CARTESIAN_POINT ( 'NONE',  ( 5.249999999999995559, -0.5000000000000367484, 0.000000000000000000 ) ) ;
#121 = VERTEX_POINT ( 'NONE', #1346 ) ;
#122 = CARTESIAN_POINT ( 'NONE',  ( -4.250000000000000000, 4.249999999999998224, 2.000000000000000000 ) ) ;
#123 = DIRECTION ( 'NONE',  ( 1.000000000000000000, 0.000000000000000000, 0.000000000000000000 ) ) ;
#124 = LINE ( 'NONE', #1728, #1135 ) ;
#125 = LINE ( 'NONE', #1677, #1871 ) ;
#126 = DIRECTION ( 'NONE',  ( 1.000000000000000000, 0.000000000000000000, 0.000000000000000000 ) ) ;
#127 = VECTOR ( 'NONE', #543, 1000.000000000000000 ) ;
#128 = ORIENTED_EDGE ( 'NONE', *, *, #1845, .T. ) ;
#129 = VECTOR ( 'NONE', #2121, 1000.000000000000000 ) ;
#130 = ORIENTED_EDGE ( 'NONE', *, *, #921, .F. ) ;
#131 = VECTOR ( 'NONE', #2050, 1000.000000000000000 ) ;
#132 = ORIENTED_EDGE ( 'NONE', *, *, #350, .T. ) ;
#133 = CARTESIAN_POINT ( 'NONE',  ( -3.499999999999980460, 5.749999999999999112, 2.000000000000000000 ) ) ;
#134 = DIRECTION ( 'NONE',  ( 0.000000000000000000, 0.000000000000000000, 1.000000000000000000 ) ) ;
#135 = EDGE_CURVE ( 'NONE', #323, #143, #791, .T. ) ;
#136 = ORIENTED_EDGE ( 'NONE', *, *, #2178, .T. ) ;
#137 = DIRECTION ( 'NONE',  ( 1.000000000000000000, 0.000000000000000000, 0.000000000000000000 ) ) ;
#138 = DIRECTION ( 'NONE',  ( 0.000000000000000000, 0.000000000000000000, 1.000000000000000000 ) ) ;
#139 = ORIENTED_EDGE ( 'NONE', *, *, #2345, .F. ) ;
#140 = DIRECTION ( 'NONE',  ( 1.000000000000000000, 0.000000000000000000, -0.000000000000000000 ) ) ;
#141 = EDGE_CURVE ( 'NONE', #1437, #817, #583, .T. ) ;
#142 = EDGE_LOOP ( 'NONE', ( #1314, #1710, #576, #1945 ) ) ;
#143 = VERTEX_POINT ( 'NONE', #1943 ) ;
#144 = ORIENTED_EDGE ( 'NONE', *, *, #1200, .F. ) ;
#145 = DIRECTION ( 'NONE',  ( -0.000000000000000000, -0.000000000000000000, 1.000000000000000000 ) ) ;
#146 = VECTOR ( 'NONE', #2293, 1000.000000000000000 ) ;
#147 = CIRCLE ( 'NONE', #2100, 0.4999999999999995559 ) ;
#148 = AXIS2_PLACEMENT_3D ( 'NONE', #1192, #2222, #235 ) ;
#149 = ORIENTED_EDGE ( 'NONE', *, *, #1987, .T. ) ;
#150 = DIRECTION ( 'NONE',  ( 1.000000000000000000, 0.000000000000000000, 0.000000000000000000 ) ) ;
#151 = AXIS2_PLACEMENT_3D ( 'NONE', #424, #207, #416 ) ;
#152 = DIRECTION ( 'NONE',  ( -1.000000000000000000, -2.168404344971006649E-16, 0.000000000000000000 ) ) ;
#153 = LINE ( 'NONE', #1357, #2339 ) ;
#154 = ORIENTED_EDGE ( 'NONE', *, *, #141, .F. ) ;
#155 = ADVANCED_FACE ( 'NONE', ( #165 ), #2176, .T. ) ;
#156 = LINE ( 'NONE', #87, #849 ) ;
#157 = ORIENTED_EDGE ( 'NONE', *, *, #1840, .T. ) ;
#158 = CARTESIAN_POINT ( 'NONE',  ( 0.5000000000000014433, -1.626303258728259806E-15, 2.000000000000000000 ) ) ;
#159 = CARTESIAN_POINT ( 'NONE',  ( 0.5000000000000193179, 5.749999999999999112, 0.000000000000000000 ) ) ;
#160 = LINE ( 'NONE', #915, #852 ) ;
#161 = EDGE_CURVE ( 'NONE', #877, #505, #362, .T. ) ;
#162 = VERTEX_POINT ( 'NONE', #766 ) ;
#163 = CARTESIAN_POINT ( 'NONE',  ( -2.499999999999983125, 5.250000000000007994, 2.000000000000000000 ) ) ;
#164 = ADVANCED_FACE ( 'NONE', ( #2577 ), #1992, .F. ) ;
#165 = FACE_OUTER_BOUND ( 'NONE', #293, .T. ) ;
#166 = DIRECTION ( 'NONE',  ( 0.000000000000000000, 0.000000000000000000, 1.000000000000000000 ) ) ;
#167 = EDGE_LOOP ( 'NONE', ( #926, #897, #1226, #28 ) ) ;
#168 = CLOSED_SHELL ( 'NONE', ( #381, #806, #951, #1280, #2353, #1253 ) ) ;
#169 = DIRECTION ( 'NONE',  ( 1.000000000000000000, -3.252606517456510147E-15, 0.000000000000000000 ) ) ;
#170 = ORIENTED_EDGE ( 'NONE', *, *, #796, .F. ) ;
#171 = DIRECTION ( 'NONE',  ( -0.000000000000000000, -0.000000000000000000, -1.000000000000000000 ) ) ;
#172 = AXIS2_PLACEMENT_3D ( 'NONE', #1055, #1609, #1278 ) ;
#173 = FACE_OUTER_BOUND ( 'NONE', #675, .T. ) ;
#174 = VERTEX_POINT ( 'NONE', #204 ) ;
#175 = DIRECTION ( 'NONE',  ( 0.000000000000000000, -1.000000000000000000, 0.000000000000000000 ) ) ;
#176 = LINE ( 'NONE', #1174, #208 ) ;
#177 = DIRECTION ( 'NONE',  ( -0.000000000000000000, -0.000000000000000000, -1.000000000000000000 ) ) ;
#178 = DIRECTION ( 'NONE',  ( -0.000000000000000000, -0.000000000000000000, -1.000000000000000000 ) ) ;
#179 = VERTEX_POINT ( 'NONE', #2162 ) ;
#180 = CARTESIAN_POINT ( 'NONE',  ( 0.000000000000000000, 5.749999999999999112, 0.000000000000000000 ) ) ;
#181 = EDGE_LOOP ( 'NONE', ( #904, #2041, #1550, #1292 ) ) ;
#182 = FACE_OUTER_BOUND ( 'NONE', #2027, .T. ) ;
#183 = DIRECTION ( 'NONE',  ( 1.000000000000000000, 0.000000000000000000, 0.000000000000000000 ) ) ;
#184 = VECTOR ( 'NONE', #1023, 1000.000000000000000 ) ;
#185 = EDGE_CURVE ( 'NONE', #1263, #1691, #2372, .T. ) ;
#186 = EDGE_CURVE ( 'NONE', #225, #445, #953, .T. ) ;
#187 = VERTEX_POINT ( 'NONE', #2341 ) ;
#188 = CYLINDRICAL_SURFACE ( 'NONE', #2371, 0.4999999999999987232 ) ;
#189 = VECTOR ( 'NONE', #373, 1000.000000000000000 ) ;
#190 = EDGE_CURVE ( 'NONE', #319, #989, #76, .T. ) ;
#191 = VECTOR ( 'NONE', #2182, 1000.000000000000000 ) ;
#192 = AXIS2_PLACEMENT_3D ( 'NONE', #999, #1804, #2407 ) ;
#193 = EDGE_CURVE ( 'NONE', #1935, #79, #2451, .T. ) ;
#194 = DIRECTION ( 'NONE',  ( 0.000000000000000000, 0.000000000000000000, 1.000000000000000000 ) ) ;
#195 = SURFACE_STYLE_USAGE ( .BOTH. , #1979 ) ;
#196 = EDGE_CURVE ( 'NONE', #2413, #2098, #511, .T. ) ;
#197 = VERTEX_POINT ( 'NONE', #1620 ) ;
#198 = DIRECTION ( 'NONE',  ( 1.000000000000000000, -9.540979117872429553E-15, 0.000000000000000000 ) ) ;
#199 = EDGE_LOOP ( 'NONE', ( #264, #1411, #92, #2224 ) ) ;
#200 = CARTESIAN_POINT ( 'NONE',  ( 5.250000000000020428, 2.999999999999963585, 0.000000000000000000 ) ) ;
#201 = DIRECTION ( 'NONE',  ( -0.000000000000000000, -0.000000000000000000, 1.000000000000000000 ) ) ;
#202 = VECTOR ( 'NONE', #1731, 1000.000000000000000 ) ;
#203 = DIRECTION ( 'NONE',  ( -0.000000000000000000, -0.000000000000000000, -1.000000000000000000 ) ) ;
#204 = CARTESIAN_POINT ( 'NONE',  ( -3.499999999999980460, 5.749999999999999112, 0.000000000000000000 ) ) ;
#205 = VECTOR ( 'NONE', #446, 1000.000000000000000 ) ;
#206 = ORIENTED_EDGE ( 'NONE', *, *, #1114, .F. ) ;
#207 = DIRECTION ( 'NONE',  ( 1.000000000000000000, 0.000000000000000000, -0.000000000000000000 ) ) ;
#208 = VECTOR ( 'NONE', #1547, 1000.000000000000000 ) ;
#209 = ORIENTED_EDGE ( 'NONE', *, *, #1081, .F. ) ;
#210 = CARTESIAN_POINT ( 'NONE',  ( 5.400000000000000355, 0.000000000000000000, 8.803305772578518429 ) ) ;
#211 = DIRECTION ( 'NONE',  ( -1.000000000000000000, 0.000000000000000000, 0.000000000000000000 ) ) ;
#212 = AXIS2_PLACEMENT_3D ( 'NONE', #1043, #1443, #227 ) ;
#213 = DIRECTION ( 'NONE',  ( 0.000000000000000000, -1.000000000000000000, 0.000000000000000000 ) ) ;
#214 = ADVANCED_FACE ( 'NONE', ( #611 ), #1805, .T. ) ;
#215 = CIRCLE ( 'NONE', #2261, 0.4999999999999987232 ) ;
#216 = LINE ( 'NONE', #420, #793 ) ;
#217 = ORIENTED_EDGE ( 'NONE', *, *, #1418, .T. ) ;
#218 = SURFACE_SIDE_STYLE ('',( #792 ) ) ;
#219 = ORIENTED_EDGE ( 'NONE', *, *, #1042, .F. ) ;
#220 = DIRECTION ( 'NONE',  ( -0.000000000000000000, -0.000000000000000000, -1.000000000000000000 ) ) ;
#221 = EDGE_CURVE ( 'NONE', #2278, #568, #30, .T. ) ;
#222 = ORIENTED_EDGE ( 'NONE', *, *, #2578, .F. ) ;
#223 = DIRECTION ( 'NONE',  ( 1.040834085586083310E-14, 1.000000000000000000, 0.000000000000000000 ) ) ;
#224 = PLANE ( 'NONE',  #35 ) ;
#225 = VERTEX_POINT ( 'NONE', #663 ) ;
#226 = CARTESIAN_POINT ( 'NONE',  ( 5.750000000000000000, 0.4999999999999616418, 2.000000000000000000 ) ) ;
#227 = DIRECTION ( 'NONE',  ( 1.000000000000000000, 0.000000000000000000, 0.000000000000000000 ) ) ;
#228 = AXIS2_PLACEMENT_3D ( 'NONE', #409, #1999, #1660 ) ;
#229 = VECTOR ( 'NONE', #1029, 1000.000000000000000 ) ;
#230 = LINE ( 'NONE', #2068, #1300 ) ;
#231 = ORIENTED_EDGE ( 'NONE', *, *, #889, .F. ) ;
#232 = CARTESIAN_POINT ( 'NONE',  ( -2.500000000000057732, -5.750000000000000888, 2.000000000000000000 ) ) ;
#233 = EDGE_CURVE ( 'NONE', #2053, #701, #1221, .T. ) ;
#234 = VERTEX_POINT ( 'NONE', #444 ) ;
#235 = DIRECTION ( 'NONE',  ( 1.000000000000000000, 0.000000000000000000, 0.000000000000000000 ) ) ;
#236 = ORIENTED_EDGE ( 'NONE', *, *, #2401, .T. ) ;
#237 = DIRECTION ( 'NONE',  ( -0.000000000000000000, -0.000000000000000000, -1.000000000000000000 ) ) ;
#238 = PLANE ( 'NONE',  #2103 ) ;
#239 = ADVANCED_FACE ( 'NONE', ( #1892 ), #1648, .T. ) ;
#240 = CARTESIAN_POINT ( 'NONE',  ( 0.5000000000000184297, 5.249999999999997335, 0.000000000000000000 ) ) ;
#241 = VERTEX_POINT ( 'NONE', #2422 ) ;
#242 = SURFACE_STYLE_FILL_AREA ( #599 ) ;
#243 = ORIENTED_EDGE ( 'NONE', *, *, #2205, .T. ) ;
#244 = CARTESIAN_POINT ( 'NONE',  ( 5.750000000000000000, -2.500000000000038636, 0.000000000000000000 ) ) ;
#245 =( LENGTH_UNIT ( ) NAMED_UNIT ( * ) SI_UNIT ( .MILLI., .METRE. ) );
#246 = ORIENTED_EDGE ( 'NONE', *, *, #461, .T. ) ;
#247 = ORIENTED_EDGE ( 'NONE', *, *, #928, .F. ) ;
#248 = CARTESIAN_POINT ( 'NONE',  ( 5.324339303528180523, -4.824339303528178746, 2.000000000000000000 ) ) ;
#249 = CARTESIAN_POINT ( 'NONE',  ( 5.250000000000016875, 2.499999999999964473, 2.000000000000000000 ) ) ;
#250 = DIRECTION ( 'NONE',  ( -6.071532165918819308E-15, -1.000000000000000000, 0.000000000000000000 ) ) ;
#251 = CARTESIAN_POINT ( 'NONE',  ( -0.5000000000000004441, 5.204170427930421283E-15, 0.000000000000000000 ) ) ;
#252 = PRODUCT_DEFINITION_FORMATION_WITH_SPECIFIED_SOURCE ( 'ANY', '', #920, .NOT_KNOWN. ) ;
#253 = EDGE_CURVE ( 'NONE', #2552, #1309, #2203, .T. ) ;
#254 = AXIS2_PLACEMENT_3D ( 'NONE', #873, #1053, #902 ) ;
#255 = ORIENTED_EDGE ( 'NONE', *, *, #1543, .F. ) ;
#256 = DIRECTION ( 'NONE',  ( -0.000000000000000000, -0.000000000000000000, -1.000000000000000000 ) ) ;
#257 = DIRECTION ( 'NONE',  ( 1.000000000000000000, -6.071532165918819308E-15, 0.000000000000000000 ) ) ;
#258 = FACE_OUTER_BOUND ( 'NONE', #1296, .T. ) ;
#259 = DIRECTION ( 'NONE',  ( 1.040834085586083310E-14, 1.000000000000000000, 0.000000000000000000 ) ) ;
#260 = EDGE_CURVE ( 'NONE', #2219, #275, #1407, .T. ) ;
#261 = EDGE_CURVE ( 'NONE', #638, #701, #624, .T. ) ;
#262 = EDGE_CURVE ( 'NONE', #1445, #1326, #2001, .T. ) ;
#263 = AXIS2_PLACEMENT_3D ( 'NONE', #774, #1569, #1375 ) ;
#264 = ORIENTED_EDGE ( 'NONE', *, *, #1165, .T. ) ;
#265 = DIRECTION ( 'NONE',  ( 0.000000000000000000, 0.000000000000000000, 1.000000000000000000 ) ) ;
#266 = FACE_OUTER_BOUND ( 'NONE', #1900, .T. ) ;
#267 = AXIS2_PLACEMENT_3D ( 'NONE', #158, #959, #2156 ) ;
#268 = ADVANCED_FACE ( 'NONE', ( #814 ), #32, .F. ) ;
#269 = CIRCLE ( 'NONE', #2457, 0.2999999999999999334 ) ;
#270 = ORIENTED_EDGE ( 'NONE', *, *, #1165, .F. ) ;
#271 = ORIENTED_EDGE ( 'NONE', *, *, #571, .T. ) ;
#272 = CARTESIAN_POINT ( 'NONE',  ( 1.214306433183756920E-14, -3.499999999999980460, 2.000000000000000000 ) ) ;
#273 = FACE_BOUND ( 'NONE', #2496, .T. ) ;
#274 = FACE_OUTER_BOUND ( 'NONE', #142, .T. ) ;
#275 = VERTEX_POINT ( 'NONE', #838 ) ;
#276 = LINE ( 'NONE', #2298, #2395 ) ;
#277 = FACE_OUTER_BOUND ( 'NONE', #2574, .T. ) ;
#278 = DIRECTION ( 'NONE',  ( 1.000000000000000000, 0.000000000000000000, 0.000000000000000000 ) ) ;
#279 = EDGE_LOOP ( 'NONE', ( #2608, #1803 ) ) ;
#280 = CARTESIAN_POINT ( 'NONE',  ( -5.750000000000000000, 0.000000000000000000, 2.000000000000000000 ) ) ;
#281 = VECTOR ( 'NONE', #294, 1000.000000000000000 ) ;
#282 = ORIENTED_EDGE ( 'NONE', *, *, #761, .F. ) ;
#283 = ORIENTED_EDGE ( 'NONE', *, *, #1465, .F. ) ;
#284 = CARTESIAN_POINT ( 'NONE',  ( 2.900000000000000799, 0.000000000000000000, 2.000000000000000000 ) ) ;
#285 = CARTESIAN_POINT ( 'NONE',  ( 3.510000000000000231, -3.810000000000000053, 0.000000000000000000 ) ) ;
#286 = CARTESIAN_POINT ( 'NONE',  ( 0.4999999999999449329, -5.250000000000003553, 2.000000000000000000 ) ) ;
#287 = AXIS2_PLACEMENT_3D ( 'NONE', #2069, #1478, #473 ) ;
#288 = DIRECTION ( 'NONE',  ( 0.000000000000000000, 0.000000000000000000, 1.000000000000000000 ) ) ;
#289 = EDGE_CURVE ( 'NONE', #2297, #1431, #802, .T. ) ;
#290 = VERTEX_POINT ( 'NONE', #240 ) ;
#291 = AXIS2_PLACEMENT_3D ( 'NONE', #1699, #327, #706 ) ;
#292 = CARTESIAN_POINT ( 'NONE',  ( -5.750000000000000000, 0.000000000000000000, 2.000000000000000000 ) ) ;
#293 = EDGE_LOOP ( 'NONE', ( #642, #668, #898, #669 ) ) ;
#294 = DIRECTION ( 'NONE',  ( -1.000000000000000000, 6.071532165918819308E-15, 0.000000000000000000 ) ) ;
#295 = CIRCLE ( 'NONE', #1425, 0.2999999999999999334 ) ;
#296 = VERTEX_POINT ( 'NONE', #412 ) ;
#297 = EDGE_CURVE ( 'NONE', #1909, #1327, #216, .T. ) ;
#298 = EDGE_CURVE ( 'NONE', #1361, #1295, #1015, .T. ) ;
#299 = EDGE_CURVE ( 'NONE', #425, #1241, #546, .T. ) ;
#300 = VERTEX_POINT ( 'NONE', #2246 ) ;
#301 = VERTEX_POINT ( 'NONE', #1246 ) ;
#302 = EDGE_CURVE ( 'NONE', #1103, #1361, #1872, .T. ) ;
#303 = CARTESIAN_POINT ( 'NONE',  ( 4.110000000000000320, 3.810000000000000053, -3.000000000000000000 ) ) ;
#304 = DIRECTION ( 'NONE',  ( -0.000000000000000000, -0.000000000000000000, -1.000000000000000000 ) ) ;
#305 = DIRECTION ( 'NONE',  ( -0.000000000000000000, -0.000000000000000000, -1.000000000000000000 ) ) ;
#306 = CARTESIAN_POINT ( 'NONE',  ( -3.500000000000000444, 3.642919299551291743E-14, 0.000000000000000000 ) ) ;
#307 = EDGE_LOOP ( 'NONE', ( #1208, #1096, #2549, #331 ) ) ;
#308 = DIRECTION ( 'NONE',  ( 0.000000000000000000, 0.000000000000000000, 1.000000000000000000 ) ) ;
#309 = CARTESIAN_POINT ( 'NONE',  ( -0.000000000000000000, -5.750000000000000888, 0.000000000000000000 ) ) ;
#310 = FACE_OUTER_BOUND ( 'NONE', #1985, .T. ) ;
#311 = VECTOR ( 'NONE', #2362, 1000.000000000000000 ) ;
#312 = ORIENTED_EDGE ( 'NONE', *, *, #1220, .T. ) ;
#313 = VECTOR ( 'NONE', #874, 1000.000000000000000 ) ;
#314 = CIRCLE ( 'NONE', #775, 0.5000000000000004441 ) ;
#315 = VERTEX_POINT ( 'NONE', #159 ) ;
#316 = ORIENTED_EDGE ( 'NONE', *, *, #1030, .T. ) ;
#317 = DIRECTION ( 'NONE',  ( 1.000000000000000000, 0.000000000000000000, 0.000000000000000000 ) ) ;
#318 = CARTESIAN_POINT ( 'NONE',  ( 5.250000000000016875, 2.499999999999964473, 2.000000000000000000 ) ) ;
#319 = VERTEX_POINT ( 'NONE', #2157 ) ;
#320 = DIRECTION ( 'NONE',  ( -0.000000000000000000, -0.000000000000000000, -1.000000000000000000 ) ) ;
#321 = DIRECTION ( 'NONE',  ( 0.000000000000000000, -0.000000000000000000, -1.000000000000000000 ) ) ;
#322 = CARTESIAN_POINT ( 'NONE',  ( -5.249999999999999112, -2.500000000000000888, 0.000000000000000000 ) ) ;
#323 = VERTEX_POINT ( 'NONE', #133 ) ;
#324 = EDGE_CURVE ( 'NONE', #1188, #2330, #1129, .T. ) ;
#325 = ORIENTED_EDGE ( 'NONE', *, *, #813, .T. ) ;
#326 = ORIENTED_EDGE ( 'NONE', *, *, #221, .F. ) ;
#327 = DIRECTION ( 'NONE',  ( 0.000000000000000000, -1.000000000000000000, 0.000000000000000000 ) ) ;
#328 = PLANE ( 'NONE',  #650 ) ;
#329 = AXIS2_PLACEMENT_3D ( 'NONE', #375, #1930, #1137 ) ;
#330 = EDGE_CURVE ( 'NONE', #538, #1909, #2512, .T. ) ;
#331 = ORIENTED_EDGE ( 'NONE', *, *, #658, .T. ) ;
#332 = DIRECTION ( 'NONE',  ( -0.000000000000000000, 0.000000000000000000, 1.000000000000000000 ) ) ;
#333 = AXIS2_PLACEMENT_3D ( 'NONE', #2150, #194, #1202 ) ;
#334 = PLANE ( 'NONE',  #1499 ) ;
#335 = ORIENTED_EDGE ( 'NONE', *, *, #2201, .T. ) ;
#336 = LINE ( 'NONE', #2342, #1247 ) ;
#337 = CIRCLE ( 'NONE', #1624, 2.899999999999999911 ) ;
#338 = ORIENTED_EDGE ( 'NONE', *, *, #2434, .F. ) ;
#339 = VECTOR ( 'NONE', #1093, 1000.000000000000000 ) ;
#340 = VERTEX_POINT ( 'NONE', #507 ) ;
#341 = ORIENTED_EDGE ( 'NONE', *, *, #2152, .F. ) ;
#342 = CARTESIAN_POINT ( 'NONE',  ( 0.000000000000000000, 0.000000000000000000, 8.800000000000000711 ) ) ;
#343 = DIRECTION ( 'NONE',  ( -3.252606517456510147E-15, -1.000000000000000000, 0.000000000000000000 ) ) ;
#344 = ORIENTED_EDGE ( 'NONE', *, *, #728, .T. ) ;
#345 = LINE ( 'NONE', #2161, #609 ) ;
#346 = EDGE_CURVE ( 'NONE', #1188, #1371, #871, .T. ) ;
#347 = EDGE_CURVE ( 'NONE', #1241, #425, #337, .T. ) ;
#348 = CARTESIAN_POINT ( 'NONE',  ( 0.000000000000000000, 0.000000000000000000, 2.000000000000000000 ) ) ;
#349 = DIRECTION ( 'NONE',  ( 1.040834085586083310E-14, 1.000000000000000000, 0.000000000000000000 ) ) ;
#350 = EDGE_CURVE ( 'NONE', #71, #679, #1740, .T. ) ;
#351 = ORIENTED_EDGE ( 'NONE', *, *, #1802, .F. ) ;
#352 = CARTESIAN_POINT ( 'NONE',  ( -3.500000000000000444, 3.642919299551291743E-14, 2.000000000000000000 ) ) ;
#353 = EDGE_CURVE ( 'NONE', #1065, #121, #1363, .T. ) ;
#354 = ORIENTED_EDGE ( 'NONE', *, *, #1679, .T. ) ;
#355 = CARTESIAN_POINT ( 'NONE',  ( -2.499999999999983125, 5.250000000000007994, 0.000000000000000000 ) ) ;
#356 = CIRCLE ( 'NONE', #1319, 0.2999999999999999334 ) ;
#357 = PLANE ( 'NONE',  #810 ) ;
#358 = AXIS2_PLACEMENT_3D ( 'NONE', #122, #722, #2118 ) ;
#359 = EDGE_CURVE ( 'NONE', #797, #1437, #534, .T. ) ;
#360 = EDGE_LOOP ( 'NONE', ( #636, #1921, #2402, #980 ) ) ;
#361 = CARTESIAN_POINT ( 'NONE',  ( -3.361026734705071634E-15, -0.5000000000000015543, 0.000000000000000000 ) ) ;
#362 = LINE ( 'NONE', #1759, #2607 ) ;
#363 = CARTESIAN_POINT ( 'NONE',  ( 4.750000000000021316, 2.999999999999963585, 2.000000000000000000 ) ) ;
#364 = VERTEX_POINT ( 'NONE', #2099 ) ;
#365 = DIRECTION ( 'NONE',  ( 0.000000000000000000, 1.000000000000000000, -0.000000000000000000 ) ) ;
#366 = DIRECTION ( 'NONE',  ( 3.252606517456510147E-15, 1.000000000000000000, 0.000000000000000000 ) ) ;
#367 = ORIENTED_EDGE ( 'NONE', *, *, #656, .T. ) ;
#368 = LINE ( 'NONE', #2568, #1641 ) ;
#369 = DIRECTION ( 'NONE',  ( 0.000000000000000000, 0.000000000000000000, 1.000000000000000000 ) ) ;
#370 = LINE ( 'NONE', #1170, #184 ) ;
#371 = CARTESIAN_POINT ( 'NONE',  ( 5.750000000000000000, 0.000000000000000000, 2.000000000000000000 ) ) ;
#372 = ORIENTED_EDGE ( 'NONE', *, *, #931, .T. ) ;
#373 = DIRECTION ( 'NONE',  ( -0.000000000000000000, -0.000000000000000000, -1.000000000000000000 ) ) ;
#374 = DIRECTION ( 'NONE',  ( -1.000000000000000000, 0.000000000000000000, 0.000000000000000000 ) ) ;
#375 = CARTESIAN_POINT ( 'NONE',  ( -3.810000000000000053, 3.810000000000000053, -3.000000000000000000 ) ) ;
#376 = LINE ( 'NONE', #1395, #2086 ) ;
#377 = ORIENTED_EDGE ( 'NONE', *, *, #457, .F. ) ;
#378 = VECTOR ( 'NONE', #892, 1000.000000000000000 ) ;
#379 = DIRECTION ( 'NONE',  ( 0.000000000000000000, 0.000000000000000000, -1.000000000000000000 ) ) ;
#380 = DIRECTION ( 'NONE',  ( 1.000000000000000000, 0.000000000000000000, 0.000000000000000000 ) ) ;
#381 = ADVANCED_FACE ( 'NONE', ( #946 ), #1923, .F. ) ;
#382 = ORIENTED_EDGE ( 'NONE', *, *, #535, .F. ) ;
#383 = EDGE_CURVE ( 'NONE', #197, #1242, #1156, .T. ) ;
#384 = DIRECTION ( 'NONE',  ( -1.000000000000000000, -3.469446951953610639E-15, 0.000000000000000000 ) ) ;
#385 = CARTESIAN_POINT ( 'NONE',  ( 5.250000000000002665, 0.4999999999999632516, 2.000000000000000000 ) ) ;
#386 = EDGE_CURVE ( 'NONE', #2588, #2053, #1169, .T. ) ;
#387 = VECTOR ( 'NONE', #1288, 1000.000000000000000 ) ;
#388 = VERTEX_POINT ( 'NONE', #355 ) ;
#389 = CARTESIAN_POINT ( 'NONE',  ( -5.249999999999999112, -2.500000000000000888, 2.000000000000000000 ) ) ;
#390 = CARTESIAN_POINT ( 'NONE',  ( 1.084202172485500736E-16, -0.4999999999999988343, 0.000000000000000000 ) ) ;
#391 = ORIENTED_EDGE ( 'NONE', *, *, #1958, .F. ) ;
#392 = DIRECTION ( 'NONE',  ( 0.000000000000000000, 0.000000000000000000, 1.000000000000000000 ) ) ;
#393 = LINE ( 'NONE', #406, #943 ) ;
#394 = CYLINDRICAL_SURFACE ( 'NONE', #263, 0.5000000000000004441 ) ;
#395 = VECTOR ( 'NONE', #237, 1000.000000000000000 ) ;
#396 = DIRECTION ( 'NONE',  ( -1.000000000000000000, 0.000000000000000000, 0.000000000000000000 ) ) ;
#397 = VECTOR ( 'NONE', #577, 1000.000000000000000 ) ;
#398 = CIRCLE ( 'NONE', #1983, 0.4999999999999991673 ) ;
#399 = CARTESIAN_POINT ( 'NONE',  ( 0.000000000000000000, 5.749999999999999112, 2.000000000000000000 ) ) ;
#400 = DIRECTION ( 'NONE',  ( -0.000000000000000000, -0.000000000000000000, -1.000000000000000000 ) ) ;
#401 = ORIENTED_EDGE ( 'NONE', *, *, #2067, .F. ) ;
#402 = DIRECTION ( 'NONE',  ( -1.000000000000000000, 0.000000000000000000, 0.000000000000000000 ) ) ;
#403 = CARTESIAN_POINT ( 'NONE',  ( -3.810000000000000053, -3.810000000000000053, 0.000000000000000000 ) ) ;
#404 = CARTESIAN_POINT ( 'NONE',  ( -2.168404344971010840E-15, 2.500000000000004885, 0.000000000000000000 ) ) ;
#405 = ORIENTED_EDGE ( 'NONE', *, *, #840, .T. ) ;
#406 = CARTESIAN_POINT ( 'NONE',  ( 5.249999999999976019, -3.500000000000036859, 2.000000000000000000 ) ) ;
#407 = EDGE_CURVE ( 'NONE', #877, #2219, #1329, .T. ) ;
#408 = DIRECTION ( 'NONE',  ( 0.000000000000000000, 0.000000000000000000, 1.000000000000000000 ) ) ;
#409 = CARTESIAN_POINT ( 'NONE',  ( 0.000000000000000000, -5.750000000000000888, 2.000000000000000000 ) ) ;
#410 = LINE ( 'NONE', #1768, #2321 ) ;
#411 = EDGE_CURVE ( 'NONE', #1697, #2117, #1340, .T. ) ;
#412 = CARTESIAN_POINT ( 'NONE',  ( 5.750000000000000000, -3.500000000000038636, 2.000000000000000000 ) ) ;
#413 = AXIS2_PLACEMENT_3D ( 'NONE', #1347, #545, #1549 ) ;
#414 = ORIENTED_EDGE ( 'NONE', *, *, #2603, .T. ) ;
#415 = LINE ( 'NONE', #2165, #2191 ) ;
#416 = DIRECTION ( 'NONE',  ( -0.000000000000000000, 0.000000000000000000, -1.000000000000000000 ) ) ;
#417 = VECTOR ( 'NONE', #22, 1000.000000000000000 ) ;
#418 = ORIENTED_EDGE ( 'NONE', *, *, #1117, .T. ) ;
#419 = DIRECTION ( 'NONE',  ( -0.000000000000000000, 0.000000000000000000, 1.000000000000000000 ) ) ;
#420 = CARTESIAN_POINT ( 'NONE',  ( 3.499999999999980016, -2.428612866367513524E-14, 0.000000000000000000 ) ) ;
#421 = EDGE_CURVE ( 'NONE', #1947, #1409, #1910, .T. ) ;
#422 = CARTESIAN_POINT ( 'NONE',  ( -0.5000000000000550671, -5.249999999999993783, 2.000000000000000000 ) ) ;
#423 = EDGE_LOOP ( 'NONE', ( #1831, #391, #136, #1873 ) ) ;
#424 = CARTESIAN_POINT ( 'NONE',  ( -3.499999999999980460, 0.000000000000000000, 2.000000000000000000 ) ) ;
#425 = VERTEX_POINT ( 'NONE', #119 ) ;
#426 = EDGE_CURVE ( 'NONE', #862, #2110, #899, .T. ) ;
#427 = ORIENTED_EDGE ( 'NONE', *, *, #2114, .F. ) ;
#428 = DIRECTION ( 'NONE',  ( -0.000000000000000000, 0.000000000000000000, 1.000000000000000000 ) ) ;
#429 = DIRECTION ( 'NONE',  ( 1.000000000000000000, 0.000000000000000000, 0.000000000000000000 ) ) ;
#430 = ADVANCED_FACE ( 'NONE', ( #101 ), #2112, .F. ) ;
#431 = AXIS2_PLACEMENT_3D ( 'NONE', #1778, #769, #1372 ) ;
#432 = CIRCLE ( 'NONE', #358, 1.500000000000000000 ) ;
#433 = DIRECTION ( 'NONE',  ( 6.938893903907221278E-15, 1.000000000000000000, 0.000000000000000000 ) ) ;
#434 = VECTOR ( 'NONE', #1971, 1000.000000000000000 ) ;
#435 = AXIS2_PLACEMENT_3D ( 'NONE', #1427, #2226, #429 ) ;
#436 = AXIS2_PLACEMENT_3D ( 'NONE', #2260, #1651, #474 ) ;
#437 = LINE ( 'NONE', #1240, #1070 ) ;
#438 = CARTESIAN_POINT ( 'NONE',  ( -2.999999999999982236, 5.250000000000009770, 2.000000000000000000 ) ) ;
#439 = ORIENTED_EDGE ( 'NONE', *, *, #2401, .F. ) ;
#440 = ORIENTED_EDGE ( 'NONE', *, *, #1952, .F. ) ;
#441 = CARTESIAN_POINT ( 'NONE',  ( -4.250000000000000000, 5.749999999999999112, 0.000000000000000000 ) ) ;
#442 = DIRECTION ( 'NONE',  ( 1.000000000000000000, 0.000000000000000000, 0.000000000000000000 ) ) ;
#443 = DIRECTION ( 'NONE',  ( -0.000000000000000000, -0.000000000000000000, 1.000000000000000000 ) ) ;
#444 = CARTESIAN_POINT ( 'NONE',  ( 3.500000000000019096, 5.749999999999999112, 0.000000000000000000 ) ) ;
#445 = VERTEX_POINT ( 'NONE', #1498 ) ;
#446 = DIRECTION ( 'NONE',  ( -0.000000000000000000, -0.000000000000000000, -1.000000000000000000 ) ) ;
#447 = SHAPE_DEFINITION_REPRESENTATION ( #615, #2327 ) ;
#448 = AXIS2_PLACEMENT_3D ( 'NONE', #2438, #24, #2398 ) ;
#449 = VERTEX_POINT ( 'NONE', #2528 ) ;
#450 = AXIS2_PLACEMENT_3D ( 'NONE', #501, #1307, #321 ) ;
#451 = EDGE_CURVE ( 'NONE', #2588, #963, #2306, .T. ) ;
#452 = ADVANCED_FACE ( 'NONE', ( #2539 ), #913, .F. ) ;
#453 = ORIENTED_EDGE ( 'NONE', *, *, #816, .T. ) ;
#454 = LINE ( 'NONE', #2448, #941 ) ;
#455 = VECTOR ( 'NONE', #1595, 1000.000000000000000 ) ;
#456 = CARTESIAN_POINT ( 'NONE',  ( -3.000000000000054623, -5.249999999999968026, 0.000000000000000000 ) ) ;
#457 = EDGE_CURVE ( 'NONE', #110, #2330, #1157, .T. ) ;
#458 = DIRECTION ( 'NONE',  ( 1.000000000000000000, -3.469446951953610639E-15, 0.000000000000000000 ) ) ;
#459 = ORIENTED_EDGE ( 'NONE', *, *, #1036, .F. ) ;
#460 = VECTOR ( 'NONE', #1652, 1000.000000000000000 ) ;
#461 = EDGE_CURVE ( 'NONE', #1371, #110, #2018, .T. ) ;
#462 = DIRECTION ( 'NONE',  ( -0.000000000000000000, -0.000000000000000000, -1.000000000000000000 ) ) ;
#463 = ORIENTED_EDGE ( 'NONE', *, *, #1393, .F. ) ;
#464 = CARTESIAN_POINT ( 'NONE',  ( 5.249999999999995559, -0.5000000000000367484, 2.000000000000000000 ) ) ;
#465 = ORIENTED_EDGE ( 'NONE', *, *, #289, .T. ) ;
#466 = ORIENTED_EDGE ( 'NONE', *, *, #2014, .T. ) ;
#467 = DIRECTION ( 'NONE',  ( -1.000000000000000000, 0.000000000000000000, 0.000000000000000000 ) ) ;
#468 = PLANE ( 'NONE',  #732 ) ;
#469 = CARTESIAN_POINT ( 'NONE',  ( -2.500000000000014655, 1.517883041479713781E-14, 2.000000000000000000 ) ) ;
#470 = PLANE ( 'NONE',  #267 ) ;
#471 = VERTEX_POINT ( 'NONE', #653 ) ;
#472 = CIRCLE ( 'NONE', #726, 0.2999999999999999334 ) ;
#473 = DIRECTION ( 'NONE',  ( 1.000000000000000000, 0.000000000000000000, 0.000000000000000000 ) ) ;
#474 = DIRECTION ( 'NONE',  ( 1.000000000000000000, -6.071532165918819308E-15, 0.000000000000000000 ) ) ;
#475 = VECTOR ( 'NONE', #949, 1000.000000000000000 ) ;
#476 = EDGE_LOOP ( 'NONE', ( #1814, #1867, #118, #1339 ) ) ;
#477 = EDGE_CURVE ( 'NONE', #505, #1124, #1800, .T. ) ;
#478 = ORIENTED_EDGE ( 'NONE', *, *, #1004, .T. ) ;
#479 = DIRECTION ( 'NONE',  ( 0.000000000000000000, 0.000000000000000000, 1.000000000000000000 ) ) ;
#480 = CARTESIAN_POINT ( 'NONE',  ( 2.899999999999999911, 0.000000000000000000, 8.800000000000000711 ) ) ;
#481 = DIRECTION ( 'NONE',  ( -3.252606517456510147E-15, -1.000000000000000000, 0.000000000000000000 ) ) ;
#482 = DIRECTION ( 'NONE',  ( 0.000000000000000000, -1.000000000000000000, 0.000000000000000000 ) ) ;
#483 = ORIENTED_EDGE ( 'NONE', *, *, #383, .F. ) ;
#484 = ADVANCED_FACE ( 'NONE', ( #1597 ), #2415, .T. ) ;
#485 = CARTESIAN_POINT ( 'NONE',  ( 2.385244779468121114E-14, 2.500000000000014211, 0.000000000000000000 ) ) ;
#486 = VERTEX_POINT ( 'NONE', #628 ) ;
#487 = FACE_OUTER_BOUND ( 'NONE', #2021, .T. ) ;
#488 = EDGE_CURVE ( 'NONE', #2104, #315, #437, .T. ) ;
#489 = ORIENTED_EDGE ( 'NONE', *, *, #957, .F. ) ;
#490 = EDGE_LOOP ( 'NONE', ( #691, #2292, #1512, #1039 ) ) ;
#491 = VERTEX_POINT ( 'NONE', #616 ) ;
#492 = CARTESIAN_POINT ( 'NONE',  ( -3.810000000000000053, -3.810000000000000053, -3.000000000000000000 ) ) ;
#493 = CARTESIAN_POINT ( 'NONE',  ( -4.110000000000000320, 3.810000000000000053, -3.000000000000000000 ) ) ;
#494 = DIRECTION ( 'NONE',  ( 1.000000000000000000, -6.722053469410121969E-15, 0.000000000000000000 ) ) ;
#495 = CARTESIAN_POINT ( 'NONE',  ( -5.250000000000000000, 2.500000000000000444, 2.000000000000000000 ) ) ;
#496 = AXIS2_PLACEMENT_3D ( 'NONE', #1148, #1186, #966 ) ;
#497 = ORIENTED_EDGE ( 'NONE', *, *, #2037, .F. ) ;
#498 = DIRECTION ( 'NONE',  ( -1.000000000000000000, 0.000000000000000000, 0.000000000000000000 ) ) ;
#499 = DIRECTION ( 'NONE',  ( -0.000000000000000000, -0.000000000000000000, 1.000000000000000000 ) ) ;
#500 = AXIS2_PLACEMENT_3D ( 'NONE', #597, #919, #1503 ) ;
#501 = CARTESIAN_POINT ( 'NONE',  ( 0.000000000000000000, 5.749999999999999112, 2.000000000000000000 ) ) ;
#502 = DIRECTION ( 'NONE',  ( -0.000000000000000000, -0.000000000000000000, -1.000000000000000000 ) ) ;
#503 = VERTEX_POINT ( 'NONE', #2030 ) ;
#504 = ORIENTED_EDGE ( 'NONE', *, *, #1090, .F. ) ;
#505 = VERTEX_POINT ( 'NONE', #244 ) ;
#506 = ADVANCED_FACE ( 'NONE', ( #2444 ), #1047, .F. ) ;
#507 = CARTESIAN_POINT ( 'NONE',  ( -4.250000000000000000, -5.750000000000000888, 2.000000000000000000 ) ) ;
#508 = CARTESIAN_POINT ( 'NONE',  ( 3.499999999999943601, -5.250000000000034639, 2.000000000000000000 ) ) ;
#509 = VERTEX_POINT ( 'NONE', #1189 ) ;
#510 = DIRECTION ( 'NONE',  ( -0.000000000000000000, 0.000000000000000000, 1.000000000000000000 ) ) ;
#511 = LINE ( 'NONE', #1607, #417 ) ;
#512 = ADVANCED_FACE ( 'NONE', ( #639 ), #2605, .F. ) ;
#513 = CARTESIAN_POINT ( 'NONE',  ( 3.810000000000000053, 3.810000000000000053, -3.000000000000000000 ) ) ;
#514 = VECTOR ( 'NONE', #2585, 1000.000000000000000 ) ;
#515 = VERTEX_POINT ( 'NONE', #232 ) ;
#516 = CIRCLE ( 'NONE', #2411, 1.499999999999999556 ) ;
#517 = AXIS2_PLACEMENT_3D ( 'NONE', #2379, #2168, #384 ) ;
#518 = VECTOR ( 'NONE', #213, 1000.000000000000000 ) ;
#519 = ORIENTED_EDGE ( 'NONE', *, *, #1227, .T. ) ;
#520 = ORIENTED_EDGE ( 'NONE', *, *, #1928, .F. ) ;
#521 = CARTESIAN_POINT ( 'NONE',  ( 2.500000000000005329, -6.505213034913034493E-15, 2.000000000000000000 ) ) ;
#522 = AXIS2_PLACEMENT_3D ( 'NONE', #115, #702, #2095 ) ;
#523 = LINE ( 'NONE', #914, #1777 ) ;
#524 = DIRECTION ( 'NONE',  ( 1.000000000000000000, 0.000000000000000000, 0.000000000000000000 ) ) ;
#525 = ORIENTED_EDGE ( 'NONE', *, *, #813, .F. ) ;
#526 = CARTESIAN_POINT ( 'NONE',  ( -5.750000000000000000, -3.499999999999999556, 2.000000000000000000 ) ) ;
#527 = FACE_OUTER_BOUND ( 'NONE', #1453, .T. ) ;
#528 = ORIENTED_EDGE ( 'NONE', *, *, #2178, .F. ) ;
#529 = DIRECTION ( 'NONE',  ( -0.000000000000000000, 0.000000000000000000, 1.000000000000000000 ) ) ;
#530 = CIRCLE ( 'NONE', #448, 0.5000000000000004441 ) ;
#531 = EDGE_LOOP ( 'NONE', ( #483, #1664, #2478, #26 ) ) ;
#532 = EDGE_LOOP ( 'NONE', ( #2524, #401, #1957, #1222 ) ) ;
#533 = ORIENTED_EDGE ( 'NONE', *, *, #1690, .F. ) ;
#534 = LINE ( 'NONE', #521, #1007 ) ;
#535 = EDGE_CURVE ( 'NONE', #1528, #1241, #1397, .T. ) ;
#536 = ADVANCED_FACE ( 'NONE', ( #1635 ), #1995, .T. ) ;
#537 = EDGE_CURVE ( 'NONE', #989, #388, #1033, .T. ) ;
#538 = VERTEX_POINT ( 'NONE', #1589 ) ;
#539 = DIRECTION ( 'NONE',  ( -1.000000000000000000, 0.000000000000000000, 0.000000000000000000 ) ) ;
#540 = CARTESIAN_POINT ( 'NONE',  ( -5.505206342673671476E-14, -5.249999999999998224, 0.000000000000000000 ) ) ;
#541 = VECTOR ( 'NONE', #598, 1000.000000000000000 ) ;
#542 = PLANE ( 'NONE',  #1966 ) ;
#543 = DIRECTION ( 'NONE',  ( -0.000000000000000000, -0.000000000000000000, -1.000000000000000000 ) ) ;
#544 = ADVANCED_FACE ( 'NONE', ( #27 ), #2208, .F. ) ;
#545 = DIRECTION ( 'NONE',  ( -0.000000000000000000, 0.000000000000000000, 1.000000000000000000 ) ) ;
#546 = CIRCLE ( 'NONE', #212, 2.899999999999999911 ) ;
#547 = DIRECTION ( 'NONE',  ( -0.000000000000000000, -0.000000000000000000, -1.000000000000000000 ) ) ;
#548 = ORIENTED_EDGE ( 'NONE', *, *, #2282, .F. ) ;
#549 = DIRECTION ( 'NONE',  ( -1.000000000000000000, 0.000000000000000000, 0.000000000000000000 ) ) ;
#550 = ADVANCED_FACE ( 'NONE', ( #1789 ), #827, .F. ) ;
#551 = AXIS2_PLACEMENT_3D ( 'NONE', #2105, #1940, #1860 ) ;
#552 = ORIENTED_EDGE ( 'NONE', *, *, #2483, .T. ) ;
#553 = ORIENTED_EDGE ( 'NONE', *, *, #112, .T. ) ;
#554 = DIRECTION ( 'NONE',  ( -1.000000000000000000, 6.071532165918819308E-15, 0.000000000000000000 ) ) ;
#555 = EDGE_LOOP ( 'NONE', ( #1535, #2066, #1214, #1708 ) ) ;
#556 = CARTESIAN_POINT ( 'NONE',  ( 4.250000000000000000, -4.250000000000000000, 0.000000000000000000 ) ) ;
#557 = DIRECTION ( 'NONE',  ( -0.000000000000000000, -0.000000000000000000, 1.000000000000000000 ) ) ;
#558 = LINE ( 'NONE', #1149, #2120 ) ;
#559 = ORIENTED_EDGE ( 'NONE', *, *, #190, .T. ) ;
#560 = FACE_OUTER_BOUND ( 'NONE', #1191, .T. ) ;
#561 = COLOUR_RGB ( '',0.7921568627450980005, 0.8196078431372548767, 0.9333333333333333481 ) ;
#562 = ORIENTED_EDGE ( 'NONE', *, *, #1604, .T. ) ;
#563 = LINE ( 'NONE', #1362, #2412 ) ;
#564 = DIRECTION ( 'NONE',  ( -2.602085213965208275E-15, -1.000000000000000000, 0.000000000000000000 ) ) ;
#565 = AXIS2_PLACEMENT_3D ( 'NONE', #2012, #1025, #2392 ) ;
#566 = CIRCLE ( 'NONE', #2193, 0.5000000000000013323 ) ;
#567 = EDGE_CURVE ( 'NONE', #300, #234, #603, .T. ) ;
#568 = VERTEX_POINT ( 'NONE', #1421 ) ;
#569 = CARTESIAN_POINT ( 'NONE',  ( -5.400000000000000355, 6.613092715395707467E-16, 8.803305772578518429 ) ) ;
#570 = DIRECTION ( 'NONE',  ( 1.000000000000000000, 0.000000000000000000, 0.000000000000000000 ) ) ;
#571 = EDGE_CURVE ( 'NONE', #1691, #187, #776, .T. ) ;
#572 = DIRECTION ( 'NONE',  ( -0.000000000000000000, 0.000000000000000000, 1.000000000000000000 ) ) ;
#573 = EDGE_LOOP ( 'NONE', ( #2493, #2005, #1938, #1338 ) ) ;
#574 = FACE_OUTER_BOUND ( 'NONE', #737, .T. ) ;
#575 = ADVANCED_FACE ( 'NONE', ( #1095 ), #1308, .T. ) ;
#576 = ORIENTED_EDGE ( 'NONE', *, *, #567, .T. ) ;
#577 = DIRECTION ( 'NONE',  ( -0.000000000000000000, -0.000000000000000000, -1.000000000000000000 ) ) ;
#578 = CARTESIAN_POINT ( 'NONE',  ( -3.810000000000000053, 3.810000000000000053, 0.000000000000000000 ) ) ;
#579 = CYLINDRICAL_SURFACE ( 'NONE', #1758, 0.5000000000000013323 ) ;
#580 = ORIENTED_EDGE ( 'NONE', *, *, #2383, .F. ) ;
#581 = CARTESIAN_POINT ( 'NONE',  ( -5.750000000000000000, -2.500000000000000444, 2.000000000000000000 ) ) ;
#582 = VECTOR ( 'NONE', #177, 1000.000000000000000 ) ;
#583 = LINE ( 'NONE', #1394, #868 ) ;
#584 =( NAMED_UNIT ( * ) SI_UNIT ( $, .STERADIAN. ) SOLID_ANGLE_UNIT ( ) );
#585 = DIRECTION ( 'NONE',  ( 1.000000000000000000, 0.000000000000000000, 0.000000000000000000 ) ) ;
#586 = ORIENTED_EDGE ( 'NONE', *, *, #2234, .F. ) ;
#587 = AXIS2_PLACEMENT_3D ( 'NONE', #2561, #1369, #823 ) ;
#588 = CARTESIAN_POINT ( 'NONE',  ( 5.249999999999976019, -3.500000000000036859, 0.000000000000000000 ) ) ;
#589 = VERTEX_POINT ( 'NONE', #689 ) ;
#590 = DIRECTION ( 'NONE',  ( -0.000000000000000000, -0.000000000000000000, -1.000000000000000000 ) ) ;
#591 = VECTOR ( 'NONE', #320, 1000.000000000000000 ) ;
#592 = DIRECTION ( 'NONE',  ( -0.000000000000000000, -0.000000000000000000, -1.000000000000000000 ) ) ;
#593 = AXIS2_PLACEMENT_3D ( 'NONE', #861, #1245, #2065 ) ;
#594 = CARTESIAN_POINT ( 'NONE',  ( 4.824339303528179634, -4.824339303528178746, 2.000000000000000000 ) ) ;
#595 = ORIENTED_EDGE ( 'NONE', *, *, #1199, .T. ) ;
#596 = LINE ( 'NONE', #1198, #518 ) ;
#597 = CARTESIAN_POINT ( 'NONE',  ( 0.000000000000000000, -5.750000000000000888, 2.000000000000000000 ) ) ;
#598 = DIRECTION ( 'NONE',  ( 1.000000000000000000, 2.168404344971006649E-16, 0.000000000000000000 ) ) ;
#599 = FILL_AREA_STYLE ('',( #1785 ) ) ;
#600 = CARTESIAN_POINT ( 'NONE',  ( 4.824339303528179634, -4.824339303528178746, 0.000000000000000000 ) ) ;
#601 = EDGE_CURVE ( 'NONE', #1309, #1342, #1870, .T. ) ;
#602 = ORIENTED_EDGE ( 'NONE', *, *, #1618, .F. ) ;
#603 = LINE ( 'NONE', #1611, #1646 ) ;
#604 = EDGE_LOOP ( 'NONE', ( #693, #1034, #1883, #1083 ) ) ;
#605 = PLANE ( 'NONE',  #2231 ) ;
#606 = EDGE_CURVE ( 'NONE', #2305, #734, #1492, .T. ) ;
#607 = AXIS2_PLACEMENT_3D ( 'NONE', #1603, #592, #1960 ) ;
#608 = CARTESIAN_POINT ( 'NONE',  ( -4.250000000000000000, -5.750000000000000888, 2.000000000000000000 ) ) ;
#609 = VECTOR ( 'NONE', #1501, 1000.000000000000000 ) ;
#610 = VECTOR ( 'NONE', #1388, 1000.000000000000000 ) ;
#611 = FACE_OUTER_BOUND ( 'NONE', #531, .T. ) ;
#612 = CARTESIAN_POINT ( 'NONE',  ( 3.500000000000000000, -1.214306433183763704E-14, 0.000000000000000000 ) ) ;
#613 = AXIS2_PLACEMENT_3D ( 'NONE', #403, #818, #1207 ) ;
#614 = ORIENTED_EDGE ( 'NONE', *, *, #1578, .F. ) ;
#615 = PRODUCT_DEFINITION_SHAPE ( 'NONE', 'NONE',  #1606 ) ;
#616 = CARTESIAN_POINT ( 'NONE',  ( 4.110000000000000320, -3.810000000000000053, -3.000000000000000000 ) ) ;
#617 =( NAMED_UNIT ( * ) SI_UNIT ( $, .STERADIAN. ) SOLID_ANGLE_UNIT ( ) );
#618 = EDGE_LOOP ( 'NONE', ( #2051, #2093 ) ) ;
#619 = LINE ( 'NONE', #1614, #1517 ) ;
#620 = DIRECTION ( 'NONE',  ( 1.000000000000000000, 0.000000000000000000, 0.000000000000000000 ) ) ;
#621 = AXIS2_PLACEMENT_3D ( 'NONE', #2562, #2136, #2311 ) ;
#622 = ADVANCED_FACE ( 'NONE', ( #1057, #2054, #856, #64, #2468, #2272 ), #1678, .F. ) ;
#623 = DIRECTION ( 'NONE',  ( 0.000000000000000000, -0.000000000000000000, -1.000000000000000000 ) ) ;
#624 = LINE ( 'NONE', #1830, #2040 ) ;
#625 = PRESENTATION_STYLE_ASSIGNMENT (( #195 ) ) ;
#626 = CARTESIAN_POINT ( 'NONE',  ( 5.250000000000020428, 2.999999999999963585, 0.000000000000000000 ) ) ;
#627 = ORIENTED_EDGE ( 'NONE', *, *, #1200, .T. ) ;
#628 = CARTESIAN_POINT ( 'NONE',  ( -5.249999999999999112, 0.5000000000000001110, 0.000000000000000000 ) ) ;
#629 = ADVANCED_FACE ( 'NONE', ( #310 ), #2300, .T. ) ;
#630 = EDGE_LOOP ( 'NONE', ( #1464, #1848, #933, #1738 ) ) ;
#631 = DIRECTION ( 'NONE',  ( -0.000000000000000000, -0.000000000000000000, -1.000000000000000000 ) ) ;
#632 = CIRCLE ( 'NONE', #2351, 0.4999999999999987232 ) ;
#633 = CARTESIAN_POINT ( 'NONE',  ( -5.750000000000000000, -2.500000000000000444, 0.000000000000000000 ) ) ;
#634 = DIRECTION ( 'NONE',  ( -0.000000000000000000, 0.000000000000000000, 1.000000000000000000 ) ) ;
#635 = DIRECTION ( 'NONE',  ( -1.000000000000000000, 6.722053469410121969E-15, 0.000000000000000000 ) ) ;
#636 = ORIENTED_EDGE ( 'NONE', *, *, #1769, .F. ) ;
#637 = DIRECTION ( 'NONE',  ( -1.000000000000000000, 0.000000000000000000, 0.000000000000000000 ) ) ;
#638 = VERTEX_POINT ( 'NONE', #1071 ) ;
#639 = FACE_OUTER_BOUND ( 'NONE', #2023, .T. ) ;
#640 = ORIENTED_EDGE ( 'NONE', *, *, #1390, .F. ) ;
#641 = CARTESIAN_POINT ( 'NONE',  ( -5.750000000000000000, 3.500000000000000000, 2.000000000000000000 ) ) ;
#642 = ORIENTED_EDGE ( 'NONE', *, *, #106, .F. ) ;
#643 = DIRECTION ( 'NONE',  ( -0.000000000000000000, -0.000000000000000000, -1.000000000000000000 ) ) ;
#644 = CARTESIAN_POINT ( 'NONE',  ( 4.110000000000000320, 3.810000000000000053, 0.000000000000000000 ) ) ;
#645 = CIRCLE ( 'NONE', #1562, 0.5000000000000013323 ) ;
#646 = FACE_OUTER_BOUND ( 'NONE', #630, .T. ) ;
#647 = AXIS2_PLACEMENT_3D ( 'NONE', #2338, #111, #1704 ) ;
#648 = DIRECTION ( 'NONE',  ( 1.040834085586083310E-14, 1.000000000000000000, 0.000000000000000000 ) ) ;
#649 = CIRCLE ( 'NONE', #1602, 0.4999999999999987232 ) ;
#650 = AXIS2_PLACEMENT_3D ( 'NONE', #748, #1538, #1130 ) ;
#651 = EDGE_LOOP ( 'NONE', ( #917, #975, #1497, #1734 ) ) ;
#652 = AXIS2_PLACEMENT_3D ( 'NONE', #2454, #2006, #1446 ) ;
#653 = CARTESIAN_POINT ( 'NONE',  ( 5.750000000000000000, 2.499999999999962252, 2.000000000000000000 ) ) ;
#654 = EDGE_CURVE ( 'NONE', #2413, #2196, #2494, .T. ) ;
#655 = ADVANCED_FACE ( 'NONE', ( #487 ), #865, .F. ) ;
#656 = EDGE_CURVE ( 'NONE', #804, #1242, #1733, .T. ) ;
#657 = ORIENTED_EDGE ( 'NONE', *, *, #1766, .F. ) ;
#658 = EDGE_CURVE ( 'NONE', #323, #174, #676, .T. ) ;
#659 = EDGE_LOOP ( 'NONE', ( #206, #778, #1934, #351 ) ) ;
#660 = CARTESIAN_POINT ( 'NONE',  ( -2.500000000000014655, 1.517883041479713781E-14, 2.000000000000000000 ) ) ;
#661 = CARTESIAN_POINT ( 'NONE',  ( 0.000000000000000000, 2.900000000000000799, 2.000000000000000000 ) ) ;
#662 = DIRECTION ( 'NONE',  ( 1.000000000000000000, 0.000000000000000000, 0.000000000000000000 ) ) ;
#663 = CARTESIAN_POINT ( 'NONE',  ( -3.500000000000055067, -5.249999999999962697, 2.000000000000000000 ) ) ;
#664 = ORIENTED_EDGE ( 'NONE', *, *, #1653, .T. ) ;
#665 = CARTESIAN_POINT ( 'NONE',  ( 0.000000000000000000, 0.000000000000000000, 0.000000000000000000 ) ) ;
#666 = APPLICATION_PROTOCOL_DEFINITION ( 'draft international standard', 'automotive_design', 1998, #2137 ) ;
#667 = CIRCLE ( 'NONE', #70, 0.4999999999999995559 ) ;
#668 = ORIENTED_EDGE ( 'NONE', *, *, #2144, .F. ) ;
#669 = ORIENTED_EDGE ( 'NONE', *, *, #2495, .T. ) ;
#670 = CARTESIAN_POINT ( 'NONE',  ( 2.999999999999945377, -5.250000000000030198, 0.000000000000000000 ) ) ;
#671 = VECTOR ( 'NONE', #1113, 1000.000000000000000 ) ;
#672 = DIRECTION ( 'NONE',  ( -0.000000000000000000, 0.000000000000000000, 1.000000000000000000 ) ) ;
#673 = CARTESIAN_POINT ( 'NONE',  ( 0.5000000000000014433, -1.626303258728259806E-15, 2.000000000000000000 ) ) ;
#674 = AXIS2_PLACEMENT_3D ( 'NONE', #1120, #2119, #123 ) ;
#675 = EDGE_LOOP ( 'NONE', ( #1181, #1091, #84, #1303 ) ) ;
#676 = LINE ( 'NONE', #2521, #2416 ) ;
#677 = EDGE_CURVE ( 'NONE', #471, #179, #714, .T. ) ;
#678 = VERTEX_POINT ( 'NONE', #1251 ) ;
#679 = VERTEX_POINT ( 'NONE', #2070 ) ;
#680 = DIRECTION ( 'NONE',  ( 1.000000000000000000, 0.000000000000000000, 0.000000000000000000 ) ) ;
#681 = CARTESIAN_POINT ( 'NONE',  ( 5.249999999999999112, -3.672178639781026149E-14, 0.000000000000000000 ) ) ;
#682 = EDGE_CURVE ( 'NONE', #505, #275, #2079, .T. ) ;
#683 = CARTESIAN_POINT ( 'NONE',  ( -5.249999999999999112, -0.4999999999999998890, 0.000000000000000000 ) ) ;
#684 = DIRECTION ( 'NONE',  ( 0.000000000000000000, 1.000000000000000000, -0.000000000000000000 ) ) ;
#685 = EDGE_LOOP ( 'NONE', ( #2399, #2464, #1852, #1827 ) ) ;
#686 = CARTESIAN_POINT ( 'NONE',  ( 4.110000000000000320, -3.810000000000000053, -3.000000000000000000 ) ) ;
#687 = VECTOR ( 'NONE', #2376, 1000.000000000000000 ) ;
#688 = ORIENTED_EDGE ( 'NONE', *, *, #36, .T. ) ;
#689 = CARTESIAN_POINT ( 'NONE',  ( -4.110000000000000320, 3.810000000000000053, -3.000000000000000000 ) ) ;
#690 = VECTOR ( 'NONE', #1583, 1000.000000000000000 ) ;
#691 = ORIENTED_EDGE ( 'NONE', *, *, #1931, .F. ) ;
#692 = ORIENTED_EDGE ( 'NONE', *, *, #2610, .T. ) ;
#693 = ORIENTED_EDGE ( 'NONE', *, *, #1540, .F. ) ;
#694 = DIRECTION ( 'NONE',  ( -0.000000000000000000, 0.000000000000000000, 1.000000000000000000 ) ) ;
#695 = DIRECTION ( 'NONE',  ( -0.000000000000000000, 0.000000000000000000, 1.000000000000000000 ) ) ;
#696 = LINE ( 'NONE', #1262, #131 ) ;
#697 = ADVANCED_FACE ( 'NONE', ( #1887 ), #1467, .T. ) ;
#698 = LINE ( 'NONE', #2296, #2101 ) ;
#699 = EDGE_LOOP ( 'NONE', ( #1835, #909, #2545, #2214, #1183, #270, #132, #453, #414, #2500, #688, #2271, #2536, #2375, #372, #754, #1358, #1742, #2129, #1533, #716, #2221, #2325, #1908, #2289, #692, #1423, #283, #2554, #1254, #533, #1846, #1505, #504, #1630, #1167, #562, #209, #1711, #552, #312, #888, #1682, #955, #911, #1032, #2551, #1776, #1716, #787, #14, #2527, #1077, #489, #2248, #2537, #1658, #46, #1610 ) ) ;
#700 = CARTESIAN_POINT ( 'NONE',  ( 0.000000000000000000, 0.000000000000000000, 2.000000000000000000 ) ) ;
#701 = VERTEX_POINT ( 'NONE', #1695 ) ;
#702 = DIRECTION ( 'NONE',  ( -0.000000000000000000, -0.000000000000000000, 1.000000000000000000 ) ) ;
#703 = VERTEX_POINT ( 'NONE', #1080 ) ;
#704 = ORIENTED_EDGE ( 'NONE', *, *, #13, .F. ) ;
#705 = ORIENTED_EDGE ( 'NONE', *, *, #606, .F. ) ;
#706 = DIRECTION ( 'NONE',  ( 0.000000000000000000, -0.000000000000000000, -1.000000000000000000 ) ) ;
#707 = CARTESIAN_POINT ( 'NONE',  ( 4.749999999999999112, -3.672178639781026149E-14, 2.000000000000000000 ) ) ;
#708 = CARTESIAN_POINT ( 'NONE',  ( -3.810000000000000053, -3.810000000000000053, -3.000000000000000000 ) ) ;
#709 = ORIENTED_EDGE ( 'NONE', *, *, #1763, .T. ) ;
#710 = LINE ( 'NONE', #361, #1774 ) ;
#711 = CARTESIAN_POINT ( 'NONE',  ( -0.4999999999999807376, 5.749999999999999112, 2.000000000000000000 ) ) ;
#712 = CIRCLE ( 'NONE', #2439, 0.2999999999999999334 ) ;
#713 = ORIENTED_EDGE ( 'NONE', *, *, #185, .T. ) ;
#714 = LINE ( 'NONE', #1506, #205 ) ;
#715 = VECTOR ( 'NONE', #259, 1000.000000000000000 ) ;
#716 = ORIENTED_EDGE ( 'NONE', *, *, #66, .T. ) ;
#717 = EDGE_LOOP ( 'NONE', ( #1098, #1975, #1468, #1381 ) ) ;
#718 = ORIENTED_EDGE ( 'NONE', *, *, #2124, .T. ) ;
#719 = DIRECTION ( 'NONE',  ( 0.000000000000000000, 0.000000000000000000, 1.000000000000000000 ) ) ;
#720 = PLANE ( 'NONE',  #1440 ) ;
#721 = ORIENTED_EDGE ( 'NONE', *, *, #1879, .T. ) ;
#722 = DIRECTION ( 'NONE',  ( -0.000000000000000000, 0.000000000000000000, 1.000000000000000000 ) ) ;
#723 = CARTESIAN_POINT ( 'NONE',  ( -5.249999999999999112, -0.4999999999999998890, 2.000000000000000000 ) ) ;
#724 = ORIENTED_EDGE ( 'NONE', *, *, #816, .F. ) ;
#725 = CARTESIAN_POINT ( 'NONE',  ( -1.084202172485505913E-16, 0.5000000000000012212, 2.000000000000000000 ) ) ;
#726 = AXIS2_PLACEMENT_3D ( 'NONE', #578, #408, #2198 ) ;
#727 = ORIENTED_EDGE ( 'NONE', *, *, #2124, .F. ) ;
#728 = EDGE_CURVE ( 'NONE', #1059, #1628, #2508, .T. ) ;
#729 =( GEOMETRIC_REPRESENTATION_CONTEXT ( 3 ) GLOBAL_UNCERTAINTY_ASSIGNED_CONTEXT ( ( #857 ) ) GLOBAL_UNIT_ASSIGNED_CONTEXT ( ( #2002, #2177, #584 ) ) REPRESENTATION_CONTEXT ( 'NONE', 'WORKASPACE' ) );
#730 = EDGE_CURVE ( 'NONE', #2413, #862, #336, .T. ) ;
#731 = CIRCLE ( 'NONE', #2322, 0.2999999999999999334 ) ;
#732 = AXIS2_PLACEMENT_3D ( 'NONE', #2280, #1269, #1661 ) ;
#733 = EDGE_CURVE ( 'NONE', #1419, #1466, #2427, .T. ) ;
#734 = VERTEX_POINT ( 'NONE', #1163 ) ;
#735 = VERTEX_POINT ( 'NONE', #1772 ) ;
#736 = DIRECTION ( 'NONE',  ( -1.000000000000000000, 0.000000000000000000, 0.000000000000000000 ) ) ;
#737 = EDGE_LOOP ( 'NONE', ( #2428, #586, #1455, #1508 ) ) ;
#738 = CARTESIAN_POINT ( 'NONE',  ( 3.499999999999980016, -2.428612866367513524E-14, 2.000000000000000000 ) ) ;
#739 = CARTESIAN_POINT ( 'NONE',  ( -5.750000000000000000, -4.250000000000000000, 0.000000000000000000 ) ) ;
#740 = CARTESIAN_POINT ( 'NONE',  ( -3.810000000000000053, 3.810000000000000053, -3.000000000000000000 ) ) ;
#741 = VERTEX_POINT ( 'NONE', #2331 ) ;
#742 = CYLINDRICAL_SURFACE ( 'NONE', #329, 0.2999999999999999334 ) ;
#743 = VERTEX_POINT ( 'NONE', #322 ) ;
#744 = CARTESIAN_POINT ( 'NONE',  ( 5.750000000000000000, 4.249999999999998224, 2.000000000000000000 ) ) ;
#745 = ORIENTED_EDGE ( 'NONE', *, *, #451, .T. ) ;
#746 = ORIENTED_EDGE ( 'NONE', *, *, #2435, .F. ) ;
#747 = CARTESIAN_POINT ( 'NONE',  ( -2.500000000000005773, 2.385244779468112910E-14, 0.000000000000000000 ) ) ;
#748 = CARTESIAN_POINT ( 'NONE',  ( 5.750000000000000000, 0.000000000000000000, 2.000000000000000000 ) ) ;
#749 = AXIS2_PLACEMENT_3D ( 'NONE', #513, #1560, #570 ) ;
#750 = ORIENTED_EDGE ( 'NONE', *, *, #407, .F. ) ;
#751 = DIRECTION ( 'NONE',  ( -0.000000000000000000, -0.000000000000000000, 1.000000000000000000 ) ) ;
#752 = DIRECTION ( 'NONE',  ( -0.000000000000000000, -0.000000000000000000, -1.000000000000000000 ) ) ;
#753 = LINE ( 'NONE', #725, #202 ) ;
#754 = ORIENTED_EDGE ( 'NONE', *, *, #962, .T. ) ;
#755 = DIRECTION ( 'NONE',  ( 1.301042606982604059E-14, 1.000000000000000000, 0.000000000000000000 ) ) ;
#756 = EDGE_CURVE ( 'NONE', #1445, #1891, #1125, .T. ) ;
#757 = VECTOR ( 'NONE', #481, 1000.000000000000000 ) ;
#758 = EDGE_LOOP ( 'NONE', ( #116, #1250, #640, #231 ) ) ;
#759 = LINE ( 'NONE', #887, #2542 ) ;
#760 = DIRECTION ( 'NONE',  ( 0.000000000000000000, 0.000000000000000000, 1.000000000000000000 ) ) ;
#761 = EDGE_CURVE ( 'NONE', #1600, #290, #2163, .T. ) ;
#762 = EDGE_LOOP ( 'NONE', ( #1888, #858, #1400, #1970 ) ) ;
#763 = ADVANCED_FACE ( 'NONE', ( #1760 ), #742, .T. ) ;
#764 = EDGE_CURVE ( 'NONE', #1642, #143, #954, .T. ) ;
#765 = CARTESIAN_POINT ( 'NONE',  ( 3.361026734705051124E-15, 0.4999999999999985012, 2.000000000000000000 ) ) ;
#766 = CARTESIAN_POINT ( 'NONE',  ( 2.499999999999946265, -5.250000000000024869, 0.000000000000000000 ) ) ;
#767 = DIRECTION ( 'NONE',  ( -0.000000000000000000, -0.000000000000000000, 1.000000000000000000 ) ) ;
#768 = EDGE_LOOP ( 'NONE', ( #1877, #2130, #1571, #478 ) ) ;
#769 = DIRECTION ( 'NONE',  ( 0.000000000000000000, 0.000000000000000000, 1.000000000000000000 ) ) ;
#770 = AXIS2_PLACEMENT_3D ( 'NONE', #2380, #1364, #18 ) ;
#771 = ORIENTED_EDGE ( 'NONE', *, *, #2034, .F. ) ;
#772 = LINE ( 'NONE', #1022, #610 ) ;
#773 = VECTOR ( 'NONE', #1799, 1000.000000000000000 ) ;
#774 = CARTESIAN_POINT ( 'NONE',  ( 5.249999999999999112, -3.672178639781026149E-14, 2.000000000000000000 ) ) ;
#775 = AXIS2_PLACEMENT_3D ( 'NONE', #1937, #1911, #1713 ) ;
#776 = CIRCLE ( 'NONE', #522, 5.400000000000000355 ) ;
#777 = CARTESIAN_POINT ( 'NONE',  ( 3.000000000000017764, 5.249999999999990230, 2.000000000000000000 ) ) ;
#778 = ORIENTED_EDGE ( 'NONE', *, *, #298, .T. ) ;
#779 = CARTESIAN_POINT ( 'NONE',  ( 4.250000000000000000, -5.750000000000000888, 2.000000000000000000 ) ) ;
#780 = LINE ( 'NONE', #2397, #1667 ) ;
#781 = CARTESIAN_POINT ( 'NONE',  ( -5.750000000000000000, 2.500000000000000444, 2.000000000000000000 ) ) ;
#782 = ORIENTED_EDGE ( 'NONE', *, *, #733, .F. ) ;
#783 = CARTESIAN_POINT ( 'NONE',  ( 5.750000000000000000, -3.500000000000038636, 0.000000000000000000 ) ) ;
#784 = VERTEX_POINT ( 'NONE', #781 ) ;
#785 = LINE ( 'NONE', #1228, #1436 ) ;
#786 = CARTESIAN_POINT ( 'NONE',  ( 4.110000000000000320, 3.810000000000000053, -3.000000000000000000 ) ) ;
#787 = ORIENTED_EDGE ( 'NONE', *, *, #72, .F. ) ;
#788 = CARTESIAN_POINT ( 'NONE',  ( 5.750000000000000000, 0.000000000000000000, 2.000000000000000000 ) ) ;
#789 = AXIS2_PLACEMENT_3D ( 'NONE', #967, #1324, #2373 ) ;
#790 = PLANE ( 'NONE',  #500 ) ;
#791 = LINE ( 'NONE', #399, #1621 ) ;
#792 = SURFACE_STYLE_FILL_AREA ( #2016 ) ;
#793 = VECTOR ( 'NONE', #433, 1000.000000000000000 ) ;
#794 = ORIENTED_EDGE ( 'NONE', *, *, #677, .F. ) ;
#795 = CARTESIAN_POINT ( 'NONE',  ( 5.249999999999999112, -3.672178639781026149E-14, 2.000000000000000000 ) ) ;
#796 = EDGE_CURVE ( 'NONE', #2305, #2297, #667, .T. ) ;
#797 = VERTEX_POINT ( 'NONE', #1175 ) ;
#798 = CYLINDRICAL_SURFACE ( 'NONE', #148, 0.2999999999999999334 ) ;
#799 = AXIS2_PLACEMENT_3D ( 'NONE', #700, #499, #81 ) ;
#800 = CARTESIAN_POINT ( 'NONE',  ( 3.810000000000000053, 3.810000000000000053, -3.000000000000000000 ) ) ;
#801 = APPLICATION_CONTEXT ( 'automotive_design' ) ;
#802 = LINE ( 'NONE', #1633, #455 ) ;
#803 = DIRECTION ( 'NONE',  ( 0.000000000000000000, 1.000000000000000000, -0.000000000000000000 ) ) ;
#804 = VERTEX_POINT ( 'NONE', #927 ) ;
#805 = DIRECTION ( 'NONE',  ( 0.000000000000000000, 1.000000000000000000, -0.000000000000000000 ) ) ;
#806 = ADVANCED_FACE ( 'NONE', ( #1969 ), #2550, .T. ) ;
#807 = EDGE_CURVE ( 'NONE', #2278, #2467, #558, .T. ) ;
#808 = LINE ( 'NONE', #2022, #191 ) ;
#809 = ADVANCED_FACE ( 'NONE', ( #1532 ), #2125, .F. ) ;
#810 = AXIS2_PLACEMENT_3D ( 'NONE', #1158, #1753, #104 ) ;
#811 = DIRECTION ( 'NONE',  ( 0.000000000000000000, -1.000000000000000000, 0.000000000000000000 ) ) ;
#812 = CIRCLE ( 'NONE', #1515, 1.499999999999999556 ) ;
#813 = EDGE_CURVE ( 'NONE', #862, #1600, #1705, .T. ) ;
#814 = FACE_OUTER_BOUND ( 'NONE', #1721, .T. ) ;
#815 = AXIS2_PLACEMENT_3D ( 'NONE', #39, #1215, #1410 ) ;
#816 = EDGE_CURVE ( 'NONE', #679, #2467, #153, .T. ) ;
#817 = VERTEX_POINT ( 'NONE', #979 ) ;
#818 = DIRECTION ( 'NONE',  ( 0.000000000000000000, 0.000000000000000000, 1.000000000000000000 ) ) ;
#819 = ORIENTED_EDGE ( 'NONE', *, *, #1927, .F. ) ;
#820 = FACE_OUTER_BOUND ( 'NONE', #555, .T. ) ;
#821 = LINE ( 'NONE', #2035, #1849 ) ;
#822 = LINE ( 'NONE', #1415, #1027 ) ;
#823 = DIRECTION ( 'NONE',  ( 1.000000000000000000, 0.000000000000000000, 0.000000000000000000 ) ) ;
#824 = ORIENTED_EDGE ( 'NONE', *, *, #324, .T. ) ;
#825 = CARTESIAN_POINT ( 'NONE',  ( 4.250000000000000000, 4.249999999999998224, 2.000000000000000000 ) ) ;
#826 = ORIENTED_EDGE ( 'NONE', *, *, #2405, .T. ) ;
#827 = CYLINDRICAL_SURFACE ( 'NONE', #1566, 0.5000000000000004441 ) ;
#828 = AXIS2_PLACEMENT_3D ( 'NONE', #1978, #1559, #152 ) ;
#829 = ORIENTED_EDGE ( 'NONE', *, *, #2403, .F. ) ;
#830 = UNCERTAINTY_MEASURE_WITH_UNIT (LENGTH_MEASURE( 1.000000000000000082E-05 ), #1408, 'distance_accuracy_value', 'NONE');
#831 = DIRECTION ( 'NONE',  ( -0.000000000000000000, -0.000000000000000000, -1.000000000000000000 ) ) ;
#832 = VECTOR ( 'NONE', #938, 1000.000000000000000 ) ;
#833 = ORIENTED_EDGE ( 'NONE', *, *, #2437, .F. ) ;
#834 = DIRECTION ( 'NONE',  ( 1.000000000000000000, 3.469446951953610639E-15, 0.000000000000000000 ) ) ;
#835 = DIRECTION ( 'NONE',  ( 1.000000000000000000, 0.000000000000000000, 0.000000000000000000 ) ) ;
#836 = VECTOR ( 'NONE', #1447, 1000.000000000000000 ) ;
#837 = EDGE_CURVE ( 'NONE', #2232, #1059, #1212, .T. ) ;
#838 = CARTESIAN_POINT ( 'NONE',  ( 5.249999999999983125, -2.500000000000037303, 0.000000000000000000 ) ) ;
#839 = EDGE_CURVE ( 'NONE', #58, #1697, #62, .T. ) ;
#840 = EDGE_CURVE ( 'NONE', #509, #2480, #753, .T. ) ;
#841 = ORIENTED_EDGE ( 'NONE', *, *, #383, .T. ) ;
#842 = DIRECTION ( 'NONE',  ( -0.000000000000000000, -0.000000000000000000, -1.000000000000000000 ) ) ;
#843 = ORIENTED_EDGE ( 'NONE', *, *, #1171, .F. ) ;
#844 = LINE ( 'NONE', #280, #2320 ) ;
#845 = LINE ( 'NONE', #1640, #836 ) ;
#846 = ORIENTED_EDGE ( 'NONE', *, *, #193, .T. ) ;
#847 = CARTESIAN_POINT ( 'NONE',  ( 1.839150936888381453E-14, 5.249999999999999112, 0.000000000000000000 ) ) ;
#848 = CARTESIAN_POINT ( 'NONE',  ( 5.750000000000000000, -4.250000000000000000, 0.000000000000000000 ) ) ;
#849 = VECTOR ( 'NONE', #304, 1000.000000000000000 ) ;
#850 = CARTESIAN_POINT ( 'NONE',  ( -5.249999999999999112, -3.000000000000000444, 2.000000000000000000 ) ) ;
#851 = CIRCLE ( 'NONE', #1981, 0.2999999999999999334 ) ;
#852 = VECTOR ( 'NONE', #1316, 1000.000000000000000 ) ;
#853 = VECTOR ( 'NONE', #2254, 1000.000000000000000 ) ;
#854 = CARTESIAN_POINT ( 'NONE',  ( 2.500000000000014211, -3.252606517456528448E-14, 2.000000000000000000 ) ) ;
#855 = ORIENTED_EDGE ( 'NONE', *, *, #1548, .T. ) ;
#856 = FACE_BOUND ( 'NONE', #279, .T. ) ;
#857 = UNCERTAINTY_MEASURE_WITH_UNIT (LENGTH_MEASURE( 1.000000000000000082E-05 ), #2002, 'distance_accuracy_value', 'NONE');
#858 = ORIENTED_EDGE ( 'NONE', *, *, #1889, .F. ) ;
#859 = CARTESIAN_POINT ( 'NONE',  ( -5.750000000000000000, 0.000000000000000000, 2.000000000000000000 ) ) ;
#860 = DIRECTION ( 'NONE',  ( -1.000000000000000000, 0.000000000000000000, 0.000000000000000000 ) ) ;
#861 = CARTESIAN_POINT ( 'NONE',  ( 4.824339303528179634, -4.824339303528178746, 2.000000000000000000 ) ) ;
#862 = VERTEX_POINT ( 'NONE', #1520 ) ;
#863 = EDGE_CURVE ( 'NONE', #963, #503, #2151, .T. ) ;
#864 = EDGE_LOOP ( 'NONE', ( #2083, #1858, #1021, #1396 ) ) ;
#865 = CYLINDRICAL_SURFACE ( 'NONE', #2064, 0.4999999999999995559 ) ;
#866 = EDGE_LOOP ( 'NONE', ( #2263, #282, #1824, #1748 ) ) ;
#867 = EDGE_CURVE ( 'NONE', #301, #2480, #530, .T. ) ;
#868 = VECTOR ( 'NONE', #1356, 1000.000000000000000 ) ;
#869 = EDGE_LOOP ( 'NONE', ( #1140, #627, #1351, #130 ) ) ;
#870 = FACE_OUTER_BOUND ( 'NONE', #2332, .T. ) ;
#871 = CIRCLE ( 'NONE', #968, 0.2999999999999999334 ) ;
#872 = CARTESIAN_POINT ( 'NONE',  ( 3.810000000000000053, -3.810000000000000053, 0.000000000000000000 ) ) ;
#873 = CARTESIAN_POINT ( 'NONE',  ( -3.810000000000000053, -3.810000000000000053, -3.000000000000000000 ) ) ;
#874 = DIRECTION ( 'NONE',  ( 9.540979117872429553E-15, 1.000000000000000000, 0.000000000000000000 ) ) ;
#875 = ORIENTED_EDGE ( 'NONE', *, *, #260, .F. ) ;
#876 = DIRECTION ( 'NONE',  ( 0.000000000000000000, 0.000000000000000000, -1.000000000000000000 ) ) ;
#877 = VERTEX_POINT ( 'NONE', #1806 ) ;
#878 = DIRECTION ( 'NONE',  ( 1.000000000000000000, 0.000000000000000000, 0.000000000000000000 ) ) ;
#879 = ORIENTED_EDGE ( 'NONE', *, *, #2316, .F. ) ;
#880 = MANIFOLD_SOLID_BREP ( 'Aufsatz-Linear austragen2', #1754 ) ;
#881 = ADVANCED_FACE ( 'NONE', ( #1608 ), #1203, .T. ) ;
#882 = ORIENTED_EDGE ( 'NONE', *, *, #112, .F. ) ;
#883 = VERTEX_POINT ( 'NONE', #1574 ) ;
#884 = PLANE ( 'NONE',  #2148 ) ;
#885 = PLANE ( 'NONE',  #2238 ) ;
#886 = CARTESIAN_POINT ( 'NONE',  ( 5.250000000000002665, 0.4999999999999632516, 0.000000000000000000 ) ) ;
#887 = CARTESIAN_POINT ( 'NONE',  ( 5.750000000000000000, 4.249999999999998224, 2.000000000000000000 ) ) ;
#888 = ORIENTED_EDGE ( 'NONE', *, *, #895, .F. ) ;
#889 = EDGE_CURVE ( 'NONE', #735, #1466, #1380, .T. ) ;
#890 = VECTOR ( 'NONE', #1187, 1000.000000000000000 ) ;
#891 = CARTESIAN_POINT ( 'NONE',  ( 3.810000000000000053, 3.810000000000000053, 0.000000000000000000 ) ) ;
#892 = DIRECTION ( 'NONE',  ( -1.000000000000000000, 0.000000000000000000, 0.000000000000000000 ) ) ;
#893 = DIRECTION ( 'NONE',  ( 0.000000000000000000, 0.000000000000000000, 1.000000000000000000 ) ) ;
#894 = AXIS2_PLACEMENT_3D ( 'NONE', #661, #2474, #2049 ) ;
#895 = EDGE_CURVE ( 'NONE', #234, #703, #2188, .T. ) ;
#896 = EDGE_LOOP ( 'NONE', ( #2008, #1145, #945, #5 ) ) ;
#897 = ORIENTED_EDGE ( 'NONE', *, *, #2234, .T. ) ;
#898 = ORIENTED_EDGE ( 'NONE', *, *, #1844, .T. ) ;
#899 = LINE ( 'NONE', #1537, #2611 ) ;
#900 = CARTESIAN_POINT ( 'NONE',  ( 0.000000000000000000, -5.750000000000000888, 2.000000000000000000 ) ) ;
#901 = PLANE ( 'NONE',  #2189 ) ;
#902 = DIRECTION ( 'NONE',  ( 1.000000000000000000, 0.000000000000000000, -0.000000000000000000 ) ) ;
#903 = DIRECTION ( 'NONE',  ( 0.000000000000000000, -0.000000000000000000, -1.000000000000000000 ) ) ;
#904 = ORIENTED_EDGE ( 'NONE', *, *, #1310, .T. ) ;
#905 = DIRECTION ( 'NONE',  ( 1.000000000000000000, 0.000000000000000000, 0.000000000000000000 ) ) ;
#906 = DIRECTION ( 'NONE',  ( -1.000000000000000000, 0.000000000000000000, 0.000000000000000000 ) ) ;
#907 = ORIENTED_EDGE ( 'NONE', *, *, #1933, .F. ) ;
#908 = CARTESIAN_POINT ( 'NONE',  ( -5.250000000000000000, 2.999999999999999556, 2.000000000000000000 ) ) ;
#909 = ORIENTED_EDGE ( 'NONE', *, *, #1060, .T. ) ;
#910 = MANIFOLD_SOLID_BREP ( 'Rotation1', #168 ) ;
#911 = ORIENTED_EDGE ( 'NONE', *, *, #1659, .F. ) ;
#912 = ORIENTED_EDGE ( 'NONE', *, *, #347, .F. ) ;
#913 = PLANE ( 'NONE',  #1755 ) ;
#914 = CARTESIAN_POINT ( 'NONE',  ( -2.428612866367527723E-14, -3.500000000000000444, 2.000000000000000000 ) ) ;
#915 = CARTESIAN_POINT ( 'NONE',  ( 5.750000000000000000, -0.5000000000000384137, 2.000000000000000000 ) ) ;
#916 = VECTOR ( 'NONE', #1099, 1000.000000000000000 ) ;
#917 = ORIENTED_EDGE ( 'NONE', *, *, #2465, .T. ) ;
#918 = CARTESIAN_POINT ( 'NONE',  ( 4.749999999999979572, -3.000000000000036415, 0.000000000000000000 ) ) ;
#919 = DIRECTION ( 'NONE',  ( 0.000000000000000000, -1.000000000000000000, 0.000000000000000000 ) ) ;
#920 = PRODUCT ( 'common mode choke', 'common mode choke', '', ( #1252 ) ) ;
#921 = EDGE_CURVE ( 'NONE', #1862, #1326, #851, .T. ) ;
#922 = EDGE_CURVE ( 'NONE', #2472, #1281, #4, .T. ) ;
#923 = ADVANCED_FACE ( 'NONE', ( #1822 ), #1239, .F. ) ;
#924 = DIRECTION ( 'NONE',  ( -0.000000000000000000, -0.000000000000000000, -1.000000000000000000 ) ) ;
#925 = AXIS2_PLACEMENT_3D ( 'NONE', #891, #138, #1333 ) ;
#926 = ORIENTED_EDGE ( 'NONE', *, *, #1685, .F. ) ;
#927 = CARTESIAN_POINT ( 'NONE',  ( 4.110000000000000320, -3.810000000000000053, 0.000000000000000000 ) ) ;
#928 = EDGE_CURVE ( 'NONE', #797, #2104, #2247, .T. ) ;
#929 = AXIS2_PLACEMENT_3D ( 'NONE', #1435, #1616, #2033 ) ;
#930 = VERTEX_POINT ( 'NONE', #1304 ) ;
#931 = EDGE_CURVE ( 'NONE', #1281, #1483, #1248, .T. ) ;
#932 = EDGE_LOOP ( 'NONE', ( #149, #1139, #1821, #1861 ) ) ;
#933 = ORIENTED_EDGE ( 'NONE', *, *, #47, .F. ) ;
#934 = CARTESIAN_POINT ( 'NONE',  ( -1.517883041479708416E-14, -2.500000000000005773, 2.000000000000000000 ) ) ;
#935 = VERTEX_POINT ( 'NONE', #1133 ) ;
#936 = CARTESIAN_POINT ( 'NONE',  ( 4.250000000000000000, 4.249999999999998224, 0.000000000000000000 ) ) ;
#937 = DIRECTION ( 'NONE',  ( -0.000000000000000000, 0.000000000000000000, 1.000000000000000000 ) ) ;
#938 = DIRECTION ( 'NONE',  ( -2.602085213965208275E-15, -1.000000000000000000, 0.000000000000000000 ) ) ;
#939 = VERTEX_POINT ( 'NONE', #2147 ) ;
#940 = CARTESIAN_POINT ( 'NONE',  ( -5.750000000000000000, 0.000000000000000000, 2.000000000000000000 ) ) ;
#941 = VECTOR ( 'NONE', #643, 1000.000000000000000 ) ;
#942 = ORIENTED_EDGE ( 'NONE', *, *, #2282, .T. ) ;
#943 = VECTOR ( 'NONE', #631, 1000.000000000000000 ) ;
#944 = EDGE_LOOP ( 'NONE', ( #338, #2501, #1118, #1127 ) ) ;
#945 = ORIENTED_EDGE ( 'NONE', *, *, #411, .T. ) ;
#946 = FACE_OUTER_BOUND ( 'NONE', #1764, .T. ) ;
#947 = AXIS2_PLACEMENT_3D ( 'NONE', #2479, #1479, #878 ) ;
#948 = ORIENTED_EDGE ( 'NONE', *, *, #105, .F. ) ;
#949 = DIRECTION ( 'NONE',  ( -0.000000000000000000, -0.000000000000000000, -1.000000000000000000 ) ) ;
#950 = DIRECTION ( 'NONE',  ( -0.000000000000000000, 0.000000000000000000, 1.000000000000000000 ) ) ;
#951 = ADVANCED_FACE ( 'NONE', ( #1318 ), #1161, .T. ) ;
#952 = DIRECTION ( 'NONE',  ( -1.000000000000000000, 1.040834085586083310E-14, 0.000000000000000000 ) ) ;
#953 = LINE ( 'NONE', #1746, #127 ) ;
#954 = LINE ( 'NONE', #1123, #2211 ) ;
#955 = ORIENTED_EDGE ( 'NONE', *, *, #1038, .T. ) ;
#956 = CARTESIAN_POINT ( 'NONE',  ( -2.428612866367527723E-14, -3.500000000000000444, 2.000000000000000000 ) ) ;
#957 = EDGE_CURVE ( 'NONE', #1124, #1342, #710, .T. ) ;
#958 = ORIENTED_EDGE ( 'NONE', *, *, #840, .F. ) ;
#959 = DIRECTION ( 'NONE',  ( 1.000000000000000000, -3.252606517456510147E-15, 0.000000000000000000 ) ) ;
#960 = CARTESIAN_POINT ( 'NONE',  ( 3.510000000000000231, -3.810000000000000053, -3.000000000000000000 ) ) ;
#961 = CARTESIAN_POINT ( 'NONE',  ( 3.810000000000000053, -3.810000000000000053, -3.000000000000000000 ) ) ;
#962 = EDGE_CURVE ( 'NONE', #1483, #2588, #96, .T. ) ;
#963 = VERTEX_POINT ( 'NONE', #2134 ) ;
#964 = LINE ( 'NONE', #1558, #475 ) ;
#965 = CIRCLE ( 'NONE', #2431, 2.900000000000000799 ) ;
#966 = DIRECTION ( 'NONE',  ( -1.000000000000000000, -2.168404344971006649E-16, 0.000000000000000000 ) ) ;
#967 = CARTESIAN_POINT ( 'NONE',  ( -3.810000000000000053, 3.810000000000000053, 0.000000000000000000 ) ) ;
#968 = AXIS2_PLACEMENT_3D ( 'NONE', #1936, #719, #1555 ) ;
#969 = VERTEX_POINT ( 'NONE', #918 ) ;
#970 = DIRECTION ( 'NONE',  ( 1.000000000000000000, 0.000000000000000000, 0.000000000000000000 ) ) ;
#971 = AXIS2_PLACEMENT_3D ( 'NONE', #1912, #2557, #524 ) ;
#972 = LINE ( 'NONE', #2389, #54 ) ;
#973 = CARTESIAN_POINT ( 'NONE',  ( -4.110000000000000320, 3.810000000000000053, 0.000000000000000000 ) ) ;
#974 = CARTESIAN_POINT ( 'NONE',  ( -2.499999999999981348, 5.749999999999999112, 0.000000000000000000 ) ) ;
#975 = ORIENTED_EDGE ( 'NONE', *, *, #1845, .F. ) ;
#976 = DIRECTION ( 'NONE',  ( 0.000000000000000000, -0.000000000000000000, -1.000000000000000000 ) ) ;
#977 = PLANE ( 'NONE',  #333 ) ;
#978 = ADVANCED_FACE ( 'NONE', ( #1354 ), #1951, .T. ) ;
#979 = CARTESIAN_POINT ( 'NONE',  ( 2.500000000000018652, 5.249999999999992006, 0.000000000000000000 ) ) ;
#980 = ORIENTED_EDGE ( 'NONE', *, *, #1958, .T. ) ;
#981 = CARTESIAN_POINT ( 'NONE',  ( -0.000000000000000000, -5.750000000000000888, 0.000000000000000000 ) ) ;
#982 = VECTOR ( 'NONE', #2166, 1000.000000000000000 ) ;
#983 = ORIENTED_EDGE ( 'NONE', *, *, #1117, .F. ) ;
#984 = FACE_OUTER_BOUND ( 'NONE', #2045, .T. ) ;
#985 = VECTOR ( 'NONE', #1751, 1000.000000000000000 ) ;
#986 = EDGE_CURVE ( 'NONE', #734, #1431, #147, .T. ) ;
#987 = CARTESIAN_POINT ( 'NONE',  ( -3.510000000000000231, 3.810000000000000053, 0.000000000000000000 ) ) ;
#988 = AXIS2_PLACEMENT_3D ( 'NONE', #456, #695, #442 ) ;
#989 = VERTEX_POINT ( 'NONE', #163 ) ;
#990 = CARTESIAN_POINT ( 'NONE',  ( 4.824339303528179634, -4.824339303528178746, 0.000000000000000000 ) ) ;
#991 = CARTESIAN_POINT ( 'NONE',  ( 5.249999999999979572, -3.000000000000036415, 2.000000000000000000 ) ) ;
#992 = CARTESIAN_POINT ( 'NONE',  ( 3.810000000000000053, 3.810000000000000053, 0.000000000000000000 ) ) ;
#993 = ORIENTED_EDGE ( 'NONE', *, *, #161, .F. ) ;
#994 = FACE_OUTER_BOUND ( 'NONE', #16, .T. ) ;
#995 = DIRECTION ( 'NONE',  ( 0.000000000000000000, -0.000000000000000000, 1.000000000000000000 ) ) ;
#996 = ORIENTED_EDGE ( 'NONE', *, *, #359, .T. ) ;
#997 = CARTESIAN_POINT ( 'NONE',  ( -2.500000000000057732, -5.750000000000000888, 0.000000000000000000 ) ) ;
#998 = CARTESIAN_POINT ( 'NONE',  ( -0.000000000000000000, 3.500000000000000000, 0.000000000000000000 ) ) ;
#999 = CARTESIAN_POINT ( 'NONE',  ( 3.000000000000017764, 5.249999999999990230, 0.000000000000000000 ) ) ;
#1000 = AXIS2_PLACEMENT_3D ( 'NONE', #1717, #166, #140 ) ;
#1001 = DIRECTION ( 'NONE',  ( -0.000000000000000000, -0.000000000000000000, -1.000000000000000000 ) ) ;
#1002 = CARTESIAN_POINT ( 'NONE',  ( -3.510000000000000231, 3.810000000000000053, -3.000000000000000000 ) ) ;
#1003 = VECTOR ( 'NONE', #1237, 1000.000000000000000 ) ;
#1004 = EDGE_CURVE ( 'NONE', #2196, #1509, #964, .T. ) ;
#1005 = EDGE_CURVE ( 'NONE', #471, #1336, #1926, .T. ) ;
#1006 = ORIENTED_EDGE ( 'NONE', *, *, #2114, .T. ) ;
#1007 = VECTOR ( 'NONE', #564, 1000.000000000000000 ) ;
#1008 = DIRECTION ( 'NONE',  ( -1.000000000000000000, 0.000000000000000000, 0.000000000000000000 ) ) ;
#1009 = EDGE_CURVE ( 'NONE', #1059, #1336, #1561, .T. ) ;
#1010 = ORIENTED_EDGE ( 'NONE', *, *, #2010, .T. ) ;
#1011 = EDGE_CURVE ( 'NONE', #2061, #939, #345, .T. ) ;
#1012 = LINE ( 'NONE', #1816, #1980 ) ;
#1013 = DIRECTION ( 'NONE',  ( 0.000000000000000000, 0.000000000000000000, -1.000000000000000000 ) ) ;
#1014 = EDGE_CURVE ( 'NONE', #503, #2053, #1173, .T. ) ;
#1015 = LINE ( 'NONE', #2015, #1003 ) ;
#1016 = ORIENTED_EDGE ( 'NONE', *, *, #1627, .T. ) ;
#1017 = DIRECTION ( 'NONE',  ( 0.000000000000000000, 1.000000000000000000, -0.000000000000000000 ) ) ;
#1018 = ORIENTED_EDGE ( 'NONE', *, *, #411, .F. ) ;
#1019 = DIRECTION ( 'NONE',  ( 0.000000000000000000, 0.000000000000000000, 1.000000000000000000 ) ) ;
#1020 = CARTESIAN_POINT ( 'NONE',  ( 0.000000000000000000, 0.000000000000000000, 0.000000000000000000 ) ) ;
#1021 = ORIENTED_EDGE ( 'NONE', *, *, #1277, .F. ) ;
#1022 = CARTESIAN_POINT ( 'NONE',  ( 0.000000000000000000, -5.750000000000000888, 2.000000000000000000 ) ) ;
#1023 = DIRECTION ( 'NONE',  ( 1.000000000000000000, 2.168404344971006649E-16, 0.000000000000000000 ) ) ;
#1024 = AXIS2_PLACEMENT_3D ( 'NONE', #1442, #482, #903 ) ;
#1025 = DIRECTION ( 'NONE',  ( -0.000000000000000000, -0.000000000000000000, -1.000000000000000000 ) ) ;
#1026 = DIRECTION ( 'NONE',  ( 1.000000000000000000, 0.000000000000000000, 0.000000000000000000 ) ) ;
#1027 = VECTOR ( 'NONE', #1976, 1000.000000000000000 ) ;
#1028 = CARTESIAN_POINT ( 'NONE',  ( 4.250000000000000000, -4.250000000000000000, 2.000000000000000000 ) ) ;
#1029 = DIRECTION ( 'NONE',  ( 0.000000000000000000, 0.000000000000000000, 1.000000000000000000 ) ) ;
#1030 = EDGE_CURVE ( 'NONE', #1496, #1309, #2058, .T. ) ;
#1031 = DIRECTION ( 'NONE',  ( -0.000000000000000000, -0.000000000000000000, -1.000000000000000000 ) ) ;
#1032 = ORIENTED_EDGE ( 'NONE', *, *, #1011, .T. ) ;
#1033 = LINE ( 'NONE', #2249, #1522 ) ;
#1034 = ORIENTED_EDGE ( 'NONE', *, *, #2201, .F. ) ;
#1035 = PLANE ( 'NONE',  #517 ) ;
#1036 = EDGE_CURVE ( 'NONE', #143, #1553, #432, .T. ) ;
#1037 = EDGE_CURVE ( 'NONE', #1694, #1328, #516, .T. ) ;
#1038 = EDGE_CURVE ( 'NONE', #300, #2563, #1896, .T. ) ;
#1039 = ORIENTED_EDGE ( 'NONE', *, *, #2184, .T. ) ;
#1040 = PLANE ( 'NONE',  #1270 ) ;
#1041 = FACE_BOUND ( 'NONE', #1613, .T. ) ;
#1042 = EDGE_CURVE ( 'NONE', #538, #2056, #2546, .T. ) ;
#1043 = CARTESIAN_POINT ( 'NONE',  ( 0.000000000000000000, 0.000000000000000000, 8.800000000000000711 ) ) ;
#1044 = EDGE_LOOP ( 'NONE', ( #846, #139, #520, #1890 ) ) ;
#1045 = FILL_AREA_STYLE_COLOUR ( '', #2123 ) ;
#1046 = ORIENTED_EDGE ( 'NONE', *, *, #1575, .T. ) ;
#1047 = PLANE ( 'NONE',  #1196 ) ;
#1048 = ORIENTED_EDGE ( 'NONE', *, *, #1225, .F. ) ;
#1049 = ORIENTED_EDGE ( 'NONE', *, *, #299, .F. ) ;
#1050 = LINE ( 'NONE', #859, #1231 ) ;
#1051 = FACE_OUTER_BOUND ( 'NONE', #573, .T. ) ;
#1052 = AXIS2_PLACEMENT_3D ( 'NONE', #850, #1075, #2091 ) ;
#1053 = DIRECTION ( 'NONE',  ( 0.000000000000000000, 0.000000000000000000, 1.000000000000000000 ) ) ;
#1054 = CARTESIAN_POINT ( 'NONE',  ( 3.810000000000000053, -3.810000000000000053, -3.000000000000000000 ) ) ;
#1055 = CARTESIAN_POINT ( 'NONE',  ( 0.000000000000000000, 0.000000000000000000, 8.803305772578518429 ) ) ;
#1056 = ORIENTED_EDGE ( 'NONE', *, *, #261, .F. ) ;
#1057 = FACE_BOUND ( 'NONE', #2301, .T. ) ;
#1058 = ORIENTED_EDGE ( 'NONE', *, *, #1840, .F. ) ;
#1059 = VERTEX_POINT ( 'NONE', #2559 ) ;
#1060 = EDGE_CURVE ( 'NONE', #1295, #449, #812, .T. ) ;
#1061 = LINE ( 'NONE', #2279, #2586 ) ;
#1062 = DIRECTION ( 'NONE',  ( -0.000000000000000000, 0.000000000000000000, 1.000000000000000000 ) ) ;
#1063 = VECTOR ( 'NONE', #834, 1000.000000000000000 ) ;
#1064 = DIRECTION ( 'NONE',  ( 0.000000000000000000, -0.000000000000000000, -1.000000000000000000 ) ) ;
#1065 = VERTEX_POINT ( 'NONE', #226 ) ;
#1066 = AXIS2_PLACEMENT_3D ( 'NONE', #1266, #2274, #1282 ) ;
#1067 = CIRCLE ( 'NONE', #2544, 0.4999999999999995559 ) ;
#1068 = ADVANCED_FACE ( 'NONE', ( #1965 ), #2599, .T. ) ;
#1069 = VERTEX_POINT ( 'NONE', #389 ) ;
#1070 = VECTOR ( 'NONE', #842, 1000.000000000000000 ) ;
#1071 = CARTESIAN_POINT ( 'NONE',  ( -5.249999999999999112, -3.499999999999998668, 2.000000000000000000 ) ) ;
#1072 = EDGE_LOOP ( 'NONE', ( #1084, #1579, #2313, #1238 ) ) ;
#1073 = CARTESIAN_POINT ( 'NONE',  ( 4.749999999999979572, -3.000000000000036415, 2.000000000000000000 ) ) ;
#1074 = PLANE ( 'NONE',  #894 ) ;
#1075 = DIRECTION ( 'NONE',  ( -0.000000000000000000, 0.000000000000000000, 1.000000000000000000 ) ) ;
#1076 = LINE ( 'NONE', #1702, #2237 ) ;
#1077 = ORIENTED_EDGE ( 'NONE', *, *, #1525, .T. ) ;
#1078 = LINE ( 'NONE', #2492, #591 ) ;
#1079 = CYLINDRICAL_SURFACE ( 'NONE', #2391, 0.4999999999999987232 ) ;
#1080 = CARTESIAN_POINT ( 'NONE',  ( 3.500000000000018208, 5.249999999999988454, 0.000000000000000000 ) ) ;
#1081 = EDGE_CURVE ( 'NONE', #315, #290, #410, .T. ) ;
#1082 = ORIENTED_EDGE ( 'NONE', *, *, #1525, .F. ) ;
#1083 = ORIENTED_EDGE ( 'NONE', *, *, #2516, .T. ) ;
#1084 = ORIENTED_EDGE ( 'NONE', *, *, #36, .F. ) ;
#1085 = EDGE_CURVE ( 'NONE', #340, #1483, #1184, .T. ) ;
#1086 = DIRECTION ( 'NONE',  ( 6.071532165918819308E-15, 1.000000000000000000, 0.000000000000000000 ) ) ;
#1087 = AXIS2_PLACEMENT_3D ( 'NONE', #1949, #2319, #1510 ) ;
#1088 = DIRECTION ( 'NONE',  ( -1.000000000000000000, 0.000000000000000000, -0.000000000000000000 ) ) ;
#1089 = CARTESIAN_POINT ( 'NONE',  ( -5.250000000000000000, 3.500000000000000000, 2.000000000000000000 ) ) ;
#1090 = EDGE_CURVE ( 'NONE', #1509, #388, #2000, .T. ) ;
#1091 = ORIENTED_EDGE ( 'NONE', *, *, #807, .F. ) ;
#1092 = VECTOR ( 'NONE', #1301, 1000.000000000000000 ) ;
#1093 = DIRECTION ( 'NONE',  ( 0.000000000000000000, 0.000000000000000000, 1.000000000000000000 ) ) ;
#1094 = EDGE_LOOP ( 'NONE', ( #1172, #2141, #247, #1317 ) ) ;
#1095 = FACE_OUTER_BOUND ( 'NONE', #38, .T. ) ;
#1096 = ORIENTED_EDGE ( 'NONE', *, *, #764, .T. ) ;
#1097 = ORIENTED_EDGE ( 'NONE', *, *, #253, .T. ) ;
#1098 = ORIENTED_EDGE ( 'NONE', *, *, #1963, .T. ) ;
#1099 = DIRECTION ( 'NONE',  ( 0.000000000000000000, 0.000000000000000000, 1.000000000000000000 ) ) ;
#1100 = LINE ( 'NONE', #981, #146 ) ;
#1101 = CARTESIAN_POINT ( 'NONE',  ( -0.4999999999999986122, 1.626303258728250537E-15, 0.000000000000000000 ) ) ;
#1102 = LINE ( 'NONE', #1898, #2 ) ;
#1103 = VERTEX_POINT ( 'NONE', #779 ) ;
#1104 = CIRCLE ( 'NONE', #770, 0.4999999999999995559 ) ;
#1105 = LINE ( 'NONE', #1903, #832 ) ;
#1106 = VECTOR ( 'NONE', #305, 1000.000000000000000 ) ;
#1107 = LINE ( 'NONE', #309, #378 ) ;
#1108 = CARTESIAN_POINT ( 'NONE',  ( -5.750000000000000000, 0.000000000000000000, 2.000000000000000000 ) ) ;
#1109 = VECTOR ( 'NONE', #343, 1000.000000000000000 ) ;
#1110 = ORIENTED_EDGE ( 'NONE', *, *, #1312, .F. ) ;
#1111 = EDGE_LOOP ( 'NONE', ( #724, #1964, #2252, #1138 ) ) ;
#1112 = ORIENTED_EDGE ( 'NONE', *, *, #796, .T. ) ;
#1113 = DIRECTION ( 'NONE',  ( -0.000000000000000000, -0.000000000000000000, 1.000000000000000000 ) ) ;
#1114 = EDGE_CURVE ( 'NONE', #1361, #296, #1406, .T. ) ;
#1115 = EDGE_CURVE ( 'NONE', #963, #340, #1475, .T. ) ;
#1116 = CARTESIAN_POINT ( 'NONE',  ( 5.750000000000000000, 3.499999999999960920, 0.000000000000000000 ) ) ;
#1117 = EDGE_CURVE ( 'NONE', #1437, #1374, #1813, .T. ) ;
#1118 = ORIENTED_EDGE ( 'NONE', *, *, #2518, .T. ) ;
#1119 = CARTESIAN_POINT ( 'NONE',  ( 5.249999999999999112, -3.672178639781026149E-14, 2.000000000000000000 ) ) ;
#1120 = CARTESIAN_POINT ( 'NONE',  ( -4.250000000000000000, 4.249999999999998224, 0.000000000000000000 ) ) ;
#1121 = CARTESIAN_POINT ( 'NONE',  ( 0.4999999999999423239, -5.750000000000000888, 2.000000000000000000 ) ) ;
#1122 = DIRECTION ( 'NONE',  ( -3.469446951953610639E-15, -1.000000000000000000, 0.000000000000000000 ) ) ;
#1123 = CARTESIAN_POINT ( 'NONE',  ( -4.250000000000000000, 5.749999999999999112, 2.000000000000000000 ) ) ;
#1124 = VERTEX_POINT ( 'NONE', #1572 ) ;
#1125 = CIRCLE ( 'NONE', #749, 0.2999999999999999334 ) ;
#1126 = STYLED_ITEM ( 'NONE', ( #1993 ), #880 ) ;
#1127 = ORIENTED_EDGE ( 'NONE', *, *, #1444, .T. ) ;
#1128 = ORIENTED_EDGE ( 'NONE', *, *, #353, .T. ) ;
#1129 = LINE ( 'NONE', #2569, #2082 ) ;
#1130 = DIRECTION ( 'NONE',  ( 0.000000000000000000, 0.000000000000000000, 1.000000000000000000 ) ) ;
#1131 = AXIS2_PLACEMENT_3D ( 'NONE', #2409, #1843, #45 ) ;
#1132 = ORIENTED_EDGE ( 'NONE', *, *, #571, .F. ) ;
#1133 = CARTESIAN_POINT ( 'NONE',  ( 5.400000000000001243, 0.000000000000000000, 2.000000000000000000 ) ) ;
#1134 = DIRECTION ( 'NONE',  ( 1.000000000000000000, 0.000000000000000000, 0.000000000000000000 ) ) ;
#1135 = VECTOR ( 'NONE', #924, 1000.000000000000000 ) ;
#1136 = ORIENTED_EDGE ( 'NONE', *, *, #105, .T. ) ;
#1137 = DIRECTION ( 'NONE',  ( 1.000000000000000000, 0.000000000000000000, 0.000000000000000000 ) ) ;
#1138 = ORIENTED_EDGE ( 'NONE', *, *, #807, .T. ) ;
#1139 = ORIENTED_EDGE ( 'NONE', *, *, #2010, .F. ) ;
#1140 = ORIENTED_EDGE ( 'NONE', *, *, #1823, .F. ) ;
#1141 = CARTESIAN_POINT ( 'NONE',  ( -0.000000000000000000, -5.750000000000000888, 0.000000000000000000 ) ) ;
#1142 = LINE ( 'NONE', #1101, #1109 ) ;
#1143 = FACE_OUTER_BOUND ( 'NONE', #1432, .T. ) ;
#1144 = CARTESIAN_POINT ( 'NONE',  ( -3.510000000000000231, -3.810000000000000053, 0.000000000000000000 ) ) ;
#1145 = ORIENTED_EDGE ( 'NONE', *, *, #839, .T. ) ;
#1146 = DIRECTION ( 'NONE',  ( -1.000000000000000000, 6.722053469410121969E-15, 0.000000000000000000 ) ) ;
#1147 = LINE ( 'NONE', #765, #1670 ) ;
#1148 = CARTESIAN_POINT ( 'NONE',  ( 1.084202172485500736E-16, -0.4999999999999988343, 2.000000000000000000 ) ) ;
#1149 = CARTESIAN_POINT ( 'NONE',  ( 0.4999999999999449329, -5.250000000000003553, 2.000000000000000000 ) ) ;
#1150 = VECTOR ( 'NONE', #2596, 1000.000000000000000 ) ;
#1151 = ORIENTED_EDGE ( 'NONE', *, *, #451, .F. ) ;
#1152 = VECTOR ( 'NONE', #1013, 1000.000000000000000 ) ;
#1153 = LINE ( 'NONE', #102, #311 ) ;
#1154 = EDGE_LOOP ( 'NONE', ( #85, #440, #1918, #2071 ) ) ;
#1155 = CARTESIAN_POINT ( 'NONE',  ( 3.510000000000000231, 3.810000000000000053, 0.000000000000000000 ) ) ;
#1156 = LINE ( 'NONE', #960, #2566 ) ;
#1157 = CIRCLE ( 'NONE', #613, 0.2999999999999999334 ) ;
#1158 = CARTESIAN_POINT ( 'NONE',  ( 3.361026734705051124E-15, 0.4999999999999985012, 2.000000000000000000 ) ) ;
#1159 = CARTESIAN_POINT ( 'NONE',  ( 2.499999999999943157, -5.750000000000000888, 2.000000000000000000 ) ) ;
#1160 = ORIENTED_EDGE ( 'NONE', *, *, #1011, .F. ) ;
#1161 = CYLINDRICAL_SURFACE ( 'NONE', #2541, 5.400000000000000355 ) ;
#1162 = CARTESIAN_POINT ( 'NONE',  ( -0.5000000000000550671, -5.249999999999993783, 0.000000000000000000 ) ) ;
#1163 = CARTESIAN_POINT ( 'NONE',  ( -5.250000000000000000, 2.500000000000000444, 0.000000000000000000 ) ) ;
#1164 = ORIENTED_EDGE ( 'NONE', *, *, #1462, .F. ) ;
#1165 = EDGE_CURVE ( 'NONE', #71, #162, #822, .T. ) ;
#1166 = CYLINDRICAL_SURFACE ( 'NONE', #431, 1.499999999999999556 ) ;
#1167 = ORIENTED_EDGE ( 'NONE', *, *, #1355, .T. ) ;
#1168 = DIRECTION ( 'NONE',  ( -0.000000000000000000, -0.000000000000000000, 1.000000000000000000 ) ) ;
#1169 = LINE ( 'NONE', #2555, #2433 ) ;
#1170 = CARTESIAN_POINT ( 'NONE',  ( -1.084202172485505913E-16, 0.5000000000000012212, 0.000000000000000000 ) ) ;
#1171 = EDGE_CURVE ( 'NONE', #1285, #1671, #2186, .T. ) ;
#1172 = ORIENTED_EDGE ( 'NONE', *, *, #1736, .T. ) ;
#1173 = LINE ( 'NONE', #526, #189 ) ;
#1174 = CARTESIAN_POINT ( 'NONE',  ( 5.750000000000000000, 0.000000000000000000, 0.000000000000000000 ) ) ;
#1175 = CARTESIAN_POINT ( 'NONE',  ( 2.500000000000019540, 5.749999999999999112, 2.000000000000000000 ) ) ;
#1176 = AXIS2_PLACEMENT_3D ( 'NONE', #2532, #937, #1725 ) ;
#1177 = CARTESIAN_POINT ( 'NONE',  ( 5.249999999999979572, -3.000000000000036415, 2.000000000000000000 ) ) ;
#1178 = ORIENTED_EDGE ( 'NONE', *, *, #289, .F. ) ;
#1179 = CARTESIAN_POINT ( 'NONE',  ( 4.824339303528179634, -4.824339303528178746, 2.000000000000000000 ) ) ;
#1180 = AXIS2_PLACEMENT_3D ( 'NONE', #961, #134, #2352 ) ;
#1181 = ORIENTED_EDGE ( 'NONE', *, *, #2603, .F. ) ;
#1182 = FACE_OUTER_BOUND ( 'NONE', #423, .T. ) ;
#1183 = ORIENTED_EDGE ( 'NONE', *, *, #1540, .T. ) ;
#1184 = LINE ( 'NONE', #608, #1152 ) ;
#1185 = PLANE ( 'NONE',  #1626 ) ;
#1186 = DIRECTION ( 'NONE',  ( -2.168404344971006649E-16, 1.000000000000000000, 0.000000000000000000 ) ) ;
#1187 = DIRECTION ( 'NONE',  ( -3.469446951953610639E-15, -1.000000000000000000, 0.000000000000000000 ) ) ;
#1188 = VERTEX_POINT ( 'NONE', #1 ) ;
#1189 = CARTESIAN_POINT ( 'NONE',  ( -5.750000000000000000, 0.5000000000000000000, 2.000000000000000000 ) ) ;
#1190 = VECTOR ( 'NONE', #2589, 1000.000000000000000 ) ;
#1191 = EDGE_LOOP ( 'NONE', ( #1906, #2458, #2017, #2447 ) ) ;
#1192 = CARTESIAN_POINT ( 'NONE',  ( 3.810000000000000053, 3.810000000000000053, -3.000000000000000000 ) ) ;
#1193 = VECTOR ( 'NONE', #1601, 1000.000000000000000 ) ;
#1194 = CARTESIAN_POINT ( 'NONE',  ( -2.500000000000055511, -5.249999999999973355, 2.000000000000000000 ) ) ;
#1195 = VECTOR ( 'NONE', #2486, 1000.000000000000000 ) ;
#1196 = AXIS2_PLACEMENT_3D ( 'NONE', #1809, #2220, #995 ) ;
#1197 = ADVANCED_FACE ( 'NONE', ( #1378 ), #188, .F. ) ;
#1198 = CARTESIAN_POINT ( 'NONE',  ( -3.499999999999980460, 0.000000000000000000, 2.000000000000000000 ) ) ;
#1199 = EDGE_CURVE ( 'NONE', #1267, #2117, #566, .T. ) ;
#1200 = EDGE_CURVE ( 'NONE', #1891, #1445, #1235, .T. ) ;
#1201 = DIRECTION ( 'NONE',  ( -1.040834085586083310E-14, -1.000000000000000000, 0.000000000000000000 ) ) ;
#1202 = DIRECTION ( 'NONE',  ( 1.000000000000000000, 0.000000000000000000, -0.000000000000000000 ) ) ;
#1203 = CYLINDRICAL_SURFACE ( 'NONE', #2190, 1.500000000000000000 ) ;
#1204 = EDGE_CURVE ( 'NONE', #323, #319, #596, .T. ) ;
#1205 = ORIENTED_EDGE ( 'NONE', *, *, #1482, .F. ) ;
#1206 = CARTESIAN_POINT ( 'NONE',  ( -5.750000000000000000, 0.000000000000000000, 2.000000000000000000 ) ) ;
#1207 = DIRECTION ( 'NONE',  ( 1.000000000000000000, 0.000000000000000000, 0.000000000000000000 ) ) ;
#1208 = ORIENTED_EDGE ( 'NONE', *, *, #1690, .T. ) ;
#1209 = DIRECTION ( 'NONE',  ( -0.000000000000000000, -0.000000000000000000, -1.000000000000000000 ) ) ;
#1210 = DIRECTION ( 'NONE',  ( 0.000000000000000000, 0.000000000000000000, 1.000000000000000000 ) ) ;
#1211 = DIRECTION ( 'NONE',  ( -0.000000000000000000, -0.000000000000000000, -1.000000000000000000 ) ) ;
#1212 = CIRCLE ( 'NONE', #413, 0.4999999999999987232 ) ;
#1213 = SURFACE_STYLE_USAGE ( .BOTH. , #218 ) ;
#1214 = ORIENTED_EDGE ( 'NONE', *, *, #1618, .T. ) ;
#1215 = DIRECTION ( 'NONE',  ( -1.000000000000000000, 1.040834085586083310E-14, 0.000000000000000000 ) ) ;
#1216 = ORIENTED_EDGE ( 'NONE', *, *, #2408, .T. ) ;
#1217 = LINE ( 'NONE', #210, #2590 ) ;
#1218 = DIRECTION ( 'NONE',  ( -0.000000000000000000, -0.000000000000000000, -1.000000000000000000 ) ) ;
#1219 = DIRECTION ( 'NONE',  ( 1.000000000000000000, 0.000000000000000000, 0.000000000000000000 ) ) ;
#1220 = EDGE_CURVE ( 'NONE', #817, #703, #98, .T. ) ;
#1221 = LINE ( 'NONE', #1452, #2170 ) ;
#1222 = ORIENTED_EDGE ( 'NONE', *, *, #161, .T. ) ;
#1223 = CARTESIAN_POINT ( 'NONE',  ( 2.385244779468121114E-14, 2.500000000000014211, 2.000000000000000000 ) ) ;
#1224 = ADVANCED_FACE ( 'NONE', ( #2200 ), #9, .F. ) ;
#1225 = EDGE_CURVE ( 'NONE', #1654, #1665, #1067, .T. ) ;
#1226 = ORIENTED_EDGE ( 'NONE', *, *, #1737, .T. ) ;
#1227 = EDGE_CURVE ( 'NONE', #187, #1691, #2591, .T. ) ;
#1228 = CARTESIAN_POINT ( 'NONE',  ( 2.499999999999943157, -5.750000000000000888, 2.000000000000000000 ) ) ;
#1229 = ADVANCED_FACE ( 'NONE', ( #1632 ), #468, .T. ) ;
#1230 =( GEOMETRIC_REPRESENTATION_CONTEXT ( 3 ) GLOBAL_UNCERTAINTY_ASSIGNED_CONTEXT ( ( #830 ) ) GLOBAL_UNIT_ASSIGNED_CONTEXT ( ( #1408, #2204, #1796 ) ) REPRESENTATION_CONTEXT ( 'NONE', 'WORKASPACE' ) );
#1231 = VECTOR ( 'NONE', #1233, 1000.000000000000000 ) ;
#1232 = ORIENTED_EDGE ( 'NONE', *, *, #2495, .F. ) ;
#1233 = DIRECTION ( 'NONE',  ( 0.000000000000000000, 1.000000000000000000, -0.000000000000000000 ) ) ;
#1234 = DIRECTION ( 'NONE',  ( 0.000000000000000000, 0.000000000000000000, 1.000000000000000000 ) ) ;
#1235 = CIRCLE ( 'NONE', #1521, 0.2999999999999999334 ) ;
#1236 = VECTOR ( 'NONE', #1825, 1000.000000000000000 ) ;
#1237 = DIRECTION ( 'NONE',  ( 0.000000000000000000, 0.000000000000000000, -1.000000000000000000 ) ) ;
#1238 = ORIENTED_EDGE ( 'NONE', *, *, #1962, .T. ) ;
#1239 = CYLINDRICAL_SURFACE ( 'NONE', #1689, 0.5000000000000000000 ) ;
#1240 = CARTESIAN_POINT ( 'NONE',  ( 0.5000000000000193179, 5.749999999999999112, 2.000000000000000000 ) ) ;
#1241 = VERTEX_POINT ( 'NONE', #480 ) ;
#1242 = VERTEX_POINT ( 'NONE', #285 ) ;
#1243 = FACE_OUTER_BOUND ( 'NONE', #768, .T. ) ;
#1244 = DIRECTION ( 'NONE',  ( -0.000000000000000000, -0.000000000000000000, -1.000000000000000000 ) ) ;
#1245 = DIRECTION ( 'NONE',  ( -0.000000000000000000, -0.000000000000000000, -1.000000000000000000 ) ) ;
#1246 = CARTESIAN_POINT ( 'NONE',  ( -5.249999999999999112, -0.4999999999999998890, 2.000000000000000000 ) ) ;
#1247 = VECTOR ( 'NONE', #2108, 1000.000000000000000 ) ;
#1248 = LINE ( 'NONE', #1857, #2368 ) ;
#1249 = CYLINDRICAL_SURFACE ( 'NONE', #172, 2.900000000000000355 ) ;
#1250 = ORIENTED_EDGE ( 'NONE', *, *, #1766, .T. ) ;
#1251 = CARTESIAN_POINT ( 'NONE',  ( -5.750000000000000000, 3.500000000000000000, 0.000000000000000000 ) ) ;
#1252 = PRODUCT_CONTEXT ( 'NONE', #801, 'mechanical' ) ;
#1253 = ADVANCED_FACE ( 'NONE', ( #258, #273 ), #1074, .F. ) ;
#1254 = ORIENTED_EDGE ( 'NONE', *, *, #2578, .T. ) ;
#1255 = CARTESIAN_POINT ( 'NONE',  ( -5.750000000000000000, -0.5000000000000000000, 0.000000000000000000 ) ) ;
#1256 = VECTOR ( 'NONE', #1715, 1000.000000000000000 ) ;
#1257 = ORIENTED_EDGE ( 'NONE', *, *, #2199, .T. ) ;
#1258 = DIRECTION ( 'NONE',  ( -1.000000000000000000, 6.938893903907221278E-15, 0.000000000000000000 ) ) ;
#1259 = CYLINDRICAL_SURFACE ( 'NONE', #1564, 0.4999999999999987232 ) ;
#1260 = EDGE_CURVE ( 'NONE', #1409, #445, #1404, .T. ) ;
#1261 = AXIS2_PLACEMENT_3D ( 'NONE', #600, #572, #585 ) ;
#1262 = CARTESIAN_POINT ( 'NONE',  ( 0.000000000000000000, 3.500000000000000000, 2.000000000000000000 ) ) ;
#1263 = VERTEX_POINT ( 'NONE', #2063 ) ;
#1264 = ORIENTED_EDGE ( 'NONE', *, *, #2582, .F. ) ;
#1265 = EDGE_LOOP ( 'NONE', ( #721, #2206 ) ) ;
#1266 = CARTESIAN_POINT ( 'NONE',  ( 5.750000000000000000, 0.000000000000000000, 2.000000000000000000 ) ) ;
#1267 = VERTEX_POINT ( 'NONE', #1461 ) ;
#1268 = CARTESIAN_POINT ( 'NONE',  ( -2.428612866367527723E-14, -3.500000000000000444, 0.000000000000000000 ) ) ;
#1269 = DIRECTION ( 'NONE',  ( -1.000000000000000000, 1.040834085586083310E-14, 0.000000000000000000 ) ) ;
#1270 = AXIS2_PLACEMENT_3D ( 'NONE', #660, #257, #1086 ) ;
#1271 = CYLINDRICAL_SURFACE ( 'NONE', #593, 0.5000000000000013323 ) ;
#1272 = ADVANCED_FACE ( 'NONE', ( #1864 ), #1259, .F. ) ;
#1273 = AXIS2_PLACEMENT_3D ( 'NONE', #936, #1724, #1743 ) ;
#1274 = EDGE_CURVE ( 'NONE', #40, #388, #398, .T. ) ;
#1275 = ORIENTED_EDGE ( 'NONE', *, *, #535, .T. ) ;
#1276 = AXIS2_PLACEMENT_3D ( 'NONE', #1780, #2009, #17 ) ;
#1277 = EDGE_CURVE ( 'NONE', #2212, #930, #1645, .T. ) ;
#1278 = DIRECTION ( 'NONE',  ( 1.000000000000000000, 0.000000000000000000, 0.000000000000000000 ) ) ;
#1279 = ORIENTED_EDGE ( 'NONE', *, *, #1037, .T. ) ;
#1280 = ADVANCED_FACE ( 'NONE', ( #1041, #1287 ), #238, .F. ) ;
#1281 = VERTEX_POINT ( 'NONE', #1881 ) ;
#1282 = DIRECTION ( 'NONE',  ( 0.000000000000000000, 0.000000000000000000, 1.000000000000000000 ) ) ;
#1283 = EDGE_CURVE ( 'NONE', #1285, #1069, #1684, .T. ) ;
#1284 = DIRECTION ( 'NONE',  ( -0.000000000000000000, -0.000000000000000000, -1.000000000000000000 ) ) ;
#1285 = VERTEX_POINT ( 'NONE', #2074 ) ;
#1286 = LINE ( 'NONE', #272, #1063 ) ;
#1287 = FACE_OUTER_BOUND ( 'NONE', #2514, .T. ) ;
#1288 = DIRECTION ( 'NONE',  ( 0.000000000000000000, 1.000000000000000000, -0.000000000000000000 ) ) ;
#1289 = DIRECTION ( 'NONE',  ( 1.000000000000000000, 0.000000000000000000, 0.000000000000000000 ) ) ;
#1290 = ORIENTED_EDGE ( 'NONE', *, *, #1686, .T. ) ;
#1291 = PLANE ( 'NONE',  #1586 ) ;
#1292 = ORIENTED_EDGE ( 'NONE', *, *, #196, .T. ) ;
#1293 = DIRECTION ( 'NONE',  ( -0.000000000000000000, -0.000000000000000000, -1.000000000000000000 ) ) ;
#1294 = EDGE_LOOP ( 'NONE', ( #67, #344, #2179, #727 ) ) ;
#1295 = VERTEX_POINT ( 'NONE', #848 ) ;
#1296 = EDGE_LOOP ( 'NONE', ( #746, #704 ) ) ;
#1297 = CARTESIAN_POINT ( 'NONE',  ( 5.249999999999983125, -2.500000000000037303, 2.000000000000000000 ) ) ;
#1298 = LINE ( 'NONE', #493, #1150 ) ;
#1299 = FACE_OUTER_BOUND ( 'NONE', #1730, .T. ) ;
#1300 = VECTOR ( 'NONE', #462, 1000.000000000000000 ) ;
#1301 = DIRECTION ( 'NONE',  ( -1.000000000000000000, 0.000000000000000000, 0.000000000000000000 ) ) ;
#1302 = EDGE_CURVE ( 'NONE', #1242, #804, #269, .T. ) ;
#1303 = ORIENTED_EDGE ( 'NONE', *, *, #2345, .T. ) ;
#1304 = CARTESIAN_POINT ( 'NONE',  ( 4.749999999999999112, -3.672178639781026149E-14, 0.000000000000000000 ) ) ;
#1305 = VECTOR ( 'NONE', #250, 1000.000000000000000 ) ;
#1306 = DIRECTION ( 'NONE',  ( -1.000000000000000000, 2.602085213965208275E-15, 0.000000000000000000 ) ) ;
#1307 = DIRECTION ( 'NONE',  ( 0.000000000000000000, -1.000000000000000000, 0.000000000000000000 ) ) ;
#1308 = PLANE ( 'NONE',  #436 ) ;
#1309 = VERTEX_POINT ( 'NONE', #1829 ) ;
#1310 = EDGE_CURVE ( 'NONE', #2098, #1509, #2294, .T. ) ;
#1311 = ADVANCED_FACE ( 'NONE', ( #88 ), #885, .T. ) ;
#1312 = EDGE_CURVE ( 'NONE', #969, #1782, #1899, .T. ) ;
#1313 = ORIENTED_EDGE ( 'NONE', *, *, #1042, .T. ) ;
#1314 = ORIENTED_EDGE ( 'NONE', *, *, #1575, .F. ) ;
#1315 = DIRECTION ( 'NONE',  ( -0.000000000000000000, -0.000000000000000000, -1.000000000000000000 ) ) ;
#1316 = DIRECTION ( 'NONE',  ( -0.000000000000000000, -0.000000000000000000, -1.000000000000000000 ) ) ;
#1317 = ORIENTED_EDGE ( 'NONE', *, *, #2315, .T. ) ;
#1318 = FACE_OUTER_BOUND ( 'NONE', #2595, .T. ) ;
#1319 = AXIS2_PLACEMENT_3D ( 'NONE', #2180, #392, #1880 ) ;
#1320 = PRESENTATION_LAYER_ASSIGNMENT (  '', '', ( #2020 ) ) ;
#1321 = DIRECTION ( 'NONE',  ( -0.000000000000000000, -0.000000000000000000, -1.000000000000000000 ) ) ;
#1322 = VECTOR ( 'NONE', #1815, 1000.000000000000000 ) ;
#1323 = FACE_OUTER_BOUND ( 'NONE', #307, .T. ) ;
#1324 = DIRECTION ( 'NONE',  ( 0.000000000000000000, 0.000000000000000000, 1.000000000000000000 ) ) ;
#1325 = VECTOR ( 'NONE', #2233, 1000.000000000000000 ) ;
#1326 = VERTEX_POINT ( 'NONE', #644 ) ;
#1327 = VERTEX_POINT ( 'NONE', #1644 ) ;
#1328 = VERTEX_POINT ( 'NONE', #2244 ) ;
#1329 = LINE ( 'NONE', #934, #2258 ) ;
#1330 = DIRECTION ( 'NONE',  ( -1.000000000000000000, 6.938893903907221278E-15, 0.000000000000000000 ) ) ;
#1331 = ORIENTED_EDGE ( 'NONE', *, *, #2483, .F. ) ;
#1332 = DIRECTION ( 'NONE',  ( -0.000000000000000000, 0.000000000000000000, 1.000000000000000000 ) ) ;
#1333 = DIRECTION ( 'NONE',  ( 1.000000000000000000, 0.000000000000000000, 0.000000000000000000 ) ) ;
#1334 = CARTESIAN_POINT ( 'NONE',  ( -5.750000000000000000, 0.000000000000000000, 0.000000000000000000 ) ) ;
#1335 = DIRECTION ( 'NONE',  ( -0.000000000000000000, 0.000000000000000000, 1.000000000000000000 ) ) ;
#1336 = VERTEX_POINT ( 'NONE', #249 ) ;
#1337 = ADVANCED_FACE ( 'NONE', ( #1051 ), #2461, .F. ) ;
#1338 = ORIENTED_EDGE ( 'NONE', *, *, #2067, .T. ) ;
#1339 = ORIENTED_EDGE ( 'NONE', *, *, #186, .T. ) ;
#1340 = LINE ( 'NONE', #2131, #2477 ) ;
#1341 = EDGE_CURVE ( 'NONE', #1524, #1496, #314, .T. ) ;
#1342 = VERTEX_POINT ( 'NONE', #120 ) ;
#1343 = CARTESIAN_POINT ( 'NONE',  ( 4.250000000000000000, 4.249999999999998224, 2.000000000000000000 ) ) ;
#1344 = LINE ( 'NONE', #485, #1256 ) ;
#1345 = CIRCLE ( 'NONE', #799, 5.400000000000001243 ) ;
#1346 = CARTESIAN_POINT ( 'NONE',  ( 5.750000000000000000, 0.4999999999999616418, 0.000000000000000000 ) ) ;
#1347 = CARTESIAN_POINT ( 'NONE',  ( 5.250000000000020428, 2.999999999999963585, 2.000000000000000000 ) ) ;
#1348 = ORIENTED_EDGE ( 'NONE', *, *, #863, .F. ) ;
#1349 = CARTESIAN_POINT ( 'NONE',  ( -2.900000000000000799, 3.551475717527325312E-16, 2.000000000000000000 ) ) ;
#1350 = ORIENTED_EDGE ( 'NONE', *, *, #1227, .F. ) ;
#1351 = ORIENTED_EDGE ( 'NONE', *, *, #262, .T. ) ;
#1352 = CARTESIAN_POINT ( 'NONE',  ( 3.499999999999941824, -5.750000000000000888, 2.000000000000000000 ) ) ;
#1353 = ORIENTED_EDGE ( 'NONE', *, *, #1737, .F. ) ;
#1354 = FACE_OUTER_BOUND ( 'NONE', #1994, .T. ) ;
#1355 = EDGE_CURVE ( 'NONE', #2098, #2110, #1142, .T. ) ;
#1356 = DIRECTION ( 'NONE',  ( -0.000000000000000000, -0.000000000000000000, -1.000000000000000000 ) ) ;
#1357 = CARTESIAN_POINT ( 'NONE',  ( 0.4999999999999995559, -5.204170427930411817E-15, 0.000000000000000000 ) ) ;
#1358 = ORIENTED_EDGE ( 'NONE', *, *, #386, .T. ) ;
#1359 = CARTESIAN_POINT ( 'NONE',  ( -5.400000000000000355, 6.613092715395707467E-16, 8.800000000000000711 ) ) ;
#1360 = EDGE_CURVE ( 'NONE', #296, #1665, #523, .T. ) ;
#1361 = VERTEX_POINT ( 'NONE', #2556 ) ;
#1362 = CARTESIAN_POINT ( 'NONE',  ( 1.084202172485500736E-16, -0.4999999999999988343, 2.000000000000000000 ) ) ;
#1363 = LINE ( 'NONE', #1752, #1542 ) ;
#1364 = DIRECTION ( 'NONE',  ( -0.000000000000000000, 0.000000000000000000, 1.000000000000000000 ) ) ;
#1365 = ADVANCED_FACE ( 'NONE', ( #2529, #1299 ), #720, .T. ) ;
#1366 = EDGE_LOOP ( 'NONE', ( #657, #1216, #2333, #782 ) ) ;
#1367 = DIRECTION ( 'NONE',  ( 1.000000000000000000, 0.000000000000000000, 0.000000000000000000 ) ) ;
#1368 = DIRECTION ( 'NONE',  ( -1.000000000000000000, 6.722053469410121969E-15, 0.000000000000000000 ) ) ;
#1369 = DIRECTION ( 'NONE',  ( -0.000000000000000000, 0.000000000000000000, 1.000000000000000000 ) ) ;
#1370 = DIRECTION ( 'NONE',  ( -0.000000000000000000, -0.000000000000000000, -1.000000000000000000 ) ) ;
#1371 = VERTEX_POINT ( 'NONE', #2350 ) ;
#1372 = DIRECTION ( 'NONE',  ( 1.000000000000000000, 0.000000000000000000, 0.000000000000000000 ) ) ;
#1373 = AXIS2_PLACEMENT_3D ( 'NONE', #51, #893, #278 ) ;
#1374 = VERTEX_POINT ( 'NONE', #1556 ) ;
#1375 = DIRECTION ( 'NONE',  ( -1.000000000000000000, 0.000000000000000000, 0.000000000000000000 ) ) ;
#1376 = CARTESIAN_POINT ( 'NONE',  ( 3.810000000000000053, -3.810000000000000053, -3.000000000000000000 ) ) ;
#1377 = ORIENTED_EDGE ( 'NONE', *, *, #2199, .F. ) ;
#1378 = FACE_OUTER_BOUND ( 'NONE', #1294, .T. ) ;
#1379 = VECTOR ( 'NONE', #635, 1000.000000000000000 ) ;
#1380 = LINE ( 'NONE', #1002, #229 ) ;
#1381 = ORIENTED_EDGE ( 'NONE', *, *, #922, .F. ) ;
#1382 = CARTESIAN_POINT ( 'NONE',  ( -0.5000000000000577316, -5.750000000000000888, 2.000000000000000000 ) ) ;
#1383 = VECTOR ( 'NONE', #1284, 1000.000000000000000 ) ;
#1384 = ADVANCED_FACE ( 'NONE', ( #1511 ), #328, .F. ) ;
#1385 = ADVANCED_FACE ( 'NONE', ( #2090 ), #357, .T. ) ;
#1386 = ORIENTED_EDGE ( 'NONE', *, *, #601, .T. ) ;
#1387 = ADVANCED_FACE ( 'NONE', ( #2571 ), #901, .T. ) ;
#1388 = DIRECTION ( 'NONE',  ( -1.000000000000000000, 0.000000000000000000, 0.000000000000000000 ) ) ;
#1389 = CARTESIAN_POINT ( 'NONE',  ( 2.500000000000018652, 5.249999999999992006, 2.000000000000000000 ) ) ;
#1390 = EDGE_CURVE ( 'NONE', #1466, #1419, #472, .T. ) ;
#1391 = ORIENTED_EDGE ( 'NONE', *, *, #1482, .T. ) ;
#1392 = DIRECTION ( 'NONE',  ( -3.252606517456510147E-15, -1.000000000000000000, 0.000000000000000000 ) ) ;
#1393 = EDGE_CURVE ( 'NONE', #275, #969, #1104, .T. ) ;
#1394 = CARTESIAN_POINT ( 'NONE',  ( 2.500000000000018652, 5.249999999999992006, 2.000000000000000000 ) ) ;
#1395 = CARTESIAN_POINT ( 'NONE',  ( 3.499999999999943601, -5.250000000000034639, 2.000000000000000000 ) ) ;
#1396 = ORIENTED_EDGE ( 'NONE', *, *, #1444, .F. ) ;
#1397 = LINE ( 'NONE', #2194, #1236 ) ;
#1398 = VECTOR ( 'NONE', #2460, 1000.000000000000000 ) ;
#1399 = PRESENTATION_LAYER_ASSIGNMENT (  '', '', ( #1126 ) ) ;
#1400 = ORIENTED_EDGE ( 'NONE', *, *, #1038, .F. ) ;
#1401 = CARTESIAN_POINT ( 'NONE',  ( -3.499999999999980460, 0.000000000000000000, 0.000000000000000000 ) ) ;
#1402 = VECTOR ( 'NONE', #2207, 1000.000000000000000 ) ;
#1403 = CARTESIAN_POINT ( 'NONE',  ( -2.168404344971010840E-15, 2.500000000000004885, 2.000000000000000000 ) ) ;
#1404 = CIRCLE ( 'NONE', #988, 0.4999999999999995559 ) ;
#1405 = PLANE ( 'NONE',  #228 ) ;
#1406 = LINE ( 'NONE', #788, #690 ) ;
#1407 = LINE ( 'NONE', #1297, #1709 ) ;
#1408 =( LENGTH_UNIT ( ) NAMED_UNIT ( * ) SI_UNIT ( .MILLI., .METRE. ) );
#1409 = VERTEX_POINT ( 'NONE', #1592 ) ;
#1410 = DIRECTION ( 'NONE',  ( -1.040834085586083310E-14, -1.000000000000000000, 0.000000000000000000 ) ) ;
#1411 = ORIENTED_EDGE ( 'NONE', *, *, #2516, .F. ) ;
#1412 = LINE ( 'NONE', #1401, #1193 ) ;
#1413 = ADVANCED_FACE ( 'NONE', ( #173 ), #2390, .F. ) ;
#1414 = FACE_OUTER_BOUND ( 'NONE', #685, .T. ) ;
#1415 = CARTESIAN_POINT ( 'NONE',  ( 2.500000000000014211, -3.252606517456528448E-14, 0.000000000000000000 ) ) ;
#1416 = EDGE_CURVE ( 'NONE', #678, #364, #1012, .T. ) ;
#1417 = DIRECTION ( 'NONE',  ( -0.000000000000000000, -0.000000000000000000, -1.000000000000000000 ) ) ;
#1418 = EDGE_CURVE ( 'NONE', #883, #486, #370, .T. ) ;
#1419 = VERTEX_POINT ( 'NONE', #973 ) ;
#1420 = VECTOR ( 'NONE', #1712, 1000.000000000000000 ) ;
#1421 = CARTESIAN_POINT ( 'NONE',  ( -0.5000000000000550671, -5.249999999999993783, 2.000000000000000000 ) ) ;
#1422 = VECTOR ( 'NONE', #1321, 1000.000000000000000 ) ;
#1423 = ORIENTED_EDGE ( 'NONE', *, *, #986, .T. ) ;
#1424 = CYLINDRICAL_SURFACE ( 'NONE', #1276, 0.2999999999999999334 ) ;
#1425 = AXIS2_PLACEMENT_3D ( 'NONE', #1376, #1570, #620 ) ;
#1426 = DIRECTION ( 'NONE',  ( -0.000000000000000000, -0.000000000000000000, -1.000000000000000000 ) ) ;
#1427 = CARTESIAN_POINT ( 'NONE',  ( 0.000000000000000000, 0.000000000000000000, 8.800000000000000711 ) ) ;
#1428 = DIRECTION ( 'NONE',  ( 0.000000000000000000, 0.000000000000000000, 1.000000000000000000 ) ) ;
#1429 = DIRECTION ( 'NONE',  ( 0.000000000000000000, 0.000000000000000000, -1.000000000000000000 ) ) ;
#1430 = DIRECTION ( 'NONE',  ( 1.000000000000000000, 0.000000000000000000, 0.000000000000000000 ) ) ;
#1431 = VERTEX_POINT ( 'NONE', #2404 ) ;
#1432 = EDGE_LOOP ( 'NONE', ( #1006, #841, #1954, #833 ) ) ;
#1433 = VECTOR ( 'NONE', #755, 1000.000000000000000 ) ;
#1434 = VECTOR ( 'NONE', #498, 1000.000000000000000 ) ;
#1435 = CARTESIAN_POINT ( 'NONE',  ( -5.249999999999999112, 6.123233995736772199E-17, 0.000000000000000000 ) ) ;
#1436 = VECTOR ( 'NONE', #1209, 1000.000000000000000 ) ;
#1437 = VERTEX_POINT ( 'NONE', #1389 ) ;
#1438 = DIRECTION ( 'NONE',  ( -0.000000000000000000, -0.000000000000000000, -1.000000000000000000 ) ) ;
#1439 = DIRECTION ( 'NONE',  ( 1.000000000000000000, 0.000000000000000000, 0.000000000000000000 ) ) ;
#1440 = AXIS2_PLACEMENT_3D ( 'NONE', #1895, #2143, #2113 ) ;
#1441 = FACE_OUTER_BOUND ( 'NONE', #2509, .T. ) ;
#1442 = CARTESIAN_POINT ( 'NONE',  ( 0.000000000000000000, -5.750000000000000888, 2.000000000000000000 ) ) ;
#1443 = DIRECTION ( 'NONE',  ( -0.000000000000000000, -0.000000000000000000, 1.000000000000000000 ) ) ;
#1444 = EDGE_CURVE ( 'NONE', #1524, #2212, #1765, .T. ) ;
#1445 = VERTEX_POINT ( 'NONE', #786 ) ;
#1446 = DIRECTION ( 'NONE',  ( 1.000000000000000000, -3.469446951953610639E-15, 0.000000000000000000 ) ) ;
#1447 = DIRECTION ( 'NONE',  ( 1.000000000000000000, 8.673617379884026597E-16, 0.000000000000000000 ) ) ;
#1448 = ORIENTED_EDGE ( 'NONE', *, *, #1360, .T. ) ;
#1449 = CARTESIAN_POINT ( 'NONE',  ( 5.750000000000000000, 3.499999999999960920, 2.000000000000000000 ) ) ;
#1450 = CARTESIAN_POINT ( 'NONE',  ( -3.361026734705071634E-15, -0.5000000000000015543, 2.000000000000000000 ) ) ;
#1451 = LINE ( 'NONE', #1841, #387 ) ;
#1452 = CARTESIAN_POINT ( 'NONE',  ( 1.214306433183756920E-14, -3.499999999999980460, 0.000000000000000000 ) ) ;
#1453 = EDGE_LOOP ( 'NONE', ( #1331, #1878, #996, #2153 ) ) ;
#1454 = DIRECTION ( 'NONE',  ( -0.000000000000000000, 0.000000000000000000, 1.000000000000000000 ) ) ;
#1455 = ORIENTED_EDGE ( 'NONE', *, *, #1060, .F. ) ;
#1456 = ADVANCED_FACE ( 'NONE', ( #1998 ), #394, .F. ) ;
#1457 = ADVANCED_FACE ( 'NONE', ( #1182 ), #605, .T. ) ;
#1458 = VECTOR ( 'NONE', #1031, 1000.000000000000000 ) ;
#1459 = EDGE_LOOP ( 'NONE', ( #2270, #246, #2167, #2417 ) ) ;
#1460 = DIRECTION ( 'NONE',  ( 1.000000000000000000, 0.000000000000000000, 0.000000000000000000 ) ) ;
#1461 = CARTESIAN_POINT ( 'NONE',  ( 5.324339303528180523, -4.824339303528178746, 0.000000000000000000 ) ) ;
#1462 = EDGE_CURVE ( 'NONE', #1528, #1739, #1638, .T. ) ;
#1463 = DIRECTION ( 'NONE',  ( -0.000000000000000000, -0.000000000000000000, -1.000000000000000000 ) ) ;
#1464 = ORIENTED_EDGE ( 'NONE', *, *, #895, .T. ) ;
#1465 = EDGE_CURVE ( 'NONE', #678, #1431, #2419, .T. ) ;
#1466 = VERTEX_POINT ( 'NONE', #987 ) ;
#1467 = CYLINDRICAL_SURFACE ( 'NONE', #1373, 0.2999999999999999334 ) ;
#1468 = ORIENTED_EDGE ( 'NONE', *, *, #931, .F. ) ;
#1469 = VERTEX_POINT ( 'NONE', #1194 ) ;
#1470 = CARTESIAN_POINT ( 'NONE',  ( -5.750000000000000000, 4.249999999999998224, 2.000000000000000000 ) ) ;
#1471 = DIRECTION ( 'NONE',  ( -0.000000000000000000, 0.000000000000000000, 1.000000000000000000 ) ) ;
#1472 = VECTOR ( 'NONE', #1484, 1000.000000000000000 ) ;
#1473 = DIRECTION ( 'NONE',  ( 0.000000000000000000, -1.000000000000000000, 0.000000000000000000 ) ) ;
#1475 = CIRCLE ( 'NONE', #53, 1.500000000000000000 ) ;
#1474 = CARTESIAN_POINT ( 'NONE',  ( -3.810000000000000053, -3.810000000000000053, 0.000000000000000000 ) ) ;
#1476 = EDGE_LOOP ( 'NONE', ( #2076, #2172 ) ) ;
#1477 = DIRECTION ( 'NONE',  ( 1.000000000000000000, 0.000000000000000000, 0.000000000000000000 ) ) ;
#1478 = DIRECTION ( 'NONE',  ( -0.000000000000000000, -0.000000000000000000, 1.000000000000000000 ) ) ;
#1479 = DIRECTION ( 'NONE',  ( 0.000000000000000000, 0.000000000000000000, 1.000000000000000000 ) ) ;
#1480 = VERTEX_POINT ( 'NONE', #1988 ) ;
#1481 = ORIENTED_EDGE ( 'NONE', *, *, #1488, .T. ) ;
#1482 = EDGE_CURVE ( 'NONE', #1285, #241, #844, .T. ) ;
#1483 = VERTEX_POINT ( 'NONE', #1637 ) ;
#1484 = DIRECTION ( 'NONE',  ( 0.000000000000000000, 1.000000000000000000, -0.000000000000000000 ) ) ;
#1485 = CARTESIAN_POINT ( 'NONE',  ( 2.999999999999945377, -5.250000000000030198, 2.000000000000000000 ) ) ;
#1486 = CYLINDRICAL_SURFACE ( 'NONE', #2304, 1.500000000000000000 ) ;
#1487 = EDGE_LOOP ( 'NONE', ( #1563, #713, #1350, #819 ) ) ;
#1488 = EDGE_CURVE ( 'NONE', #1480, #678, #1615, .T. ) ;
#1489 = ADVANCED_FACE ( 'NONE', ( #2171 ), #1989, .F. ) ;
#1490 = LINE ( 'NONE', #686, #339 ) ;
#1491 = DIRECTION ( 'NONE',  ( -1.000000000000000000, 0.000000000000000000, 0.000000000000000000 ) ) ;
#1492 = LINE ( 'NONE', #93, #2594 ) ;
#1493 = ADVANCED_FACE ( 'NONE', ( #1792 ), #1593, .F. ) ;
#1494 = ORIENTED_EDGE ( 'NONE', *, *, #1085, .F. ) ;
#1495 = CIRCLE ( 'NONE', #287, 5.400000000000001243 ) ;
#1496 = VERTEX_POINT ( 'NONE', #2406 ) ;
#1497 = ORIENTED_EDGE ( 'NONE', *, *, #1005, .F. ) ;
#1498 = CARTESIAN_POINT ( 'NONE',  ( -3.500000000000055067, -5.249999999999962697, 0.000000000000000000 ) ) ;
#1499 = AXIS2_PLACEMENT_3D ( 'NONE', #2356, #2600, #2576 ) ;
#1500 = ORIENTED_EDGE ( 'NONE', *, *, #1115, .T. ) ;
#1501 = DIRECTION ( 'NONE',  ( -1.000000000000000000, 3.469446951953610639E-15, 0.000000000000000000 ) ) ;
#1502 = VECTOR ( 'NONE', #443, 1000.000000000000000 ) ;
#1503 = DIRECTION ( 'NONE',  ( 0.000000000000000000, -0.000000000000000000, -1.000000000000000000 ) ) ;
#1504 = LINE ( 'NONE', #1676, #129 ) ;
#1505 = ORIENTED_EDGE ( 'NONE', *, *, #1274, .T. ) ;
#1506 = CARTESIAN_POINT ( 'NONE',  ( 5.750000000000000000, 2.499999999999962252, 2.000000000000000000 ) ) ;
#1507 = EDGE_LOOP ( 'NONE', ( #2393, #1178, #548, #1481 ) ) ;
#1508 = ORIENTED_EDGE ( 'NONE', *, *, #298, .F. ) ;
#1509 = VERTEX_POINT ( 'NONE', #974 ) ;
#1510 = DIRECTION ( 'NONE',  ( 1.000000000000000000, 0.000000000000000000, 0.000000000000000000 ) ) ;
#1511 = FACE_OUTER_BOUND ( 'NONE', #659, .T. ) ;
#1512 = ORIENTED_EDGE ( 'NONE', *, *, #1204, .T. ) ;
#1513 = CARTESIAN_POINT ( 'NONE',  ( 2.385244779468121114E-14, 2.500000000000014211, 2.000000000000000000 ) ) ;
#1514 = AXIS2_PLACEMENT_3D ( 'NONE', #43, #479, #2473 ) ;
#1515 = AXIS2_PLACEMENT_3D ( 'NONE', #556, #976, #2013 ) ;
#1516 = LINE ( 'NONE', #723, #1422 ) ;
#1517 = VECTOR ( 'NONE', #223, 1000.000000000000000 ) ;
#1518 = LINE ( 'NONE', #1334, #2476 ) ;
#1519 = ADVANCED_FACE ( 'NONE', ( #2587 ), #1405, .T. ) ;
#1520 = CARTESIAN_POINT ( 'NONE',  ( -0.4999999999999815703, 5.250000000000000888, 2.000000000000000000 ) ) ;
#1521 = AXIS2_PLACEMENT_3D ( 'NONE', #800, #1594, #1605 ) ;
#1522 = VECTOR ( 'NONE', #220, 1000.000000000000000 ) ;
#1523 = ORIENTED_EDGE ( 'NONE', *, *, #1274, .F. ) ;
#1524 = VERTEX_POINT ( 'NONE', #2062 ) ;
#1525 = EDGE_CURVE ( 'NONE', #930, #1342, #49, .T. ) ;
#1526 = ORIENTED_EDGE ( 'NONE', *, *, #1927, .T. ) ;
#1527 = DIRECTION ( 'NONE',  ( -0.000000000000000000, -0.000000000000000000, -1.000000000000000000 ) ) ;
#1528 = VERTEX_POINT ( 'NONE', #284 ) ;
#1529 = DIRECTION ( 'NONE',  ( 6.938893903907221278E-15, 1.000000000000000000, 0.000000000000000000 ) ) ;
#1530 = CARTESIAN_POINT ( 'NONE',  ( 0.4999999999999995559, -5.204170427930411817E-15, 2.000000000000000000 ) ) ;
#1531 = DIRECTION ( 'NONE',  ( -1.000000000000000000, 0.000000000000000000, 0.000000000000000000 ) ) ;
#1532 = FACE_OUTER_BOUND ( 'NONE', #2047, .T. ) ;
#1533 = ORIENTED_EDGE ( 'NONE', *, *, #1987, .F. ) ;
#1534 = LINE ( 'NONE', #2344, #1897 ) ;
#1535 = ORIENTED_EDGE ( 'NONE', *, *, #233, .F. ) ;
#1536 = ORIENTED_EDGE ( 'NONE', *, *, #190, .F. ) ;
#1537 = CARTESIAN_POINT ( 'NONE',  ( -0.4999999999999815703, 5.250000000000000888, 2.000000000000000000 ) ) ;
#1538 = DIRECTION ( 'NONE',  ( -1.000000000000000000, 0.000000000000000000, 0.000000000000000000 ) ) ;
#1539 = VECTOR ( 'NONE', #648, 1000.000000000000000 ) ;
#1540 = EDGE_CURVE ( 'NONE', #1327, #162, #2452, .T. ) ;
#1541 = ADVANCED_FACE ( 'NONE', ( #1863 ), #73, .F. ) ;
#1542 = VECTOR ( 'NONE', #1315, 1000.000000000000000 ) ;
#1543 = EDGE_CURVE ( 'NONE', #2480, #486, #454, .T. ) ;
#1544 = ORIENTED_EDGE ( 'NONE', *, *, #654, .T. ) ;
#1545 = DIRECTION ( 'NONE',  ( -0.000000000000000000, 0.000000000000000000, 1.000000000000000000 ) ) ;
#1546 = CIRCLE ( 'NONE', #674, 1.500000000000000000 ) ;
#1547 = DIRECTION ( 'NONE',  ( 0.000000000000000000, 1.000000000000000000, -0.000000000000000000 ) ) ;
#1548 = EDGE_CURVE ( 'NONE', #1654, #969, #2048, .T. ) ;
#1549 = DIRECTION ( 'NONE',  ( 1.000000000000000000, 0.000000000000000000, 0.000000000000000000 ) ) ;
#1550 = ORIENTED_EDGE ( 'NONE', *, *, #654, .F. ) ;
#1551 = LINE ( 'NONE', #2581, #1433 ) ;
#1552 = EDGE_CURVE ( 'NONE', #509, #784, #1050, .T. ) ;
#1553 = VERTEX_POINT ( 'NONE', #1470 ) ;
#1554 = FACE_OUTER_BOUND ( 'NONE', #866, .T. ) ;
#1555 = DIRECTION ( 'NONE',  ( 1.000000000000000000, 0.000000000000000000, 0.000000000000000000 ) ) ;
#1556 = CARTESIAN_POINT ( 'NONE',  ( 3.500000000000018208, 5.249999999999988454, 2.000000000000000000 ) ) ;
#1557 = ORIENTED_EDGE ( 'NONE', *, *, #1802, .T. ) ;
#1558 = CARTESIAN_POINT ( 'NONE',  ( -2.499999999999981348, 5.749999999999999112, 2.000000000000000000 ) ) ;
#1559 = DIRECTION ( 'NONE',  ( -2.168404344971006649E-16, 1.000000000000000000, 0.000000000000000000 ) ) ;
#1560 = DIRECTION ( 'NONE',  ( 0.000000000000000000, 0.000000000000000000, 1.000000000000000000 ) ) ;
#1561 = CIRCLE ( 'NONE', #1639, 0.4999999999999987232 ) ;
#1562 = AXIS2_PLACEMENT_3D ( 'NONE', #1179, #2513, #970 ) ;
#1563 = ORIENTED_EDGE ( 'NONE', *, *, #2435, .T. ) ;
#1564 = AXIS2_PLACEMENT_3D ( 'NONE', #1485, #1244, #860 ) ;
#1565 = PLANE ( 'NONE',  #1811 ) ;
#1566 = AXIS2_PLACEMENT_3D ( 'NONE', #795, #1625, #1008 ) ;
#1567 = ORIENTED_EDGE ( 'NONE', *, *, #1416, .F. ) ;
#1568 = LINE ( 'NONE', #1973, #1322 ) ;
#1569 = DIRECTION ( 'NONE',  ( -0.000000000000000000, -0.000000000000000000, -1.000000000000000000 ) ) ;
#1570 = DIRECTION ( 'NONE',  ( 0.000000000000000000, 0.000000000000000000, 1.000000000000000000 ) ) ;
#1571 = ORIENTED_EDGE ( 'NONE', *, *, #2210, .F. ) ;
#1572 = CARTESIAN_POINT ( 'NONE',  ( 5.750000000000000000, -0.5000000000000384137, 0.000000000000000000 ) ) ;
#1573 = CARTESIAN_POINT ( 'NONE',  ( -4.110000000000000320, -3.810000000000000053, 0.000000000000000000 ) ) ;
#1574 = CARTESIAN_POINT ( 'NONE',  ( -5.750000000000000000, 0.5000000000000000000, 0.000000000000000000 ) ) ;
#1575 = EDGE_CURVE ( 'NONE', #1328, #2378, #1061, .T. ) ;
#1576 = EDGE_LOOP ( 'NONE', ( #948, #1164, #1275, #23 ) ) ;
#1577 = LINE ( 'NONE', #2387, #1472 ) ;
#1578 = EDGE_CURVE ( 'NONE', #741, #2061, #29, .T. ) ;
#1579 = ORIENTED_EDGE ( 'NONE', *, *, #2429, .F. ) ;
#1580 = PLANE ( 'NONE',  #1066 ) ;
#1581 = DIRECTION ( 'NONE',  ( -1.000000000000000000, 0.000000000000000000, 0.000000000000000000 ) ) ;
#1582 = ORIENTED_EDGE ( 'NONE', *, *, #1794, .F. ) ;
#1583 = DIRECTION ( 'NONE',  ( 0.000000000000000000, 1.000000000000000000, -0.000000000000000000 ) ) ;
#1584 = CARTESIAN_POINT ( 'NONE',  ( -5.750000000000000000, 0.5000000000000000000, 2.000000000000000000 ) ) ;
#1585 = DIRECTION ( 'NONE',  ( -0.000000000000000000, -0.000000000000000000, -1.000000000000000000 ) ) ;
#1586 = AXIS2_PLACEMENT_3D ( 'NONE', #2533, #1885, #1306 ) ;
#1587 = EDGE_LOOP ( 'NONE', ( #427, #2111 ) ) ;
#1588 = LINE ( 'NONE', #1206, #773 ) ;
#1589 = CARTESIAN_POINT ( 'NONE',  ( 3.499999999999941824, -5.750000000000000888, 2.000000000000000000 ) ) ;
#1590 = VECTOR ( 'NONE', #831, 1000.000000000000000 ) ;
#1591 = ORIENTED_EDGE ( 'NONE', *, *, #186, .F. ) ;
#1592 = CARTESIAN_POINT ( 'NONE',  ( -2.500000000000055511, -5.249999999999973355, 0.000000000000000000 ) ) ;
#1593 = CYLINDRICAL_SURFACE ( 'NONE', #565, 0.4999999999999995559 ) ;
#1594 = DIRECTION ( 'NONE',  ( 0.000000000000000000, 0.000000000000000000, 1.000000000000000000 ) ) ;
#1595 = DIRECTION ( 'NONE',  ( -0.000000000000000000, -0.000000000000000000, -1.000000000000000000 ) ) ;
#1596 = ORIENTED_EDGE ( 'NONE', *, *, #2518, .F. ) ;
#1597 = FACE_OUTER_BOUND ( 'NONE', #490, .T. ) ;
#1598 = CIRCLE ( 'NONE', #2275, 0.4999999999999995559 ) ;
#1599 = VECTOR ( 'NONE', #400, 1000.000000000000000 ) ;
#1600 = VERTEX_POINT ( 'NONE', #59 ) ;
#1601 = DIRECTION ( 'NONE',  ( 0.000000000000000000, -1.000000000000000000, 0.000000000000000000 ) ) ;
#1602 = AXIS2_PLACEMENT_3D ( 'NONE', #200, #1791, #2597 ) ;
#1603 = CARTESIAN_POINT ( 'NONE',  ( -5.505206342673671476E-14, -5.249999999999998224, 2.000000000000000000 ) ) ;
#1604 = EDGE_CURVE ( 'NONE', #2110, #290, #1726, .T. ) ;
#1605 = DIRECTION ( 'NONE',  ( 1.000000000000000000, 0.000000000000000000, 0.000000000000000000 ) ) ;
#1606 = PRODUCT_DEFINITION ( 'UNKNOWN', '', #252, #2057 ) ;
#1607 = CARTESIAN_POINT ( 'NONE',  ( -0.4999999999999807376, 5.749999999999999112, 2.000000000000000000 ) ) ;
#1608 = FACE_OUTER_BOUND ( 'NONE', #762, .T. ) ;
#1609 = DIRECTION ( 'NONE',  ( -0.000000000000000000, -0.000000000000000000, 1.000000000000000000 ) ) ;
#1610 = ORIENTED_EDGE ( 'NONE', *, *, #1653, .F. ) ;
#1611 = CARTESIAN_POINT ( 'NONE',  ( 0.000000000000000000, 5.749999999999999112, 0.000000000000000000 ) ) ;
#1612 = CYLINDRICAL_SURFACE ( 'NONE', #2044, 0.4999999999999991673 ) ;
#1613 = EDGE_LOOP ( 'NONE', ( #912, #1049 ) ) ;
#1614 = CARTESIAN_POINT ( 'NONE',  ( -0.5000000000000004441, 5.204170427930421283E-15, 2.000000000000000000 ) ) ;
#1615 = LINE ( 'NONE', #641, #1773 ) ;
#1616 = DIRECTION ( 'NONE',  ( -0.000000000000000000, 0.000000000000000000, 1.000000000000000000 ) ) ;
#1617 = DIRECTION ( 'NONE',  ( 0.000000000000000000, 1.000000000000000000, -0.000000000000000000 ) ) ;
#1618 = EDGE_CURVE ( 'NONE', #503, #638, #1286, .T. ) ;
#1619 = DIRECTION ( 'NONE',  ( 0.000000000000000000, -0.000000000000000000, -1.000000000000000000 ) ) ;
#1620 = CARTESIAN_POINT ( 'NONE',  ( 3.510000000000000231, -3.810000000000000053, -3.000000000000000000 ) ) ;
#1621 = VECTOR ( 'NONE', #2384, 1000.000000000000000 ) ;
#1622 = ADVANCED_FACE ( 'NONE', ( #870 ), #1643, .T. ) ;
#1623 = ORIENTED_EDGE ( 'NONE', *, *, #2262, .T. ) ;
#1624 = AXIS2_PLACEMENT_3D ( 'NONE', #342, #145, #2335 ) ;
#1625 = DIRECTION ( 'NONE',  ( -0.000000000000000000, -0.000000000000000000, -1.000000000000000000 ) ) ;
#1626 = AXIS2_PLACEMENT_3D ( 'NONE', #1977, #952, #1201 ) ;
#1627 = EDGE_CURVE ( 'NONE', #1469, #1409, #2073, .T. ) ;
#1628 = VERTEX_POINT ( 'NONE', #1672 ) ;
#1629 = CIRCLE ( 'NONE', #929, 0.5000000000000004441 ) ;
#1630 = ORIENTED_EDGE ( 'NONE', *, *, #1310, .F. ) ;
#1631 = DIRECTION ( 'NONE',  ( -0.000000000000000000, 0.000000000000000000, 1.000000000000000000 ) ) ;
#1632 = FACE_OUTER_BOUND ( 'NONE', #1111, .T. ) ;
#1633 = CARTESIAN_POINT ( 'NONE',  ( -5.250000000000000000, 3.500000000000000000, 2.000000000000000000 ) ) ;
#1634 = ORIENTED_EDGE ( 'NONE', *, *, #13, .T. ) ;
#1635 = FACE_OUTER_BOUND ( 'NONE', #2366, .T. ) ;
#1636 = ORIENTED_EDGE ( 'NONE', *, *, #2314, .T. ) ;
#1637 = CARTESIAN_POINT ( 'NONE',  ( -4.250000000000000000, -5.750000000000000888, 0.000000000000000000 ) ) ;
#1638 = CIRCLE ( 'NONE', #97, 2.900000000000000799 ) ;
#1639 = AXIS2_PLACEMENT_3D ( 'NONE', #1757, #2367, #137 ) ;
#1640 = CARTESIAN_POINT ( 'NONE',  ( -2.168404344971010840E-15, 2.500000000000004885, 2.000000000000000000 ) ) ;
#1641 = VECTOR ( 'NONE', #684, 1000.000000000000000 ) ;
#1642 = VERTEX_POINT ( 'NONE', #441 ) ;
#1643 = PLANE ( 'NONE',  #2410 ) ;
#1644 = CARTESIAN_POINT ( 'NONE',  ( 3.499999999999943601, -5.250000000000034639, 0.000000000000000000 ) ) ;
#1645 = CIRCLE ( 'NONE', #2324, 0.5000000000000004441 ) ;
#1646 = VECTOR ( 'NONE', #2425, 1000.000000000000000 ) ;
#1647 = LINE ( 'NONE', #306, #715 ) ;
#1648 = CYLINDRICAL_SURFACE ( 'NONE', #2522, 0.2999999999999999334 ) ;
#1649 = DIRECTION ( 'NONE',  ( -1.000000000000000000, 1.301042606982604059E-14, 0.000000000000000000 ) ) ;
#1650 = ORIENTED_EDGE ( 'NONE', *, *, #867, .T. ) ;
#1651 = DIRECTION ( 'NONE',  ( -6.071532165918819308E-15, -1.000000000000000000, 0.000000000000000000 ) ) ;
#1652 = DIRECTION ( 'NONE',  ( 1.000000000000000000, 8.673617379884026597E-16, 0.000000000000000000 ) ) ;
#1653 = EDGE_CURVE ( 'NONE', #1767, #1782, #2253, .T. ) ;
#1654 = VERTEX_POINT ( 'NONE', #1073 ) ;
#1655 = ADVANCED_FACE ( 'NONE', ( #1243 ), #1040, .F. ) ;
#1656 = VECTOR ( 'NONE', #803, 1000.000000000000000 ) ;
#1657 = CARTESIAN_POINT ( 'NONE',  ( 5.250000000000016875, 2.499999999999964473, 0.000000000000000000 ) ) ;
#1658 = ORIENTED_EDGE ( 'NONE', *, *, #1393, .T. ) ;
#1659 = EDGE_CURVE ( 'NONE', #2061, #2563, #821, .T. ) ;
#1660 = DIRECTION ( 'NONE',  ( 0.000000000000000000, -0.000000000000000000, -1.000000000000000000 ) ) ;
#1661 = DIRECTION ( 'NONE',  ( -1.040834085586083310E-14, -1.000000000000000000, 0.000000000000000000 ) ) ;
#1662 = DIRECTION ( 'NONE',  ( 3.469446951953610639E-15, 1.000000000000000000, 0.000000000000000000 ) ) ;
#1663 = AXIS2_PLACEMENT_3D ( 'NONE', #1747, #767, #1953 ) ;
#1664 = ORIENTED_EDGE ( 'NONE', *, *, #2092, .T. ) ;
#1665 = VERTEX_POINT ( 'NONE', #2430 ) ;
#1666 = DIRECTION ( 'NONE',  ( -1.000000000000000000, 0.000000000000000000, 0.000000000000000000 ) ) ;
#1667 = VECTOR ( 'NONE', #557, 1000.000000000000000 ) ;
#1668 = ORIENTED_EDGE ( 'NONE', *, *, #1933, .T. ) ;
#1669 = DIRECTION ( 'NONE',  ( -1.000000000000000000, 0.000000000000000000, 0.000000000000000000 ) ) ;
#1670 = VECTOR ( 'NONE', #1368, 1000.000000000000000 ) ;
#1671 = VERTEX_POINT ( 'NONE', #633 ) ;
#1672 = CARTESIAN_POINT ( 'NONE',  ( 4.750000000000021316, 2.999999999999963585, 0.000000000000000000 ) ) ;
#1673 = CARTESIAN_POINT ( 'NONE',  ( 0.000000000000000000, 5.749999999999999112, 0.000000000000000000 ) ) ;
#1674 = DIRECTION ( 'NONE',  ( 0.000000000000000000, 0.000000000000000000, 1.000000000000000000 ) ) ;
#1675 = ORIENTED_EDGE ( 'NONE', *, *, #94, .T. ) ;
#1676 = CARTESIAN_POINT ( 'NONE',  ( 3.361026734705051124E-15, 0.4999999999999985012, 0.000000000000000000 ) ) ;
#1677 = CARTESIAN_POINT ( 'NONE',  ( 4.250000000000000000, 5.749999999999999112, 2.000000000000000000 ) ) ;
#1678 = PLANE ( 'NONE',  #2195 ) ;
#1679 = EDGE_CURVE ( 'NONE', #58, #1267, #2024, .T. ) ;
#1680 = ORIENTED_EDGE ( 'NONE', *, *, #1220, .F. ) ;
#1681 = ORIENTED_EDGE ( 'NONE', *, *, #764, .F. ) ;
#1682 = ORIENTED_EDGE ( 'NONE', *, *, #567, .F. ) ;
#1683 = FACE_OUTER_BOUND ( 'NONE', #1720, .T. ) ;
#1684 = LINE ( 'NONE', #2267, #853 ) ;
#1685 = EDGE_CURVE ( 'NONE', #449, #1909, #1100, .T. ) ;
#1686 = EDGE_CURVE ( 'NONE', #1697, #58, #645, .T. ) ;
#1687 = AXIS2_PLACEMENT_3D ( 'NONE', #1853, #1631, #1838 ) ;
#1688 = DIRECTION ( 'NONE',  ( -1.000000000000000000, 0.000000000000000000, 0.000000000000000000 ) ) ;
#1689 = AXIS2_PLACEMENT_3D ( 'NONE', #2028, #1585, #33 ) ;
#1690 = EDGE_CURVE ( 'NONE', #174, #1642, #1153, .T. ) ;
#1691 = VERTEX_POINT ( 'NONE', #1359 ) ;
#1692 = EDGE_CURVE ( 'NONE', #2087, #2510, #1894, .T. ) ;
#1693 = FACE_OUTER_BOUND ( 'NONE', #360, .T. ) ;
#1694 = VERTEX_POINT ( 'NONE', #744 ) ;
#1695 = CARTESIAN_POINT ( 'NONE',  ( -5.249999999999999112, -3.499999999999998668, 0.000000000000000000 ) ) ;
#1696 = ORIENTED_EDGE ( 'NONE', *, *, #1302, .T. ) ;
#1697 = VERTEX_POINT ( 'NONE', #1946 ) ;
#1698 = EDGE_LOOP ( 'NONE', ( #341, #1232, #1650, #2242 ) ) ;
#1699 = CARTESIAN_POINT ( 'NONE',  ( 0.000000000000000000, 5.749999999999999112, 2.000000000000000000 ) ) ;
#1700 = CARTESIAN_POINT ( 'NONE',  ( 2.499999999999946265, -5.250000000000024869, 2.000000000000000000 ) ) ;
#1701 = CARTESIAN_POINT ( 'NONE',  ( -5.750000000000000000, 0.000000000000000000, 2.000000000000000000 ) ) ;
#1702 = CARTESIAN_POINT ( 'NONE',  ( 3.510000000000000231, 3.810000000000000053, -3.000000000000000000 ) ) ;
#1703 = ORIENTED_EDGE ( 'NONE', *, *, #2144, .T. ) ;
#1704 = DIRECTION ( 'NONE',  ( 1.000000000000000000, 0.000000000000000000, 0.000000000000000000 ) ) ;
#1705 = CIRCLE ( 'NONE', #2471, 0.5000000000000000000 ) ;
#1706 = CARTESIAN_POINT ( 'NONE',  ( -3.500000000000057732, -5.750000000000000888, 2.000000000000000000 ) ) ;
#1707 = DIRECTION ( 'NONE',  ( 0.000000000000000000, 0.000000000000000000, 1.000000000000000000 ) ) ;
#1708 = ORIENTED_EDGE ( 'NONE', *, *, #261, .T. ) ;
#1709 = VECTOR ( 'NONE', #2088, 1000.000000000000000 ) ;
#1710 = ORIENTED_EDGE ( 'NONE', *, *, #65, .T. ) ;
#1711 = ORIENTED_EDGE ( 'NONE', *, *, #1736, .F. ) ;
#1712 = DIRECTION ( 'NONE',  ( 9.540979117872429553E-15, 1.000000000000000000, 0.000000000000000000 ) ) ;
#1713 = DIRECTION ( 'NONE',  ( 1.000000000000000000, 0.000000000000000000, 0.000000000000000000 ) ) ;
#1714 = VERTEX_POINT ( 'NONE', #1700 ) ;
#1715 = DIRECTION ( 'NONE',  ( -1.000000000000000000, 9.540979117872429553E-15, 0.000000000000000000 ) ) ;
#1716 = ORIENTED_EDGE ( 'NONE', *, *, #2465, .F. ) ;
#1717 = CARTESIAN_POINT ( 'NONE',  ( -3.810000000000000053, 3.810000000000000053, -3.000000000000000000 ) ) ;
#1718 = ADVANCED_FACE ( 'NONE', ( #560 ), #1565, .T. ) ;
#1719 = ORIENTED_EDGE ( 'NONE', *, *, #1009, .T. ) ;
#1720 = EDGE_LOOP ( 'NONE', ( #664, #907, #1982, #1557 ) ) ;
#1721 = EDGE_LOOP ( 'NONE', ( #2530, #1719, #128, #580 ) ) ;
#1722 = CARTESIAN_POINT ( 'NONE',  ( -5.750000000000000000, -4.250000000000000000, 2.000000000000000000 ) ) ;
#1723 = ORIENTED_EDGE ( 'NONE', *, *, #1963, .F. ) ;
#1724 = DIRECTION ( 'NONE',  ( 0.000000000000000000, -0.000000000000000000, -1.000000000000000000 ) ) ;
#1725 = DIRECTION ( 'NONE',  ( 1.000000000000000000, 0.000000000000000000, 0.000000000000000000 ) ) ;
#1726 = CIRCLE ( 'NONE', #2498, 0.5000000000000000000 ) ;
#1727 = VECTOR ( 'NONE', #2326, 1000.000000000000000 ) ;
#1728 = CARTESIAN_POINT ( 'NONE',  ( 2.499999999999946265, -5.250000000000024869, 2.000000000000000000 ) ) ;
#1729 = CIRCLE ( 'NONE', #2456, 0.2999999999999999334 ) ;
#1730 = EDGE_LOOP ( 'NONE', ( #1353, #2239, #2160, #1448, #1048, #2580, #750, #2459, #1097, #2291, #1904, #1596, #466, #2250, #2146, #2307, #2443, #2164, #1279, #1046, #2347, #983, #2598, #1826, #1636, #525, #2511, #1544, #1837, #1536, #2303, #1832, #117, #771, #942, #170, #528, #2343, #405, #1756, #2453, #1205, #2583, #1886, #602, #1348, #1500, #1723, #709, #2567, #1058, #879, #2348, #326, #829, #2126, #2078, #2085, #219 ) ) ;
#1731 = DIRECTION ( 'NONE',  ( 1.000000000000000000, 2.168404344971006649E-16, 0.000000000000000000 ) ) ;
#1732 = AXIS2_PLACEMENT_3D ( 'NONE', #1450, #2336, #494 ) ;
#1733 = CIRCLE ( 'NONE', #947, 0.2999999999999999334 ) ;
#1734 = ORIENTED_EDGE ( 'NONE', *, *, #677, .T. ) ;
#1735 = EDGE_CURVE ( 'NONE', #2087, #1714, #1551, .T. ) ;
#1736 = EDGE_CURVE ( 'NONE', #2361, #315, #1762, .T. ) ;
#1737 = EDGE_CURVE ( 'NONE', #1103, #538, #1534, .T. ) ;
#1738 = ORIENTED_EDGE ( 'NONE', *, *, #1901, .T. ) ;
#1739 = VERTEX_POINT ( 'NONE', #1349 ) ;
#1740 = LINE ( 'NONE', #1141, #80 ) ;
#1741 = ADVANCED_FACE ( 'NONE', ( #574 ), #1166, .T. ) ;
#1742 = ORIENTED_EDGE ( 'NONE', *, *, #233, .T. ) ;
#1743 = DIRECTION ( 'NONE',  ( 1.000000000000000000, 0.000000000000000000, 0.000000000000000000 ) ) ;
#1744 = EDGE_CURVE ( 'NONE', #2219, #1654, #1598, .T. ) ;
#1745 = CARTESIAN_POINT ( 'NONE',  ( 5.750000000000000000, -0.5000000000000384137, 2.000000000000000000 ) ) ;
#1746 = CARTESIAN_POINT ( 'NONE',  ( -3.500000000000055067, -5.249999999999962697, 2.000000000000000000 ) ) ;
#1747 = CARTESIAN_POINT ( 'NONE',  ( 0.000000000000000000, 0.000000000000000000, 8.803305772578518429 ) ) ;
#1748 = ORIENTED_EDGE ( 'NONE', *, *, #488, .T. ) ;
#1749 = FACE_OUTER_BOUND ( 'NONE', #1154, .T. ) ;
#1750 = ORIENTED_EDGE ( 'NONE', *, *, #1462, .T. ) ;
#1751 = DIRECTION ( 'NONE',  ( -0.000000000000000000, -0.000000000000000000, -1.000000000000000000 ) ) ;
#1752 = CARTESIAN_POINT ( 'NONE',  ( 5.750000000000000000, 0.4999999999999616418, 2.000000000000000000 ) ) ;
#1753 = DIRECTION ( 'NONE',  ( -6.722053469410121969E-15, -1.000000000000000000, 0.000000000000000000 ) ) ;
#1754 = CLOSED_SHELL ( 'NONE', ( #2081, #1991, #763, #239, #2227, #1197, #550, #2202, #1493, #1311, #1519, #2523, #1413, #1229, #1819, #2358, #1272, #1622, #1068, #1384, #1812, #109, #575, #544, #1337, #1456, #1385, #2007, #452, #268, #536, #2115, #2290, #2240, #1489, #2517, #1224, #1866, #923, #1718, #430, #1655, #2606, #484, #42, #1387, #506, #655, #1457, #2481, #164, #2487, #155, #19, #2470, #68, #2004, #629, #2553, #2116, #512, #1365, #622, #1741, #2032, #2288, #881, #978, #2312, #697, #809, #1956, #1541, #214, #78 ) ) ;
#1755 = AXIS2_PLACEMENT_3D ( 'NONE', #1223, #2400, #198 ) ;
#1756 = ORIENTED_EDGE ( 'NONE', *, *, #867, .F. ) ;
#1757 = CARTESIAN_POINT ( 'NONE',  ( 5.250000000000020428, 2.999999999999963585, 2.000000000000000000 ) ) ;
#1758 = AXIS2_PLACEMENT_3D ( 'NONE', #594, #2185, #1669 ) ;
#1759 = CARTESIAN_POINT ( 'NONE',  ( 5.750000000000000000, -2.500000000000038636, 2.000000000000000000 ) ) ;
#1760 = FACE_OUTER_BOUND ( 'NONE', #758, .T. ) ;
#1761 = ORIENTED_EDGE ( 'NONE', *, *, #66, .F. ) ;
#1762 = LINE ( 'NONE', #180, #687 ) ;
#1763 = EDGE_CURVE ( 'NONE', #2472, #225, #2140, .T. ) ;
#1764 = EDGE_LOOP ( 'NONE', ( #882, #1136, #2381, #382 ) ) ;
#1765 = LINE ( 'NONE', #385, #514 ) ;
#1766 = EDGE_CURVE ( 'NONE', #589, #1419, #1298, .T. ) ;
#1767 = VERTEX_POINT ( 'NONE', #783 ) ;
#1768 = CARTESIAN_POINT ( 'NONE',  ( 0.5000000000000014433, -1.626303258728259806E-15, 0.000000000000000000 ) ) ;
#1769 = EDGE_CURVE ( 'NONE', #883, #2385, #1577, .T. ) ;
#1770 = FACE_OUTER_BOUND ( 'NONE', #1044, .T. ) ;
#1771 = LINE ( 'NONE', #390, #541 ) ;
#1772 = CARTESIAN_POINT ( 'NONE',  ( -3.510000000000000231, 3.810000000000000053, -3.000000000000000000 ) ) ;
#1773 = VECTOR ( 'NONE', #69, 1000.000000000000000 ) ;
#1774 = VECTOR ( 'NONE', #1146, 1000.000000000000000 ) ;
#1775 = FACE_OUTER_BOUND ( 'NONE', #2363, .T. ) ;
#1776 = ORIENTED_EDGE ( 'NONE', *, *, #2383, .T. ) ;
#1777 = VECTOR ( 'NONE', #1330, 1000.000000000000000 ) ;
#1778 = CARTESIAN_POINT ( 'NONE',  ( 4.250000000000000000, -4.250000000000000000, 2.000000000000000000 ) ) ;
#1779 = ORIENTED_EDGE ( 'NONE', *, *, #2184, .F. ) ;
#1780 = CARTESIAN_POINT ( 'NONE',  ( 3.810000000000000053, 3.810000000000000053, -3.000000000000000000 ) ) ;
#1781 = FACE_OUTER_BOUND ( 'NONE', #896, .T. ) ;
#1782 = VERTEX_POINT ( 'NONE', #588 ) ;
#1783 = DIRECTION ( 'NONE',  ( 1.000000000000000000, 0.000000000000000000, 0.000000000000000000 ) ) ;
#1784 = CYLINDRICAL_SURFACE ( 'NONE', #2256, 0.4999999999999995559 ) ;
#1785 = FILL_AREA_STYLE_COLOUR ( '', #561 ) ;
#1786 = LINE ( 'NONE', #422, #1458 ) ;
#1787 = VERTEX_POINT ( 'NONE', #1382 ) ;
#1788 = CARTESIAN_POINT ( 'NONE',  ( -4.250000000000000000, -4.250000000000000000, 2.000000000000000000 ) ) ;
#1789 = FACE_OUTER_BOUND ( 'NONE', #864, .T. ) ;
#1790 = EDGE_LOOP ( 'NONE', ( #1680, #154, #418, #2310 ) ) ;
#1791 = DIRECTION ( 'NONE',  ( -0.000000000000000000, 0.000000000000000000, 1.000000000000000000 ) ) ;
#1792 = FACE_OUTER_BOUND ( 'NONE', #476, .T. ) ;
#1793 = CARTESIAN_POINT ( 'NONE',  ( -2.500000000000014655, 1.517883041479713781E-14, 0.000000000000000000 ) ) ;
#1794 = EDGE_CURVE ( 'NONE', #735, #589, #356, .T. ) ;
#1795 = DIRECTION ( 'NONE',  ( -0.000000000000000000, -0.000000000000000000, 1.000000000000000000 ) ) ;
#1796 =( NAMED_UNIT ( * ) SI_UNIT ( $, .STERADIAN. ) SOLID_ANGLE_UNIT ( ) );
#1797 = CIRCLE ( 'NONE', #551, 0.4999999999999995559 ) ;
#1798 = EDGE_LOOP ( 'NONE', ( #236, #2109 ) ) ;
#1799 = DIRECTION ( 'NONE',  ( 0.000000000000000000, 1.000000000000000000, -0.000000000000000000 ) ) ;
#1800 = LINE ( 'NONE', #6, #2374 ) ;
#1801 = LINE ( 'NONE', #404, #460 ) ;
#1802 = EDGE_CURVE ( 'NONE', #296, #1767, #156, .T. ) ;
#1803 = ORIENTED_EDGE ( 'NONE', *, *, #733, .T. ) ;
#1804 = DIRECTION ( 'NONE',  ( -0.000000000000000000, 0.000000000000000000, 1.000000000000000000 ) ) ;
#1805 = CYLINDRICAL_SURFACE ( 'NONE', #1961, 0.2999999999999999334 ) ;
#1806 = CARTESIAN_POINT ( 'NONE',  ( 5.750000000000000000, -2.500000000000038636, 2.000000000000000000 ) ) ;
#1807 = CARTESIAN_POINT ( 'NONE',  ( 3.500000000000019096, 5.749999999999999112, 2.000000000000000000 ) ) ;
#1808 = ORIENTED_EDGE ( 'NONE', *, *, #2034, .T. ) ;
#1809 = CARTESIAN_POINT ( 'NONE',  ( 0.000000000000000000, 3.500000000000000000, 2.000000000000000000 ) ) ;
#1810 = DIRECTION ( 'NONE',  ( 1.000000000000000000, 0.000000000000000000, 0.000000000000000000 ) ) ;
#1811 = AXIS2_PLACEMENT_3D ( 'NONE', #2154, #169, #366 ) ;
#1812 = ADVANCED_FACE ( 'NONE', ( #1683 ), #884, .F. ) ;
#1813 = CIRCLE ( 'NONE', #2149, 0.5000000000000000000 ) ;
#1814 = ORIENTED_EDGE ( 'NONE', *, *, #1260, .F. ) ;
#1815 = DIRECTION ( 'NONE',  ( 1.000000000000000000, -2.602085213965208275E-15, 0.000000000000000000 ) ) ;
#1816 = CARTESIAN_POINT ( 'NONE',  ( -5.750000000000000000, 0.000000000000000000, 0.000000000000000000 ) ) ;
#1817 = DIRECTION ( 'NONE',  ( -1.000000000000000000, 0.000000000000000000, 0.000000000000000000 ) ) ;
#1818 = CARTESIAN_POINT ( 'NONE',  ( 0.000000000000000000, -5.750000000000000888, 2.000000000000000000 ) ) ;
#1819 = ADVANCED_FACE ( 'NONE', ( #1749 ), #2565, .T. ) ;
#1820 = DIRECTION ( 'NONE',  ( -0.000000000000000000, 0.000000000000000000, 1.000000000000000000 ) ) ;
#1821 = ORIENTED_EDGE ( 'NONE', *, *, #1283, .F. ) ;
#1822 = FACE_OUTER_BOUND ( 'NONE', #95, .T. ) ;
#1823 = EDGE_CURVE ( 'NONE', #1891, #1862, #1076, .T. ) ;
#1824 = ORIENTED_EDGE ( 'NONE', *, *, #2314, .F. ) ;
#1825 = DIRECTION ( 'NONE',  ( -0.000000000000000000, -0.000000000000000000, 1.000000000000000000 ) ) ;
#1826 = ORIENTED_EDGE ( 'NONE', *, *, #928, .T. ) ;
#1827 = ORIENTED_EDGE ( 'NONE', *, *, #1578, .T. ) ;
#1828 = CARTESIAN_POINT ( 'NONE',  ( 4.749999999999979572, -3.000000000000036415, 2.000000000000000000 ) ) ;
#1829 = CARTESIAN_POINT ( 'NONE',  ( 5.249999999999995559, -0.5000000000000367484, 2.000000000000000000 ) ) ;
#1830 = CARTESIAN_POINT ( 'NONE',  ( -5.249999999999999112, -3.499999999999998668, 2.000000000000000000 ) ) ;
#1831 = ORIENTED_EDGE ( 'NONE', *, *, #2610, .F. ) ;
#1832 = ORIENTED_EDGE ( 'NONE', *, *, #135, .T. ) ;
#1833 = CARTESIAN_POINT ( 'NONE',  ( -4.110000000000000320, -3.810000000000000053, -3.000000000000000000 ) ) ;
#1834 =( GEOMETRIC_REPRESENTATION_CONTEXT ( 3 ) GLOBAL_UNCERTAINTY_ASSIGNED_CONTEXT ( ( #2197 ) ) GLOBAL_UNIT_ASSIGNED_CONTEXT ( ( #245, #2209, #617 ) ) REPRESENTATION_CONTEXT ( 'NONE', 'WORKASPACE' ) );
#1835 = ORIENTED_EDGE ( 'NONE', *, *, #2377, .F. ) ;
#1836 = AXIS2_PLACEMENT_3D ( 'NONE', #2255, #1473, #1064 ) ;
#1837 = ORIENTED_EDGE ( 'NONE', *, *, #2210, .T. ) ;
#1838 = DIRECTION ( 'NONE',  ( 1.000000000000000000, 0.000000000000000000, 0.000000000000000000 ) ) ;
#1839 = DIRECTION ( 'NONE',  ( 0.000000000000000000, 0.000000000000000000, -1.000000000000000000 ) ) ;
#1840 = EDGE_CURVE ( 'NONE', #515, #1469, #77, .T. ) ;
#1841 = CARTESIAN_POINT ( 'NONE',  ( 5.750000000000000000, 0.000000000000000000, 2.000000000000000000 ) ) ;
#1842 = EDGE_CURVE ( 'NONE', #1371, #1188, #731, .T. ) ;
#1843 = DIRECTION ( 'NONE',  ( -0.000000000000000000, 0.000000000000000000, 1.000000000000000000 ) ) ;
#1844 = EDGE_CURVE ( 'NONE', #241, #301, #563, .T. ) ;
#1845 = EDGE_CURVE ( 'NONE', #1336, #2192, #2102, .T. ) ;
#1846 = ORIENTED_EDGE ( 'NONE', *, *, #1931, .T. ) ;
#1847 = DIRECTION ( 'NONE',  ( 1.000000000000000000, 0.000000000000000000, 0.000000000000000000 ) ) ;
#1848 = ORIENTED_EDGE ( 'NONE', *, *, #2370, .F. ) ;
#1849 = VECTOR ( 'NONE', #1617, 1000.000000000000000 ) ;
#1850 = MECHANICAL_DESIGN_GEOMETRIC_PRESENTATION_REPRESENTATION (  '', ( #1126 ), #729 ) ;
#1851 = CARTESIAN_POINT ( 'NONE',  ( -3.499999999999980460, 5.250000000000011546, 2.000000000000000000 ) ) ;
#1852 = ORIENTED_EDGE ( 'NONE', *, *, #2236, .F. ) ;
#1853 = CARTESIAN_POINT ( 'NONE',  ( 5.249999999999999112, -3.672178639781026149E-14, 0.000000000000000000 ) ) ;
#1854 = CARTESIAN_POINT ( 'NONE',  ( 0.000000000000000000, 2.899999999999999911, 8.800000000000000711 ) ) ;
#1855 = AXIS2_PLACEMENT_3D ( 'NONE', #2421, #811, #1619 ) ;
#1856 = CARTESIAN_POINT ( 'NONE',  ( 4.250000000000000000, -5.750000000000000888, 2.000000000000000000 ) ) ;
#1857 = CARTESIAN_POINT ( 'NONE',  ( -0.000000000000000000, -5.750000000000000888, 0.000000000000000000 ) ) ;
#1858 = ORIENTED_EDGE ( 'NONE', *, *, #2037, .T. ) ;
#1859 = DIRECTION ( 'NONE',  ( -1.000000000000000000, 0.000000000000000000, 0.000000000000000000 ) ) ;
#1860 = DIRECTION ( 'NONE',  ( 1.000000000000000000, 0.000000000000000000, 0.000000000000000000 ) ) ;
#1861 = ORIENTED_EDGE ( 'NONE', *, *, #1171, .T. ) ;
#1862 = VERTEX_POINT ( 'NONE', #1155 ) ;
#1863 = FACE_OUTER_BOUND ( 'NONE', #2265, .T. ) ;
#1864 = FACE_OUTER_BOUND ( 'NONE', #604, .T. ) ;
#1865 = LINE ( 'NONE', #1882, #2217 ) ;
#1866 = ADVANCED_FACE ( 'NONE', ( #1554 ), #470, .F. ) ;
#1867 = ORIENTED_EDGE ( 'NONE', *, *, #1627, .F. ) ;
#1868 = FACE_OUTER_BOUND ( 'NONE', #932, .T. ) ;
#1869 = CARTESIAN_POINT ( 'NONE',  ( -5.249999999999999112, -3.000000000000000444, 2.000000000000000000 ) ) ;
#1870 = LINE ( 'NONE', #464, #1902 ) ;
#1871 = VECTOR ( 'NONE', #2534, 1000.000000000000000 ) ;
#1872 = CIRCLE ( 'NONE', #2346, 1.499999999999999556 ) ;
#1873 = ORIENTED_EDGE ( 'NONE', *, *, #606, .T. ) ;
#1874 = EDGE_CURVE ( 'NONE', #877, #2552, #368, .T. ) ;
#1875 = AXIS2_PLACEMENT_3D ( 'NONE', #540, #950, #2055 ) ;
#1876 = CARTESIAN_POINT ( 'NONE',  ( 5.250000000000023981, 3.499999999999961808, 2.000000000000000000 ) ) ;
#1877 = ORIENTED_EDGE ( 'NONE', *, *, #1090, .T. ) ;
#1878 = ORIENTED_EDGE ( 'NONE', *, *, #2315, .F. ) ;
#1879 = EDGE_CURVE ( 'NONE', #2330, #110, #1729, .T. ) ;
#1880 = DIRECTION ( 'NONE',  ( 1.000000000000000000, 0.000000000000000000, 0.000000000000000000 ) ) ;
#1881 = CARTESIAN_POINT ( 'NONE',  ( -3.500000000000057732, -5.750000000000000888, 0.000000000000000000 ) ) ;
#1882 = CARTESIAN_POINT ( 'NONE',  ( 2.500000000000019540, 5.749999999999999112, 2.000000000000000000 ) ) ;
#1883 = ORIENTED_EDGE ( 'NONE', *, *, #2491, .T. ) ;
#1884 = CARTESIAN_POINT ( 'NONE',  ( 0.000000000000000000, 5.749999999999999112, 2.000000000000000000 ) ) ;
#1885 = DIRECTION ( 'NONE',  ( 2.602085213965208275E-15, 1.000000000000000000, -0.000000000000000000 ) ) ;
#1886 = ORIENTED_EDGE ( 'NONE', *, *, #2205, .F. ) ;
#1887 = FACE_OUTER_BOUND ( 'NONE', #1366, .T. ) ;
#1888 = ORIENTED_EDGE ( 'NONE', *, *, #1037, .F. ) ;
#1889 = EDGE_CURVE ( 'NONE', #2563, #1694, #759, .T. ) ;
#1890 = ORIENTED_EDGE ( 'NONE', *, *, #2429, .T. ) ;
#1891 = VERTEX_POINT ( 'NONE', #1959 ) ;
#1892 = FACE_OUTER_BOUND ( 'NONE', #1459, .T. ) ;
#1893 = VECTOR ( 'NONE', #1258, 1000.000000000000000 ) ;
#1894 = LINE ( 'NONE', #900, #434 ) ;
#1895 = CARTESIAN_POINT ( 'NONE',  ( 0.000000000000000000, 0.000000000000000000, 2.000000000000000000 ) ) ;
#1896 = CIRCLE ( 'NONE', #1273, 1.499999999999999556 ) ;
#1897 = VECTOR ( 'NONE', #549, 1000.000000000000000 ) ;
#1898 = CARTESIAN_POINT ( 'NONE',  ( 1.214306433183756762E-14, 3.499999999999980016, 2.000000000000000000 ) ) ;
#1899 = CIRCLE ( 'NONE', #55, 0.4999999999999995559 ) ;
#1900 = EDGE_LOOP ( 'NONE', ( #1523, #1779, #559, #2526 ) ) ;
#1901 = EDGE_CURVE ( 'NONE', #2378, #234, #698, .T. ) ;
#1902 = VECTOR ( 'NONE', #1293, 1000.000000000000000 ) ;
#1903 = CARTESIAN_POINT ( 'NONE',  ( 2.500000000000005329, -6.505213034913034493E-15, 0.000000000000000000 ) ) ;
#1904 = ORIENTED_EDGE ( 'NONE', *, *, #1341, .F. ) ;
#1905 = DIRECTION ( 'NONE',  ( -1.000000000000000000, 0.000000000000000000, 0.000000000000000000 ) ) ;
#1906 = ORIENTED_EDGE ( 'NONE', *, *, #1355, .F. ) ;
#1907 = EDGE_CURVE ( 'NONE', #2510, #679, #972, .T. ) ;
#1908 = ORIENTED_EDGE ( 'NONE', *, *, #1418, .F. ) ;
#1909 = VERTEX_POINT ( 'NONE', #2609 ) ;
#1910 = LINE ( 'NONE', #747, #1420 ) ;
#1911 = DIRECTION ( 'NONE',  ( -0.000000000000000000, 0.000000000000000000, 1.000000000000000000 ) ) ;
#1912 = CARTESIAN_POINT ( 'NONE',  ( 3.810000000000000053, -3.810000000000000053, -3.000000000000000000 ) ) ;
#1913 = ORIENTED_EDGE ( 'NONE', *, *, #330, .F. ) ;
#1914 = DIRECTION ( 'NONE',  ( 1.000000000000000000, 0.000000000000000000, 0.000000000000000000 ) ) ;
#1915 = DIRECTION ( 'NONE',  ( 0.000000000000000000, 0.000000000000000000, 1.000000000000000000 ) ) ;
#1916 = CARTESIAN_POINT ( 'NONE',  ( 5.324339303528180523, -4.824339303528178746, 2.000000000000000000 ) ) ;
#1917 = CARTESIAN_POINT ( 'NONE',  ( -5.250000000000000000, 2.999999999999999556, 2.000000000000000000 ) ) ;
#1918 = ORIENTED_EDGE ( 'NONE', *, *, #1692, .T. ) ;
#1919 = AXIS2_PLACEMENT_3D ( 'NONE', #2216, #2228, #2026 ) ;
#1920 = AXIS2_PLACEMENT_3D ( 'NONE', #2286, #1491, #1707 ) ;
#1921 = ORIENTED_EDGE ( 'NONE', *, *, #94, .F. ) ;
#1922 = ORIENTED_EDGE ( 'NONE', *, *, #1225, .T. ) ;
#1923 = CYLINDRICAL_SURFACE ( 'NONE', #1087, 2.900000000000000355 ) ;
#1924 = AXIS2_PLACEMENT_3D ( 'NONE', #854, #1649, #2442 ) ;
#1925 = ORIENTED_EDGE ( 'NONE', *, *, #1763, .F. ) ;
#1926 = LINE ( 'NONE', #1513, #1727 ) ;
#1927 = EDGE_CURVE ( 'NONE', #935, #187, #1217, .T. ) ;
#1928 = EDGE_CURVE ( 'NONE', #1787, #568, #619, .T. ) ;
#1929 = CARTESIAN_POINT ( 'NONE',  ( 3.500000000000000000, -1.214306433183763704E-14, 2.000000000000000000 ) ) ;
#1930 = DIRECTION ( 'NONE',  ( 0.000000000000000000, 0.000000000000000000, 1.000000000000000000 ) ) ;
#1931 = EDGE_CURVE ( 'NONE', #174, #40, #1412, .T. ) ;
#1932 = ORIENTED_EDGE ( 'NONE', *, *, #1014, .T. ) ;
#1933 = EDGE_CURVE ( 'NONE', #1665, #1782, #393, .T. ) ;
#1934 = ORIENTED_EDGE ( 'NONE', *, *, #2377, .T. ) ;
#1935 = VERTEX_POINT ( 'NONE', #8 ) ;
#1936 = CARTESIAN_POINT ( 'NONE',  ( -3.810000000000000053, -3.810000000000000053, -3.000000000000000000 ) ) ;
#1937 = CARTESIAN_POINT ( 'NONE',  ( 5.249999999999999112, -3.672178639781026149E-14, 2.000000000000000000 ) ) ;
#1938 = ORIENTED_EDGE ( 'NONE', *, *, #253, .F. ) ;
#1939 = DIRECTION ( 'NONE',  ( 0.000000000000000000, -0.000000000000000000, -1.000000000000000000 ) ) ;
#1940 = DIRECTION ( 'NONE',  ( -0.000000000000000000, 0.000000000000000000, 1.000000000000000000 ) ) ;
#1941 = VECTOR ( 'NONE', #1438, 1000.000000000000000 ) ;
#1942 = VECTOR ( 'NONE', #1529, 1000.000000000000000 ) ;
#1943 = CARTESIAN_POINT ( 'NONE',  ( -4.250000000000000000, 5.749999999999999112, 2.000000000000000000 ) ) ;
#1944 = DIRECTION ( 'NONE',  ( 1.000000000000000000, 0.000000000000000000, 0.000000000000000000 ) ) ;
#1945 = ORIENTED_EDGE ( 'NONE', *, *, #1901, .F. ) ;
#1946 = CARTESIAN_POINT ( 'NONE',  ( 4.324339303528177858, -4.824339303528178746, 2.000000000000000000 ) ) ;
#1947 = VERTEX_POINT ( 'NONE', #997 ) ;
#1948 = DIRECTION ( 'NONE',  ( 1.000000000000000000, 2.168404344971006649E-16, 0.000000000000000000 ) ) ;
#1949 = CARTESIAN_POINT ( 'NONE',  ( 0.000000000000000000, 0.000000000000000000, 8.803305772578518429 ) ) ;
#1950 = ORIENTED_EDGE ( 'NONE', *, *, #2323, .T. ) ;
#1951 = CYLINDRICAL_SURFACE ( 'NONE', #647, 0.2999999999999999334 ) ;
#1952 = EDGE_CURVE ( 'NONE', #2087, #71, #785, .T. ) ;
#1953 = DIRECTION ( 'NONE',  ( 1.000000000000000000, 0.000000000000000000, 0.000000000000000000 ) ) ;
#1954 = ORIENTED_EDGE ( 'NONE', *, *, #656, .F. ) ;
#1955 = CARTESIAN_POINT ( 'NONE',  ( 5.249999999999979572, -3.000000000000036415, 2.000000000000000000 ) ) ;
#1956 = ADVANCED_FACE ( 'NONE', ( #2213 ), #1424, .T. ) ;
#1957 = ORIENTED_EDGE ( 'NONE', *, *, #1874, .F. ) ;
#1958 = EDGE_CURVE ( 'NONE', #784, #2385, #808, .T. ) ;
#1959 = CARTESIAN_POINT ( 'NONE',  ( 3.510000000000000231, 3.810000000000000053, -3.000000000000000000 ) ) ;
#1960 = DIRECTION ( 'NONE',  ( -1.000000000000000000, 0.000000000000000000, 0.000000000000000000 ) ) ;
#1961 = AXIS2_PLACEMENT_3D ( 'NONE', #1054, #2039, #10 ) ;
#1962 = EDGE_CURVE ( 'NONE', #515, #1947, #2584, .T. ) ;
#1963 = EDGE_CURVE ( 'NONE', #2472, #340, #772, .T. ) ;
#1964 = ORIENTED_EDGE ( 'NONE', *, *, #1907, .F. ) ;
#1965 = FACE_OUTER_BOUND ( 'NONE', #167, .T. ) ;
#1966 = AXIS2_PLACEMENT_3D ( 'NONE', #292, #2077, #308 ) ;
#1967 = AXIS2_PLACEMENT_3D ( 'NONE', #44, #458, #1662 ) ;
#1968 = FACE_OUTER_BOUND ( 'NONE', #86, .T. ) ;
#1969 = FACE_OUTER_BOUND ( 'NONE', #1487, .T. ) ;
#1970 = ORIENTED_EDGE ( 'NONE', *, *, #65, .F. ) ;
#1971 = DIRECTION ( 'NONE',  ( -1.000000000000000000, 0.000000000000000000, 0.000000000000000000 ) ) ;
#1972 = ORIENTED_EDGE ( 'NONE', *, *, #297, .F. ) ;
#1973 = CARTESIAN_POINT ( 'NONE',  ( -6.505213034913058158E-15, -2.500000000000014211, 0.000000000000000000 ) ) ;
#1974 = CARTESIAN_POINT ( 'NONE',  ( 0.000000000000000000, 0.000000000000000000, 2.000000000000000000 ) ) ;
#1975 = ORIENTED_EDGE ( 'NONE', *, *, #1085, .T. ) ;
#1976 = DIRECTION ( 'NONE',  ( 1.301042606982604059E-14, 1.000000000000000000, 0.000000000000000000 ) ) ;
#1977 = CARTESIAN_POINT ( 'NONE',  ( -0.5000000000000004441, 5.204170427930421283E-15, 2.000000000000000000 ) ) ;
#1978 = CARTESIAN_POINT ( 'NONE',  ( -1.084202172485505913E-16, 0.5000000000000012212, 2.000000000000000000 ) ) ;
#1979 = SURFACE_SIDE_STYLE ('',( #242 ) ) ;
#1980 = VECTOR ( 'NONE', #2158, 1000.000000000000000 ) ;
#1981 = AXIS2_PLACEMENT_3D ( 'NONE', #992, #2229, #2423 ) ;
#1982 = ORIENTED_EDGE ( 'NONE', *, *, #1360, .F. ) ;
#1983 = AXIS2_PLACEMENT_3D ( 'NONE', #74, #672, #1439 ) ;
#1984 = CARTESIAN_POINT ( 'NONE',  ( 5.750000000000000000, 0.000000000000000000, 2.000000000000000000 ) ) ;
#1985 = EDGE_LOOP ( 'NONE', ( #2096, #745, #2388, #1932 ) ) ;
#1986 = CARTESIAN_POINT ( 'NONE',  ( -2.500000000000057732, -5.750000000000000888, 2.000000000000000000 ) ) ;
#1987 = EDGE_CURVE ( 'NONE', #1671, #743, #1568, .T. ) ;
#1988 = CARTESIAN_POINT ( 'NONE',  ( -5.750000000000000000, 3.500000000000000000, 2.000000000000000000 ) ) ;
#1989 = CYLINDRICAL_SURFACE ( 'NONE', #11, 0.5000000000000000000 ) ;
#1990 = CARTESIAN_POINT ( 'NONE',  ( -4.250000000000000000, -4.250000000000000000, 2.000000000000000000 ) ) ;
#1991 = ADVANCED_FACE ( 'NONE', ( #182 ), #798, .T. ) ;
#1992 = PLANE ( 'NONE',  #828 ) ;
#1993 = PRESENTATION_STYLE_ASSIGNMENT (( #1213 ) ) ;
#1994 = EDGE_LOOP ( 'NONE', ( #56, #63, #824, #377 ) ) ;
#1995 = PLANE ( 'NONE',  #652 ) ;
#1996 = VECTOR ( 'NONE', #1370, 1000.000000000000000 ) ;
#1997 = ORIENTED_EDGE ( 'NONE', *, *, #1548, .F. ) ;
#1998 = FACE_OUTER_BOUND ( 'NONE', #2520, .T. ) ;
#1999 = DIRECTION ( 'NONE',  ( 0.000000000000000000, -1.000000000000000000, 0.000000000000000000 ) ) ;
#2000 = LINE ( 'NONE', #1793, #1190 ) ;
#2001 = LINE ( 'NONE', #303, #916 ) ;
#2002 =( LENGTH_UNIT ( ) NAMED_UNIT ( * ) SI_UNIT ( .MILLI., .METRE. ) );
#2003 = EDGE_CURVE ( 'NONE', #939, #1628, #649, .T. ) ;
#2004 = ADVANCED_FACE ( 'NONE', ( #820 ), #1035, .T. ) ;
#2005 = ORIENTED_EDGE ( 'NONE', *, *, #601, .F. ) ;
#2006 = DIRECTION ( 'NONE',  ( -3.469446951953610639E-15, -1.000000000000000000, 0.000000000000000000 ) ) ;
#2007 = ADVANCED_FACE ( 'NONE', ( #984 ), #1580, .F. ) ;
#2008 = ORIENTED_EDGE ( 'NONE', *, *, #1679, .F. ) ;
#2009 = DIRECTION ( 'NONE',  ( 0.000000000000000000, 0.000000000000000000, 1.000000000000000000 ) ) ;
#2010 = EDGE_CURVE ( 'NONE', #1069, #743, #2251, .T. ) ;
#2011 = DIRECTION ( 'NONE',  ( 1.000000000000000000, 0.000000000000000000, 0.000000000000000000 ) ) ;
#2012 = CARTESIAN_POINT ( 'NONE',  ( -3.000000000000054623, -5.249999999999968026, 2.000000000000000000 ) ) ;
#2013 = DIRECTION ( 'NONE',  ( 1.000000000000000000, 0.000000000000000000, 0.000000000000000000 ) ) ;
#2014 = EDGE_CURVE ( 'NONE', #1065, #471, #415, .T. ) ;
#2015 = CARTESIAN_POINT ( 'NONE',  ( 5.750000000000000000, -4.250000000000000000, 0.000000000000000000 ) ) ;
#2016 = FILL_AREA_STYLE ('',( #1045 ) ) ;
#2017 = ORIENTED_EDGE ( 'NONE', *, *, #730, .T. ) ;
#2018 = LINE ( 'NONE', #1833, #1325 ) ;
#2019 = AXIS2_PLACEMENT_3D ( 'NONE', #670, #428, #1460 ) ;
#2020 = STYLED_ITEM ( 'NONE', ( #625 ), #910 ) ;
#2021 = EDGE_LOOP ( 'NONE', ( #2155, #705, #1112, #465 ) ) ;
#2022 = CARTESIAN_POINT ( 'NONE',  ( -5.750000000000000000, 2.500000000000000444, 2.000000000000000000 ) ) ;
#2023 = EDGE_LOOP ( 'NONE', ( #1623, #1591, #1925, #2604 ) ) ;
#2024 = LINE ( 'NONE', #248, #395 ) ;
#2025 = DIRECTION ( 'NONE',  ( 1.000000000000000000, 0.000000000000000000, 0.000000000000000000 ) ) ;
#2026 = DIRECTION ( 'NONE',  ( -1.000000000000000000, 0.000000000000000000, 0.000000000000000000 ) ) ;
#2027 = EDGE_LOOP ( 'NONE', ( #2469, #2558, #439, #50 ) ) ;
#2028 = CARTESIAN_POINT ( 'NONE',  ( 1.839150936888381453E-14, 5.249999999999999112, 2.000000000000000000 ) ) ;
#2029 = ORIENTED_EDGE ( 'NONE', *, *, #962, .F. ) ;
#2030 = CARTESIAN_POINT ( 'NONE',  ( -5.750000000000000000, -3.499999999999999556, 2.000000000000000000 ) ) ;
#2031 = ORIENTED_EDGE ( 'NONE', *, *, #682, .F. ) ;
#2032 = ADVANCED_FACE ( 'NONE', ( #994 ), #2386, .T. ) ;
#2033 = DIRECTION ( 'NONE',  ( 1.000000000000000000, 0.000000000000000000, 0.000000000000000000 ) ) ;
#2034 = EDGE_CURVE ( 'NONE', #1480, #1553, #1588, .T. ) ;
#2035 = CARTESIAN_POINT ( 'NONE',  ( 5.750000000000000000, 0.000000000000000000, 0.000000000000000000 ) ) ;
#2036 = DIRECTION ( 'NONE',  ( -1.000000000000000000, 9.540979117872429553E-15, 0.000000000000000000 ) ) ;
#2037 = EDGE_CURVE ( 'NONE', #1496, #930, #2414, .T. ) ;
#2038 = CARTESIAN_POINT ( 'NONE',  ( 5.250000000000023981, 3.499999999999961808, 2.000000000000000000 ) ) ;
#2039 = DIRECTION ( 'NONE',  ( 0.000000000000000000, 0.000000000000000000, 1.000000000000000000 ) ) ;
#2040 = VECTOR ( 'NONE', #1417, 1000.000000000000000 ) ;
#2041 = ORIENTED_EDGE ( 'NONE', *, *, #1004, .F. ) ;
#2042 = CARTESIAN_POINT ( 'NONE',  ( -1.517883041479708416E-14, -2.500000000000005773, 0.000000000000000000 ) ) ;
#2043 = DIRECTION ( 'NONE',  ( -1.000000000000000000, 0.000000000000000000, 0.000000000000000000 ) ) ;
#2044 = AXIS2_PLACEMENT_3D ( 'NONE', #438, #52, #2043 ) ;
#2045 = EDGE_LOOP ( 'NONE', ( #2354, #794, #100, #1128 ) ) ;
#2046 = CIRCLE ( 'NONE', #1180, 0.2999999999999999334 ) ;
#2047 = EDGE_LOOP ( 'NONE', ( #1582, #7 ) ) ;
#2048 = LINE ( 'NONE', #1828, #2369 ) ;
#2049 = DIRECTION ( 'NONE',  ( 1.000000000000000000, 0.000000000000000000, 0.000000000000000000 ) ) ;
#2050 = DIRECTION ( 'NONE',  ( 1.000000000000000000, 0.000000000000000000, 0.000000000000000000 ) ) ;
#2051 = ORIENTED_EDGE ( 'NONE', *, *, #1686, .F. ) ;
#2052 = LINE ( 'NONE', #25, #2570 ) ;
#2053 = VERTEX_POINT ( 'NONE', #107 ) ;
#2054 = FACE_BOUND ( 'NONE', #1798, .T. ) ;
#2055 = DIRECTION ( 'NONE',  ( 1.000000000000000000, 0.000000000000000000, 0.000000000000000000 ) ) ;
#2056 = VERTEX_POINT ( 'NONE', #508 ) ;
#2057 = PRODUCT_DEFINITION_CONTEXT ( 'detailed design', #2137, 'design' ) ;
#2058 = CIRCLE ( 'NONE', #12, 0.5000000000000004441 ) ;
#2059 = LINE ( 'NONE', #2277, #1383 ) ;
#2060 = AXIS2_PLACEMENT_3D ( 'NONE', #1788, #379, #402 ) ;
#2061 = VERTEX_POINT ( 'NONE', #1116 ) ;
#2062 = CARTESIAN_POINT ( 'NONE',  ( 5.250000000000002665, 0.4999999999999632516, 2.000000000000000000 ) ) ;
#2063 = CARTESIAN_POINT ( 'NONE',  ( -5.400000000000001243, 6.613092715395709439E-16, 2.000000000000000000 ) ) ;
#2064 = AXIS2_PLACEMENT_3D ( 'NONE', #908, #502, #1666 ) ;
#2065 = DIRECTION ( 'NONE',  ( -1.000000000000000000, 0.000000000000000000, 0.000000000000000000 ) ) ;
#2066 = ORIENTED_EDGE ( 'NONE', *, *, #1014, .F. ) ;
#2067 = EDGE_CURVE ( 'NONE', #2552, #1124, #160, .T. ) ;
#2068 = CARTESIAN_POINT ( 'NONE',  ( 3.500000000000018208, 5.249999999999988454, 2.000000000000000000 ) ) ;
#2069 = CARTESIAN_POINT ( 'NONE',  ( 0.000000000000000000, 0.000000000000000000, 2.000000000000000000 ) ) ;
#2070 = CARTESIAN_POINT ( 'NONE',  ( 0.4999999999999423239, -5.750000000000000888, 0.000000000000000000 ) ) ;
#2071 = ORIENTED_EDGE ( 'NONE', *, *, #1907, .T. ) ;
#2072 = ORIENTED_EDGE ( 'NONE', *, *, #2405, .F. ) ;
#2073 = LINE ( 'NONE', #2266, #1398 ) ;
#2074 = CARTESIAN_POINT ( 'NONE',  ( -5.750000000000000000, -2.500000000000000444, 2.000000000000000000 ) ) ;
#2075 = FACE_OUTER_BOUND ( 'NONE', #41, .T. ) ;
#2076 = ORIENTED_EDGE ( 'NONE', *, *, #346, .F. ) ;
#2077 = DIRECTION ( 'NONE',  ( -1.000000000000000000, 0.000000000000000000, 0.000000000000000000 ) ) ;
#2078 = ORIENTED_EDGE ( 'NONE', *, *, #1735, .T. ) ;
#2079 = LINE ( 'NONE', #2042, #281 ) ;
#2080 = VECTOR ( 'NONE', #1122, 1000.000000000000000 ) ;
#2081 = ADVANCED_FACE ( 'NONE', ( #1143 ), #2543, .T. ) ;
#2082 = VECTOR ( 'NONE', #760, 1000.000000000000000 ) ;
#2083 = ORIENTED_EDGE ( 'NONE', *, *, #1341, .T. ) ;
#2084 = AXIS2_PLACEMENT_3D ( 'NONE', #2548, #2329, #906 ) ;
#2085 = ORIENTED_EDGE ( 'NONE', *, *, #2491, .F. ) ;
#2086 = VECTOR ( 'NONE', #547, 1000.000000000000000 ) ;
#2087 = VERTEX_POINT ( 'NONE', #1159 ) ;
#2088 = DIRECTION ( 'NONE',  ( -0.000000000000000000, -0.000000000000000000, -1.000000000000000000 ) ) ;
#2089 = DIRECTION ( 'NONE',  ( 1.000000000000000000, -6.938893903907221278E-15, 0.000000000000000000 ) ) ;
#2090 = FACE_OUTER_BOUND ( 'NONE', #944, .T. ) ;
#2091 = DIRECTION ( 'NONE',  ( 1.000000000000000000, 0.000000000000000000, 0.000000000000000000 ) ) ;
#2092 = EDGE_CURVE ( 'NONE', #197, #491, #2046, .T. ) ;
#2093 = ORIENTED_EDGE ( 'NONE', *, *, #839, .F. ) ;
#2094 = LINE ( 'NONE', #1929, #2080 ) ;
#2095 = DIRECTION ( 'NONE',  ( 1.000000000000000000, 0.000000000000000000, 0.000000000000000000 ) ) ;
#2096 = ORIENTED_EDGE ( 'NONE', *, *, #386, .F. ) ;
#2097 = ORIENTED_EDGE ( 'NONE', *, *, #1962, .F. ) ;
#2098 = VERTEX_POINT ( 'NONE', #2145 ) ;
#2099 = CARTESIAN_POINT ( 'NONE',  ( -5.750000000000000000, 4.249999999999998224, 0.000000000000000000 ) ) ;
#2100 = AXIS2_PLACEMENT_3D ( 'NONE', #2531, #1332, #1367 ) ;
#2101 = VECTOR ( 'NONE', #171, 1000.000000000000000 ) ;
#2103 = AXIS2_PLACEMENT_3D ( 'NONE', #1854, #1839, #1088 ) ;
#2102 = LINE ( 'NONE', #318, #985 ) ;
#2104 = VERTEX_POINT ( 'NONE', #2159 ) ;
#2105 = CARTESIAN_POINT ( 'NONE',  ( -3.000000000000054623, -5.249999999999968026, 2.000000000000000000 ) ) ;
#2106 = LINE ( 'NONE', #1530, #34 ) ;
#2107 = PLANE ( 'NONE',  #450 ) ;
#2108 = DIRECTION ( 'NONE',  ( -3.252606517456510147E-15, -1.000000000000000000, 0.000000000000000000 ) ) ;
#2109 = ORIENTED_EDGE ( 'NONE', *, *, #921, .T. ) ;
#2110 = VERTEX_POINT ( 'NONE', #2420 ) ;
#2111 = ORIENTED_EDGE ( 'NONE', *, *, #2092, .F. ) ;
#2112 = PLANE ( 'NONE',  #291 ) ;
#2113 = DIRECTION ( 'NONE',  ( 1.000000000000000000, 0.000000000000000000, 0.000000000000000000 ) ) ;
#2114 = EDGE_CURVE ( 'NONE', #491, #197, #295, .T. ) ;
#2115 = ADVANCED_FACE ( 'NONE', ( #1414 ), #224, .F. ) ;
#2116 = ADVANCED_FACE ( 'NONE', ( #1781 ), #579, .F. ) ;
#2117 = VERTEX_POINT ( 'NONE', #2482 ) ;
#2118 = DIRECTION ( 'NONE',  ( 1.000000000000000000, 0.000000000000000000, 0.000000000000000000 ) ) ;
#2119 = DIRECTION ( 'NONE',  ( 0.000000000000000000, -0.000000000000000000, -1.000000000000000000 ) ) ;
#2120 = VECTOR ( 'NONE', #2535, 1000.000000000000000 ) ;
#2121 = DIRECTION ( 'NONE',  ( -1.000000000000000000, 6.722053469410121969E-15, 0.000000000000000000 ) ) ;
#2122 = DIRECTION ( 'NONE',  ( 0.000000000000000000, 1.000000000000000000, -0.000000000000000000 ) ) ;
#2123 = COLOUR_RGB ( '',0.7921568627450980005, 0.8196078431372548767, 0.9333333333333333481 ) ;
#2124 = EDGE_CURVE ( 'NONE', #2232, #939, #2241, .T. ) ;
#2125 = PLANE ( 'NONE',  #1000 ) ;
#2126 = ORIENTED_EDGE ( 'NONE', *, *, #1692, .F. ) ;
#2127 = VECTOR ( 'NONE', #1795, 1000.000000000000000 ) ;
#2128 = VECTOR ( 'NONE', #1527, 1000.000000000000000 ) ;
#2129 = ORIENTED_EDGE ( 'NONE', *, *, #2582, .T. ) ;
#2130 = ORIENTED_EDGE ( 'NONE', *, *, #537, .F. ) ;
#2131 = CARTESIAN_POINT ( 'NONE',  ( 4.324339303528177858, -4.824339303528178746, 2.000000000000000000 ) ) ;
#2132 = CIRCLE ( 'NONE', #1875, 0.5000000000000000000 ) ;
#2133 = ORIENTED_EDGE ( 'NONE', *, *, #756, .F. ) ;
#2134 = CARTESIAN_POINT ( 'NONE',  ( -5.750000000000000000, -4.250000000000000000, 2.000000000000000000 ) ) ;
#2135 = DIRECTION ( 'NONE',  ( -0.000000000000000000, -0.000000000000000000, 1.000000000000000000 ) ) ;
#2136 = DIRECTION ( 'NONE',  ( -0.000000000000000000, 0.000000000000000000, 1.000000000000000000 ) ) ;
#2137 = APPLICATION_CONTEXT ( 'automotive_design' ) ;
#2138 = CYLINDRICAL_SURFACE ( 'NONE', #2396, 0.4999999999999995559 ) ;
#2139 = ORIENTED_EDGE ( 'NONE', *, *, #407, .T. ) ;
#2140 = LINE ( 'NONE', #352, #982 ) ;
#2141 = ORIENTED_EDGE ( 'NONE', *, *, #488, .F. ) ;
#2142 = DIRECTION ( 'NONE',  ( -0.000000000000000000, -0.000000000000000000, -1.000000000000000000 ) ) ;
#2143 = DIRECTION ( 'NONE',  ( -0.000000000000000000, 0.000000000000000000, 1.000000000000000000 ) ) ;
#2144 = EDGE_CURVE ( 'NONE', #241, #2181, #2059, .T. ) ;
#2145 = CARTESIAN_POINT ( 'NONE',  ( -0.4999999999999807376, 5.749999999999999112, 0.000000000000000000 ) ) ;
#2146 = ORIENTED_EDGE ( 'NONE', *, *, #1009, .F. ) ;
#2147 = CARTESIAN_POINT ( 'NONE',  ( 5.250000000000023981, 3.499999999999961808, 0.000000000000000000 ) ) ;
#2148 = AXIS2_PLACEMENT_3D ( 'NONE', #956, #2502, #2089 ) ;
#2149 = AXIS2_PLACEMENT_3D ( 'NONE', #2173, #634, #2382 ) ;
#2150 = CARTESIAN_POINT ( 'NONE',  ( 3.810000000000000053, -3.810000000000000053, -3.000000000000000000 ) ) ;
#2151 = LINE ( 'NONE', #940, #1656 ) ;
#2152 = EDGE_CURVE ( 'NONE', #2284, #486, #1629, .T. ) ;
#2153 = ORIENTED_EDGE ( 'NONE', *, *, #141, .T. ) ;
#2154 = CARTESIAN_POINT ( 'NONE',  ( -0.4999999999999986122, 1.626303258728250537E-15, 2.000000000000000000 ) ) ;
#2155 = ORIENTED_EDGE ( 'NONE', *, *, #986, .F. ) ;
#2156 = DIRECTION ( 'NONE',  ( 3.252606517456510147E-15, 1.000000000000000000, 0.000000000000000000 ) ) ;
#2157 = CARTESIAN_POINT ( 'NONE',  ( -3.499999999999980460, 5.250000000000011546, 2.000000000000000000 ) ) ;
#2158 = DIRECTION ( 'NONE',  ( 0.000000000000000000, 1.000000000000000000, -0.000000000000000000 ) ) ;
#2159 = CARTESIAN_POINT ( 'NONE',  ( 0.5000000000000193179, 5.749999999999999112, 2.000000000000000000 ) ) ;
#2160 = ORIENTED_EDGE ( 'NONE', *, *, #1114, .T. ) ;
#2161 = CARTESIAN_POINT ( 'NONE',  ( 1.214306433183756762E-14, 3.499999999999980016, 0.000000000000000000 ) ) ;
#2162 = CARTESIAN_POINT ( 'NONE',  ( 5.750000000000000000, 2.499999999999962252, 0.000000000000000000 ) ) ;
#2163 = LINE ( 'NONE', #2593, #1996 ) ;
#2164 = ORIENTED_EDGE ( 'NONE', *, *, #2236, .T. ) ;
#2165 = CARTESIAN_POINT ( 'NONE',  ( 5.750000000000000000, 0.000000000000000000, 2.000000000000000000 ) ) ;
#2166 = DIRECTION ( 'NONE',  ( 1.040834085586083310E-14, 1.000000000000000000, 0.000000000000000000 ) ) ;
#2167 = ORIENTED_EDGE ( 'NONE', *, *, #1879, .F. ) ;
#2168 = DIRECTION ( 'NONE',  ( -3.469446951953610639E-15, 1.000000000000000000, 0.000000000000000000 ) ) ;
#2169 = DIRECTION ( 'NONE',  ( -1.000000000000000000, -8.673617379884026597E-16, 0.000000000000000000 ) ) ;
#2170 = VECTOR ( 'NONE', #2257, 1000.000000000000000 ) ;
#2171 = FACE_OUTER_BOUND ( 'NONE', #1790, .T. ) ;
#2172 = ORIENTED_EDGE ( 'NONE', *, *, #1842, .F. ) ;
#2173 = CARTESIAN_POINT ( 'NONE',  ( 3.000000000000017764, 5.249999999999990230, 2.000000000000000000 ) ) ;
#2174 = AXIS2_PLACEMENT_3D ( 'NONE', #1020, #2445, #1810 ) ;
#2175 = CIRCLE ( 'NONE', #1052, 0.4999999999999987232 ) ;
#2176 = PLANE ( 'NONE',  #496 ) ;
#2177 =( NAMED_UNIT ( * ) PLANE_ANGLE_UNIT ( ) SI_UNIT ( $, .RADIAN. ) );
#2178 = EDGE_CURVE ( 'NONE', #784, #2305, #845, .T. ) ;
#2179 = ORIENTED_EDGE ( 'NONE', *, *, #2003, .F. ) ;
#2180 = CARTESIAN_POINT ( 'NONE',  ( -3.810000000000000053, 3.810000000000000053, -3.000000000000000000 ) ) ;
#2181 = VERTEX_POINT ( 'NONE', #1255 ) ;
#2182 = DIRECTION ( 'NONE',  ( -0.000000000000000000, -0.000000000000000000, -1.000000000000000000 ) ) ;
#2183 = DIRECTION ( 'NONE',  ( -8.673617379884026597E-16, 1.000000000000000000, 0.000000000000000000 ) ) ;
#2184 = EDGE_CURVE ( 'NONE', #319, #40, #2223, .T. ) ;
#2185 = DIRECTION ( 'NONE',  ( -0.000000000000000000, -0.000000000000000000, -1.000000000000000000 ) ) ;
#2186 = LINE ( 'NONE', #581, #2499 ) ;
#2187 = DIRECTION ( 'NONE',  ( -0.000000000000000000, -0.000000000000000000, -1.000000000000000000 ) ) ;
#2188 = LINE ( 'NONE', #612, #890 ) ;
#2189 = AXIS2_PLACEMENT_3D ( 'NONE', #1701, #211, #1210 ) ;
#2190 = AXIS2_PLACEMENT_3D ( 'NONE', #825, #1429, #637 ) ;
#2191 = VECTOR ( 'NONE', #365, 1000.000000000000000 ) ;
#2192 = VERTEX_POINT ( 'NONE', #1657 ) ;
#2193 = AXIS2_PLACEMENT_3D ( 'NONE', #990, #21, #1783 ) ;
#2194 = CARTESIAN_POINT ( 'NONE',  ( 2.900000000000000355, 0.000000000000000000, 8.803305772578518429 ) ) ;
#2195 = AXIS2_PLACEMENT_3D ( 'NONE', #665, #1454, #1847 ) ;
#2196 = VERTEX_POINT ( 'NONE', #2360 ) ;
#2197 = UNCERTAINTY_MEASURE_WITH_UNIT (LENGTH_MEASURE( 1.000000000000000082E-05 ), #245, 'distance_accuracy_value', 'NONE');
#2198 = DIRECTION ( 'NONE',  ( 1.000000000000000000, 0.000000000000000000, 0.000000000000000000 ) ) ;
#2199 = EDGE_CURVE ( 'NONE', #2117, #1267, #2440, .T. ) ;
#2200 = FACE_OUTER_BOUND ( 'NONE', #1094, .T. ) ;
#2201 = EDGE_CURVE ( 'NONE', #2056, #1327, #376, .T. ) ;
#2202 = ADVANCED_FACE ( 'NONE', ( #1775 ), #2138, .F. ) ;
#2203 = LINE ( 'NONE', #2463, #1379 ) ;
#2204 =( NAMED_UNIT ( * ) PLANE_ANGLE_UNIT ( ) SI_UNIT ( $, .RADIAN. ) );
#2205 = EDGE_CURVE ( 'NONE', #638, #1069, #2175, .T. ) ;
#2206 = ORIENTED_EDGE ( 'NONE', *, *, #457, .T. ) ;
#2207 = DIRECTION ( 'NONE',  ( -0.000000000000000000, -0.000000000000000000, -1.000000000000000000 ) ) ;
#2208 = PLANE ( 'NONE',  #103 ) ;
#2209 =( NAMED_UNIT ( * ) PLANE_ANGLE_UNIT ( ) SI_UNIT ( $, .RADIAN. ) );
#2210 = EDGE_CURVE ( 'NONE', #2196, #989, #75, .T. ) ;
#2211 = VECTOR ( 'NONE', #2579, 1000.000000000000000 ) ;
#2212 = VERTEX_POINT ( 'NONE', #886 ) ;
#2213 = FACE_OUTER_BOUND ( 'NONE', #869, .T. ) ;
#2214 = ORIENTED_EDGE ( 'NONE', *, *, #297, .T. ) ;
#2215 = CARTESIAN_POINT ( 'NONE',  ( 5.249999999999979572, -3.000000000000036415, 2.000000000000000000 ) ) ;
#2216 = CARTESIAN_POINT ( 'NONE',  ( 5.250000000000020428, 2.999999999999963585, 2.000000000000000000 ) ) ;
#2217 = VECTOR ( 'NONE', #1463, 1000.000000000000000 ) ;
#2218 = DIRECTION ( 'NONE',  ( -0.000000000000000000, 0.000000000000000000, 1.000000000000000000 ) ) ;
#2219 = VERTEX_POINT ( 'NONE', #2245 ) ;
#2220 = DIRECTION ( 'NONE',  ( 0.000000000000000000, 1.000000000000000000, 0.000000000000000000 ) ) ;
#2221 = ORIENTED_EDGE ( 'NONE', *, *, #106, .T. ) ;
#2222 = DIRECTION ( 'NONE',  ( 0.000000000000000000, 0.000000000000000000, 1.000000000000000000 ) ) ;
#2223 = LINE ( 'NONE', #1851, #2573 ) ;
#2224 = ORIENTED_EDGE ( 'NONE', *, *, #1952, .T. ) ;
#2225 = DIRECTION ( 'NONE',  ( -0.000000000000000000, 0.000000000000000000, 1.000000000000000000 ) ) ;
#2226 = DIRECTION ( 'NONE',  ( -0.000000000000000000, -0.000000000000000000, 1.000000000000000000 ) ) ;
#2227 = ADVANCED_FACE ( 'NONE', ( #2075 ), #1271, .F. ) ;
#2228 = DIRECTION ( 'NONE',  ( -0.000000000000000000, -0.000000000000000000, -1.000000000000000000 ) ) ;
#2229 = DIRECTION ( 'NONE',  ( 0.000000000000000000, 0.000000000000000000, 1.000000000000000000 ) ) ;
#2230 = FACE_OUTER_BOUND ( 'NONE', #199, .T. ) ;
#2231 = AXIS2_PLACEMENT_3D ( 'NONE', #1403, #2183, #2169 ) ;
#2232 = VERTEX_POINT ( 'NONE', #2038 ) ;
#2233 = DIRECTION ( 'NONE',  ( 0.000000000000000000, 0.000000000000000000, 1.000000000000000000 ) ) ;
#2234 = EDGE_CURVE ( 'NONE', #449, #1103, #2450, .T. ) ;
#2235 = AXIS2_PLACEMENT_3D ( 'NONE', #1818, #175, #623 ) ;
#2236 = EDGE_CURVE ( 'NONE', #741, #1694, #1451, .T. ) ;
#2237 = VECTOR ( 'NONE', #2269, 1000.000000000000000 ) ;
#2238 = AXIS2_PLACEMENT_3D ( 'NONE', #2503, #2036, #31 ) ;
#2239 = ORIENTED_EDGE ( 'NONE', *, *, #302, .T. ) ;
#2240 = ADVANCED_FACE ( 'NONE', ( #646 ), #2504, .F. ) ;
#2241 = LINE ( 'NONE', #1876, #1590 ) ;
#2242 = ORIENTED_EDGE ( 'NONE', *, *, #1543, .T. ) ;
#2243 = CARTESIAN_POINT ( 'NONE',  ( 3.499999999999980016, -2.428612866367513524E-14, 2.000000000000000000 ) ) ;
#2244 = CARTESIAN_POINT ( 'NONE',  ( 4.250000000000000000, 5.749999999999999112, 2.000000000000000000 ) ) ;
#2245 = CARTESIAN_POINT ( 'NONE',  ( 5.249999999999983125, -2.500000000000037303, 2.000000000000000000 ) ) ;
#2246 = CARTESIAN_POINT ( 'NONE',  ( 4.250000000000000000, 5.749999999999999112, 0.000000000000000000 ) ) ;
#2247 = LINE ( 'NONE', #1884, #1434 ) ;
#2248 = ORIENTED_EDGE ( 'NONE', *, *, #477, .F. ) ;
#2249 = CARTESIAN_POINT ( 'NONE',  ( -2.499999999999983125, 5.250000000000007994, 2.000000000000000000 ) ) ;
#2250 = ORIENTED_EDGE ( 'NONE', *, *, #1005, .T. ) ;
#2251 = LINE ( 'NONE', #2497, #1402 ) ;
#2252 = ORIENTED_EDGE ( 'NONE', *, *, #2403, .T. ) ;
#2253 = LINE ( 'NONE', #1268, #1893 ) ;
#2254 = DIRECTION ( 'NONE',  ( 1.000000000000000000, -2.602085213965208275E-15, 0.000000000000000000 ) ) ;
#2255 = CARTESIAN_POINT ( 'NONE',  ( 0.000000000000000000, 5.749999999999999112, 2.000000000000000000 ) ) ;
#2256 = AXIS2_PLACEMENT_3D ( 'NONE', #991, #752, #1531 ) ;
#2257 = DIRECTION ( 'NONE',  ( 1.000000000000000000, 3.469446951953610639E-15, 0.000000000000000000 ) ) ;
#2258 = VECTOR ( 'NONE', #554, 1000.000000000000000 ) ;
#2259 = ORIENTED_EDGE ( 'NONE', *, *, #1604, .F. ) ;
#2260 = CARTESIAN_POINT ( 'NONE',  ( -1.517883041479708416E-14, -2.500000000000005773, 2.000000000000000000 ) ) ;
#2261 = AXIS2_PLACEMENT_3D ( 'NONE', #2519, #510, #1477 ) ;
#2262 = EDGE_CURVE ( 'NONE', #1281, #445, #1647, .T. ) ;
#2263 = ORIENTED_EDGE ( 'NONE', *, *, #1081, .T. ) ;
#2264 = DIRECTION ( 'NONE',  ( 0.000000000000000000, 1.000000000000000000, -0.000000000000000000 ) ) ;
#2265 = EDGE_LOOP ( 'NONE', ( #2133, #144 ) ) ;
#2266 = CARTESIAN_POINT ( 'NONE',  ( -2.500000000000055511, -5.249999999999973355, 2.000000000000000000 ) ) ;
#2267 = CARTESIAN_POINT ( 'NONE',  ( -6.505213034913058158E-15, -2.500000000000014211, 2.000000000000000000 ) ) ;
#2268 = LINE ( 'NONE', #89, #1092 ) ;
#2269 = DIRECTION ( 'NONE',  ( 0.000000000000000000, 0.000000000000000000, 1.000000000000000000 ) ) ;
#2270 = ORIENTED_EDGE ( 'NONE', *, *, #346, .T. ) ;
#2271 = ORIENTED_EDGE ( 'NONE', *, *, #421, .T. ) ;
#2272 = FACE_OUTER_BOUND ( 'NONE', #699, .T. ) ;
#2273 = ORIENTED_EDGE ( 'NONE', *, *, #1744, .T. ) ;
#2274 = DIRECTION ( 'NONE',  ( -1.000000000000000000, 0.000000000000000000, 0.000000000000000000 ) ) ;
#2275 = AXIS2_PLACEMENT_3D ( 'NONE', #1955, #694, #380 ) ;
#2276 = AXIS2_PLACEMENT_3D ( 'NONE', #2355, #1939, #2575 ) ;
#2277 = CARTESIAN_POINT ( 'NONE',  ( -5.750000000000000000, -0.5000000000000000000, 2.000000000000000000 ) ) ;
#2278 = VERTEX_POINT ( 'NONE', #286 ) ;
#2279 = CARTESIAN_POINT ( 'NONE',  ( 0.000000000000000000, 5.749999999999999112, 2.000000000000000000 ) ) ;
#2280 = CARTESIAN_POINT ( 'NONE',  ( 0.4999999999999995559, -5.204170427930411817E-15, 2.000000000000000000 ) ) ;
#2281 = DIRECTION ( 'NONE',  ( 0.000000000000000000, 0.000000000000000000, 1.000000000000000000 ) ) ;
#2282 = EDGE_CURVE ( 'NONE', #1480, #2297, #696, .T. ) ;
#2283 = CARTESIAN_POINT ( 'NONE',  ( -2.500000000000005773, 2.385244779468112910E-14, 2.000000000000000000 ) ) ;
#2284 = VERTEX_POINT ( 'NONE', #683 ) ;
#2285 = CARTESIAN_POINT ( 'NONE',  ( -5.750000000000000000, 2.500000000000000444, 0.000000000000000000 ) ) ;
#2286 = CARTESIAN_POINT ( 'NONE',  ( -5.750000000000000000, 0.000000000000000000, 2.000000000000000000 ) ) ;
#2287 = DIRECTION ( 'NONE',  ( -0.000000000000000000, -0.000000000000000000, -1.000000000000000000 ) ) ;
#2288 = ADVANCED_FACE ( 'NONE', ( #1441 ), #1486, .T. ) ;
#2289 = ORIENTED_EDGE ( 'NONE', *, *, #1769, .T. ) ;
#2290 = ADVANCED_FACE ( 'NONE', ( #274 ), #2295, .F. ) ;
#2291 = ORIENTED_EDGE ( 'NONE', *, *, #1030, .F. ) ;
#2292 = ORIENTED_EDGE ( 'NONE', *, *, #658, .F. ) ;
#2293 = DIRECTION ( 'NONE',  ( -1.000000000000000000, 0.000000000000000000, 0.000000000000000000 ) ) ;
#2294 = LINE ( 'NONE', #1673, #1195 ) ;
#2295 = PLANE ( 'NONE',  #1836 ) ;
#2296 = CARTESIAN_POINT ( 'NONE',  ( 3.500000000000019096, 5.749999999999999112, 2.000000000000000000 ) ) ;
#2297 = VERTEX_POINT ( 'NONE', #1089 ) ;
#2298 = CARTESIAN_POINT ( 'NONE',  ( -5.750000000000000000, 4.249999999999998224, 0.000000000000000000 ) ) ;
#2299 = CARTESIAN_POINT ( 'NONE',  ( -3.499999999999980460, 5.250000000000011546, 0.000000000000000000 ) ) ;
#2300 = PLANE ( 'NONE',  #2328 ) ;
#2301 = EDGE_LOOP ( 'NONE', ( #367, #1696 ) ) ;
#2302 = CIRCLE ( 'NONE', #1176, 0.4999999999999987232 ) ;
#2303 = ORIENTED_EDGE ( 'NONE', *, *, #1204, .F. ) ;
#2304 = AXIS2_PLACEMENT_3D ( 'NONE', #2462, #2281, #662 ) ;
#2305 = VERTEX_POINT ( 'NONE', #495 ) ;
#2306 = LINE ( 'NONE', #1722, #671 ) ;
#2307 = ORIENTED_EDGE ( 'NONE', *, *, #837, .F. ) ;
#2308 = CARTESIAN_POINT ( 'NONE',  ( 5.750000000000000000, 4.249999999999998224, 0.000000000000000000 ) ) ;
#2309 = CYLINDRICAL_SURFACE ( 'NONE', #2084, 0.5000000000000004441 ) ;
#2310 = ORIENTED_EDGE ( 'NONE', *, *, #2370, .T. ) ;
#2311 = DIRECTION ( 'NONE',  ( 1.000000000000000000, 0.000000000000000000, 0.000000000000000000 ) ) ;
#2312 = ADVANCED_FACE ( 'NONE', ( #61 ), #2475, .F. ) ;
#2313 = ORIENTED_EDGE ( 'NONE', *, *, #2316, .T. ) ;
#2314 = EDGE_CURVE ( 'NONE', #2104, #1600, #2488, .T. ) ;
#2315 = EDGE_CURVE ( 'NONE', #797, #2361, #1865, .T. ) ;
#2316 = EDGE_CURVE ( 'NONE', #1787, #515, #2268, .T. ) ;
#2317 = ORIENTED_EDGE ( 'NONE', *, *, #421, .F. ) ;
#2318 = EDGE_LOOP ( 'NONE', ( #1761, #843, #1391, #1703 ) ) ;
#2319 = DIRECTION ( 'NONE',  ( -0.000000000000000000, -0.000000000000000000, 1.000000000000000000 ) ) ;
#2320 = VECTOR ( 'NONE', #2264, 1000.000000000000000 ) ;
#2321 = VECTOR ( 'NONE', #1392, 1000.000000000000000 ) ;
#2322 = AXIS2_PLACEMENT_3D ( 'NONE', #708, #1674, #2489 ) ;
#2323 = EDGE_CURVE ( 'NONE', #741, #2232, #1102, .T. ) ;
#2324 = AXIS2_PLACEMENT_3D ( 'NONE', #681, #1062, #835 ) ;
#2325 = ORIENTED_EDGE ( 'NONE', *, *, #2152, .T. ) ;
#2326 = DIRECTION ( 'NONE',  ( -1.000000000000000000, 9.540979117872429553E-15, 0.000000000000000000 ) ) ;
#2327 = ADVANCED_BREP_SHAPE_REPRESENTATION ( 'common mode choke', ( #910, #880, #2174 ), #1834 ) ;
#2328 = AXIS2_PLACEMENT_3D ( 'NONE', #1108, #1905, #265 ) ;
#2329 = DIRECTION ( 'NONE',  ( -0.000000000000000000, -0.000000000000000000, -1.000000000000000000 ) ) ;
#2330 = VERTEX_POINT ( 'NONE', #1144 ) ;
#2331 = CARTESIAN_POINT ( 'NONE',  ( 5.750000000000000000, 3.499999999999960920, 2.000000000000000000 ) ) ;
#2332 = EDGE_LOOP ( 'NONE', ( #1972, #1913, #1313, #335 ) ) ;
#2333 = ORIENTED_EDGE ( 'NONE', *, *, #889, .T. ) ;
#2334 = EDGE_LOOP ( 'NONE', ( #1257, #595 ) ) ;
#2335 = DIRECTION ( 'NONE',  ( 1.000000000000000000, 0.000000000000000000, 0.000000000000000000 ) ) ;
#2336 = DIRECTION ( 'NONE',  ( -6.722053469410121969E-15, -1.000000000000000000, 0.000000000000000000 ) ) ;
#2337 = ORIENTED_EDGE ( 'NONE', *, *, #185, .F. ) ;
#2338 = CARTESIAN_POINT ( 'NONE',  ( -3.810000000000000053, -3.810000000000000053, -3.000000000000000000 ) ) ;
#2339 = VECTOR ( 'NONE', #349, 1000.000000000000000 ) ;
#2340 = CARTESIAN_POINT ( 'NONE',  ( -5.249999999999999112, 0.5000000000000001110, 2.000000000000000000 ) ) ;
#2341 = CARTESIAN_POINT ( 'NONE',  ( 5.400000000000000355, 0.000000000000000000, 8.800000000000000711 ) ) ;
#2342 = CARTESIAN_POINT ( 'NONE',  ( -0.4999999999999986122, 1.626303258728250537E-15, 2.000000000000000000 ) ) ;
#2343 = ORIENTED_EDGE ( 'NONE', *, *, #1552, .F. ) ;
#2344 = CARTESIAN_POINT ( 'NONE',  ( 0.000000000000000000, -5.750000000000000888, 2.000000000000000000 ) ) ;
#2345 = EDGE_CURVE ( 'NONE', #568, #79, #1786, .T. ) ;
#2346 = AXIS2_PLACEMENT_3D ( 'NONE', #1028, #1820, #317 ) ;
#2347 = ORIENTED_EDGE ( 'NONE', *, *, #47, .T. ) ;
#2348 = ORIENTED_EDGE ( 'NONE', *, *, #1928, .T. ) ;
#2349 = DIRECTION ( 'NONE',  ( -0.000000000000000000, -0.000000000000000000, -1.000000000000000000 ) ) ;
#2350 = CARTESIAN_POINT ( 'NONE',  ( -4.110000000000000320, -3.810000000000000053, -3.000000000000000000 ) ) ;
#2351 = AXIS2_PLACEMENT_3D ( 'NONE', #626, #2218, #1430 ) ;
#2352 = DIRECTION ( 'NONE',  ( 1.000000000000000000, 0.000000000000000000, 0.000000000000000000 ) ) ;
#2353 = ADVANCED_FACE ( 'NONE', ( #37 ), #1249, .F. ) ;
#2354 = ORIENTED_EDGE ( 'NONE', *, *, #72, .T. ) ;
#2355 = CARTESIAN_POINT ( 'NONE',  ( -4.250000000000000000, -4.250000000000000000, 0.000000000000000000 ) ) ;
#2356 = CARTESIAN_POINT ( 'NONE',  ( 2.500000000000005329, -6.505213034913034493E-15, 2.000000000000000000 ) ) ;
#2357 = DIRECTION ( 'NONE',  ( 1.000000000000000000, 0.000000000000000000, 0.000000000000000000 ) ) ;
#2358 = ADVANCED_FACE ( 'NONE', ( #2230 ), #48, .F. ) ;
#2359 = CARTESIAN_POINT ( 'NONE',  ( 1.839150936888381453E-14, 5.249999999999999112, 2.000000000000000000 ) ) ;
#2360 = CARTESIAN_POINT ( 'NONE',  ( -2.499999999999981348, 5.749999999999999112, 2.000000000000000000 ) ) ;
#2361 = VERTEX_POINT ( 'NONE', #2466 ) ;
#2362 = DIRECTION ( 'NONE',  ( -1.000000000000000000, 0.000000000000000000, 0.000000000000000000 ) ) ;
#2363 = EDGE_LOOP ( 'NONE', ( #2273, #855, #463, #875 ) ) ;
#2364 = DIRECTION ( 'NONE',  ( 0.000000000000000000, 1.000000000000000000, -0.000000000000000000 ) ) ;
#2365 = DIRECTION ( 'NONE',  ( 0.000000000000000000, 0.000000000000000000, 1.000000000000000000 ) ) ;
#2366 = EDGE_LOOP ( 'NONE', ( #1160, #614, #1950, #718 ) ) ;
#2367 = DIRECTION ( 'NONE',  ( -0.000000000000000000, 0.000000000000000000, 1.000000000000000000 ) ) ;
#2368 = VECTOR ( 'NONE', #539, 1000.000000000000000 ) ;
#2369 = VECTOR ( 'NONE', #1426, 1000.000000000000000 ) ;
#2370 = EDGE_CURVE ( 'NONE', #1374, #703, #230, .T. ) ;
#2371 = AXIS2_PLACEMENT_3D ( 'NONE', #2432, #1211, #396 ) ;
#2372 = LINE ( 'NONE', #569, #2127 ) ;
#2373 = DIRECTION ( 'NONE',  ( 1.000000000000000000, 0.000000000000000000, 0.000000000000000000 ) ) ;
#2374 = VECTOR ( 'NONE', #805, 1000.000000000000000 ) ;
#2375 = ORIENTED_EDGE ( 'NONE', *, *, #2262, .F. ) ;
#2376 = DIRECTION ( 'NONE',  ( -1.000000000000000000, 0.000000000000000000, 0.000000000000000000 ) ) ;
#2377 = EDGE_CURVE ( 'NONE', #1295, #1767, #2052, .T. ) ;
#2378 = VERTEX_POINT ( 'NONE', #1807 ) ;
#2379 = CARTESIAN_POINT ( 'NONE',  ( 1.214306433183756920E-14, -3.499999999999980460, 2.000000000000000000 ) ) ;
#2380 = CARTESIAN_POINT ( 'NONE',  ( 5.249999999999979572, -3.000000000000036415, 0.000000000000000000 ) ) ;
#2381 = ORIENTED_EDGE ( 'NONE', *, *, #299, .T. ) ;
#2382 = DIRECTION ( 'NONE',  ( 1.000000000000000000, 0.000000000000000000, 0.000000000000000000 ) ) ;
#2383 = EDGE_CURVE ( 'NONE', #1628, #2192, #632, .T. ) ;
#2384 = DIRECTION ( 'NONE',  ( -1.000000000000000000, 0.000000000000000000, 0.000000000000000000 ) ) ;
#2385 = VERTEX_POINT ( 'NONE', #2285 ) ;
#2386 = CYLINDRICAL_SURFACE ( 'NONE', #2060, 1.499999999999999556 ) ;
#2387 = CARTESIAN_POINT ( 'NONE',  ( -5.750000000000000000, 0.000000000000000000, 0.000000000000000000 ) ) ;
#2388 = ORIENTED_EDGE ( 'NONE', *, *, #863, .T. ) ;
#2389 = CARTESIAN_POINT ( 'NONE',  ( 0.4999999999999423239, -5.750000000000000888, 2.000000000000000000 ) ) ;
#2390 = CYLINDRICAL_SURFACE ( 'NONE', #607, 0.5000000000000000000 ) ;
#2391 = AXIS2_PLACEMENT_3D ( 'NONE', #1869, #82, #374 ) ;
#2392 = DIRECTION ( 'NONE',  ( -1.000000000000000000, 0.000000000000000000, 0.000000000000000000 ) ) ;
#2393 = ORIENTED_EDGE ( 'NONE', *, *, #1465, .T. ) ;
#2394 = DIRECTION ( 'NONE',  ( -0.000000000000000000, 0.000000000000000000, 1.000000000000000000 ) ) ;
#2395 = VECTOR ( 'NONE', #876, 1000.000000000000000 ) ;
#2396 = AXIS2_PLACEMENT_3D ( 'NONE', #1177, #178, #1688 ) ;
#2397 = CARTESIAN_POINT ( 'NONE',  ( -2.900000000000000355, 3.551475717527324325E-16, 8.803305772578518429 ) ) ;
#2398 = DIRECTION ( 'NONE',  ( 1.000000000000000000, 0.000000000000000000, 0.000000000000000000 ) ) ;
#2399 = ORIENTED_EDGE ( 'NONE', *, *, #1659, .T. ) ;
#2400 = DIRECTION ( 'NONE',  ( -9.540979117872429553E-15, -1.000000000000000000, 0.000000000000000000 ) ) ;
#2401 = EDGE_CURVE ( 'NONE', #1326, #1862, #2525, .T. ) ;
#2402 = ORIENTED_EDGE ( 'NONE', *, *, #1552, .T. ) ;
#2403 = EDGE_CURVE ( 'NONE', #2510, #2278, #2106, .T. ) ;
#2404 = CARTESIAN_POINT ( 'NONE',  ( -5.250000000000000000, 3.500000000000000000, 0.000000000000000000 ) ) ;
#2405 = EDGE_CURVE ( 'NONE', #1553, #364, #276, .T. ) ;
#2406 = CARTESIAN_POINT ( 'NONE',  ( 4.749999999999999112, -3.672178639781026149E-14, 2.000000000000000000 ) ) ;
#2407 = DIRECTION ( 'NONE',  ( 1.000000000000000000, 0.000000000000000000, 0.000000000000000000 ) ) ;
#2408 = EDGE_CURVE ( 'NONE', #589, #735, #712, .T. ) ;
#2409 = CARTESIAN_POINT ( 'NONE',  ( -5.505206342673671476E-14, -5.249999999999998224, 2.000000000000000000 ) ) ;
#2410 = AXIS2_PLACEMENT_3D ( 'NONE', #2243, #2485, #20 ) ;
#2411 = AXIS2_PLACEMENT_3D ( 'NONE', #1343, #332, #150 ) ;
#2412 = VECTOR ( 'NONE', #1948, 1000.000000000000000 ) ;
#2413 = VERTEX_POINT ( 'NONE', #711 ) ;
#2414 = LINE ( 'NONE', #707, #1106 ) ;
#2415 = PLANE ( 'NONE',  #151 ) ;
#2416 = VECTOR ( 'NONE', #2287, 1000.000000000000000 ) ;
#2417 = ORIENTED_EDGE ( 'NONE', *, *, #324, .F. ) ;
#2418 = DIRECTION ( 'NONE',  ( -0.000000000000000000, -0.000000000000000000, 1.000000000000000000 ) ) ;
#2419 = LINE ( 'NONE', #998, #2540 ) ;
#2420 = CARTESIAN_POINT ( 'NONE',  ( -0.4999999999999815703, 5.250000000000000888, 0.000000000000000000 ) ) ;
#2421 = CARTESIAN_POINT ( 'NONE',  ( 0.000000000000000000, 5.749999999999999112, 2.000000000000000000 ) ) ;
#2422 = CARTESIAN_POINT ( 'NONE',  ( -5.750000000000000000, -0.5000000000000000000, 2.000000000000000000 ) ) ;
#2423 = DIRECTION ( 'NONE',  ( 1.000000000000000000, 0.000000000000000000, 0.000000000000000000 ) ) ;
#2424 = EDGE_LOOP ( 'NONE', ( #2317, #2097, #157, #1016 ) ) ;
#2425 = DIRECTION ( 'NONE',  ( -1.000000000000000000, 0.000000000000000000, 0.000000000000000000 ) ) ;
#2426 = APPLICATION_PROTOCOL_DEFINITION ( 'draft international standard', 'automotive_design', 1998, #801 ) ;
#2427 = CIRCLE ( 'NONE', #789, 0.2999999999999999334 ) ;
#2428 = ORIENTED_EDGE ( 'NONE', *, *, #302, .F. ) ;
#2429 = EDGE_CURVE ( 'NONE', #1787, #1935, #1078, .T. ) ;
#2430 = CARTESIAN_POINT ( 'NONE',  ( 5.249999999999976019, -3.500000000000036859, 2.000000000000000000 ) ) ;
#2431 = AXIS2_PLACEMENT_3D ( 'NONE', #348, #2135, #2357 ) ;
#2432 = CARTESIAN_POINT ( 'NONE',  ( 5.250000000000020428, 2.999999999999963585, 2.000000000000000000 ) ) ;
#2433 = VECTOR ( 'NONE', #2364, 1000.000000000000000 ) ;
#2434 = EDGE_CURVE ( 'NONE', #121, #2212, #1504, .T. ) ;
#2435 = EDGE_CURVE ( 'NONE', #935, #1263, #1345, .T. ) ;
#2436 = DIRECTION ( 'NONE',  ( 1.000000000000000000, 0.000000000000000000, 0.000000000000000000 ) ) ;
#2437 = EDGE_CURVE ( 'NONE', #491, #804, #1490, .T. ) ;
#2438 = CARTESIAN_POINT ( 'NONE',  ( -5.249999999999999112, 6.123233995736772199E-17, 2.000000000000000000 ) ) ;
#2439 = AXIS2_PLACEMENT_3D ( 'NONE', #740, #1915, #1134 ) ;
#2440 = CIRCLE ( 'NONE', #1261, 0.5000000000000013323 ) ;
#2441 = PRODUCT_RELATED_PRODUCT_CATEGORY ( 'part', '', ( #920 ) ) ;
#2442 = DIRECTION ( 'NONE',  ( -1.301042606982604059E-14, -1.000000000000000000, 0.000000000000000000 ) ) ;
#2443 = ORIENTED_EDGE ( 'NONE', *, *, #2323, .F. ) ;
#2444 = FACE_OUTER_BOUND ( 'NONE', #1507, .T. ) ;
#2445 = DIRECTION ( 'NONE',  ( 0.000000000000000000, 0.000000000000000000, 1.000000000000000000 ) ) ;
#2446 = ORIENTED_EDGE ( 'NONE', *, *, #761, .T. ) ;
#2447 = ORIENTED_EDGE ( 'NONE', *, *, #426, .T. ) ;
#2448 = CARTESIAN_POINT ( 'NONE',  ( -5.249999999999999112, 0.5000000000000001110, 2.000000000000000000 ) ) ;
#2449 = CARTESIAN_POINT ( 'NONE',  ( 5.249999999999979572, -3.000000000000036415, 0.000000000000000000 ) ) ;
#2450 = LINE ( 'NONE', #1856, #1502 ) ;
#2451 = LINE ( 'NONE', #251, #1539 ) ;
#2452 = CIRCLE ( 'NONE', #2019, 0.4999999999999987232 ) ;
#2453 = ORIENTED_EDGE ( 'NONE', *, *, #1844, .F. ) ;
#2454 = CARTESIAN_POINT ( 'NONE',  ( 1.214306433183756762E-14, 3.499999999999980016, 2.000000000000000000 ) ) ;
#2455 = MECHANICAL_DESIGN_GEOMETRIC_PRESENTATION_REPRESENTATION (  '', ( #2020 ), #1230 ) ;
#2456 = AXIS2_PLACEMENT_3D ( 'NONE', #1474, #288, #1289 ) ;
#2457 = AXIS2_PLACEMENT_3D ( 'NONE', #872, #1234, #2025 ) ;
#2458 = ORIENTED_EDGE ( 'NONE', *, *, #196, .F. ) ;
#2459 = ORIENTED_EDGE ( 'NONE', *, *, #1874, .T. ) ;
#2460 = DIRECTION ( 'NONE',  ( -0.000000000000000000, -0.000000000000000000, -1.000000000000000000 ) ) ;
#2461 = PLANE ( 'NONE',  #1732 ) ;
#2462 = CARTESIAN_POINT ( 'NONE',  ( -4.250000000000000000, 4.249999999999998224, 2.000000000000000000 ) ) ;
#2463 = CARTESIAN_POINT ( 'NONE',  ( -3.361026734705071634E-15, -0.5000000000000015543, 2.000000000000000000 ) ) ;
#2464 = ORIENTED_EDGE ( 'NONE', *, *, #1889, .T. ) ;
#2465 = EDGE_CURVE ( 'NONE', #179, #2192, #1344, .T. ) ;
#2466 = CARTESIAN_POINT ( 'NONE',  ( 2.500000000000019540, 5.749999999999999112, 0.000000000000000000 ) ) ;
#2467 = VERTEX_POINT ( 'NONE', #91 ) ;
#2468 = FACE_BOUND ( 'NONE', #2334, .T. ) ;
#2469 = ORIENTED_EDGE ( 'NONE', *, *, #756, .T. ) ;
#2470 = ADVANCED_FACE ( 'NONE', ( #1868 ), #1291, .F. ) ;
#2471 = AXIS2_PLACEMENT_3D ( 'NONE', #2359, #1335, #1944 ) ;
#2472 = VERTEX_POINT ( 'NONE', #1706 ) ;
#2473 = DIRECTION ( 'NONE',  ( 1.000000000000000000, 0.000000000000000000, -0.000000000000000000 ) ) ;
#2474 = DIRECTION ( 'NONE',  ( 0.000000000000000000, -0.000000000000000000, 1.000000000000000000 ) ) ;
#2475 = PLANE ( 'NONE',  #254 ) ;
#2476 = VECTOR ( 'NONE', #2122, 1000.000000000000000 ) ;
#2477 = VECTOR ( 'NONE', #2349, 1000.000000000000000 ) ;
#2478 = ORIENTED_EDGE ( 'NONE', *, *, #2437, .T. ) ;
#2479 = CARTESIAN_POINT ( 'NONE',  ( 3.810000000000000053, -3.810000000000000053, 0.000000000000000000 ) ) ;
#2480 = VERTEX_POINT ( 'NONE', #2340 ) ;
#2481 = ADVANCED_FACE ( 'NONE', ( #1693 ), #542, .T. ) ;
#2482 = CARTESIAN_POINT ( 'NONE',  ( 4.324339303528177858, -4.824339303528178746, 0.000000000000000000 ) ) ;
#2483 = EDGE_CURVE ( 'NONE', #2361, #817, #1105, .T. ) ;
#2484 = EDGE_LOOP ( 'NONE', ( #217, #255, #958, #1675 ) ) ;
#2485 = DIRECTION ( 'NONE',  ( -1.000000000000000000, 6.938893903907221278E-15, 0.000000000000000000 ) ) ;
#2486 = DIRECTION ( 'NONE',  ( -1.000000000000000000, 0.000000000000000000, 0.000000000000000000 ) ) ;
#2487 = ADVANCED_FACE ( 'NONE', ( #113 ), #2309, .F. ) ;
#2488 = LINE ( 'NONE', #673, #757 ) ;
#2489 = DIRECTION ( 'NONE',  ( 1.000000000000000000, 0.000000000000000000, 0.000000000000000000 ) ) ;
#2490 = EDGE_LOOP ( 'NONE', ( #1808, #826, #1567, #2538 ) ) ;
#2491 = EDGE_CURVE ( 'NONE', #2056, #1714, #215, .T. ) ;
#2492 = CARTESIAN_POINT ( 'NONE',  ( -0.5000000000000577316, -5.750000000000000888, 2.000000000000000000 ) ) ;
#2493 = ORIENTED_EDGE ( 'NONE', *, *, #957, .T. ) ;
#2494 = LINE ( 'NONE', #83, #2547 ) ;
#2495 = EDGE_CURVE ( 'NONE', #301, #2284, #1516, .T. ) ;
#2496 = EDGE_LOOP ( 'NONE', ( #1750, #553 ) ) ;
#2497 = CARTESIAN_POINT ( 'NONE',  ( -5.249999999999999112, -2.500000000000000888, 2.000000000000000000 ) ) ;
#2498 = AXIS2_PLACEMENT_3D ( 'NONE', #847, #2225, #680 ) ;
#2499 = VECTOR ( 'NONE', #203, 1000.000000000000000 ) ;
#2500 = ORIENTED_EDGE ( 'NONE', *, *, #193, .F. ) ;
#2501 = ORIENTED_EDGE ( 'NONE', *, *, #353, .F. ) ;
#2502 = DIRECTION ( 'NONE',  ( -6.938893903907221278E-15, -1.000000000000000000, 0.000000000000000000 ) ) ;
#2503 = CARTESIAN_POINT ( 'NONE',  ( -2.500000000000005773, 2.385244779468112910E-14, 2.000000000000000000 ) ) ;
#2504 = PLANE ( 'NONE',  #1967 ) ;
#2505 = ORIENTED_EDGE ( 'NONE', *, *, #1115, .F. ) ;
#2506 = DIRECTION ( 'NONE',  ( 1.040834085586083310E-14, 1.000000000000000000, 0.000000000000000000 ) ) ;
#2507 = FACE_OUTER_BOUND ( 'NONE', #2318, .T. ) ;
#2508 = LINE ( 'NONE', #363, #582 ) ;
#2509 = EDGE_LOOP ( 'NONE', ( #459, #1681, #222, #2072 ) ) ;
#2510 = VERTEX_POINT ( 'NONE', #1121 ) ;
#2511 = ORIENTED_EDGE ( 'NONE', *, *, #730, .F. ) ;
#2512 = LINE ( 'NONE', #1352, #2128 ) ;
#2513 = DIRECTION ( 'NONE',  ( -0.000000000000000000, 0.000000000000000000, 1.000000000000000000 ) ) ;
#2514 = EDGE_LOOP ( 'NONE', ( #519, #271 ) ) ;
#2515 = CARTESIAN_POINT ( 'NONE',  ( 0.000000000000000000, 0.000000000000000000, 8.803305772578518429 ) ) ;
#2516 = EDGE_CURVE ( 'NONE', #1714, #162, #124, .T. ) ;
#2517 = ADVANCED_FACE ( 'NONE', ( #527 ), #334, .T. ) ;
#2518 = EDGE_CURVE ( 'NONE', #1065, #1524, #1147, .T. ) ;
#2519 = CARTESIAN_POINT ( 'NONE',  ( 2.999999999999945377, -5.250000000000030198, 2.000000000000000000 ) ) ;
#2520 = EDGE_LOOP ( 'NONE', ( #497, #316, #1386, #1082 ) ) ;
#2521 = CARTESIAN_POINT ( 'NONE',  ( -3.499999999999980460, 5.749999999999999112, 2.000000000000000000 ) ) ;
#2522 = AXIS2_PLACEMENT_3D ( 'NONE', #492, #1428, #2436 ) ;
#2523 = ADVANCED_FACE ( 'NONE', ( #1770 ), #1185, .F. ) ;
#2524 = ORIENTED_EDGE ( 'NONE', *, *, #477, .T. ) ;
#2525 = CIRCLE ( 'NONE', #925, 0.2999999999999999334 ) ;
#2526 = ORIENTED_EDGE ( 'NONE', *, *, #537, .T. ) ;
#2527 = ORIENTED_EDGE ( 'NONE', *, *, #1277, .T. ) ;
#2528 = CARTESIAN_POINT ( 'NONE',  ( 4.250000000000000000, -5.750000000000000888, 0.000000000000000000 ) ) ;
#2529 = FACE_BOUND ( 'NONE', #618, .T. ) ;
#2530 = ORIENTED_EDGE ( 'NONE', *, *, #728, .F. ) ;
#2531 = CARTESIAN_POINT ( 'NONE',  ( -5.250000000000000000, 2.999999999999999556, 0.000000000000000000 ) ) ;
#2532 = CARTESIAN_POINT ( 'NONE',  ( -5.249999999999999112, -3.000000000000000444, 0.000000000000000000 ) ) ;
#2533 = CARTESIAN_POINT ( 'NONE',  ( -6.505213034913058158E-15, -2.500000000000014211, 2.000000000000000000 ) ) ;
#2534 = DIRECTION ( 'NONE',  ( 0.000000000000000000, 0.000000000000000000, -1.000000000000000000 ) ) ;
#2535 = DIRECTION ( 'NONE',  ( -0.000000000000000000, -0.000000000000000000, -1.000000000000000000 ) ) ;
#2536 = ORIENTED_EDGE ( 'NONE', *, *, #1260, .T. ) ;
#2537 = ORIENTED_EDGE ( 'NONE', *, *, #682, .T. ) ;
#2538 = ORIENTED_EDGE ( 'NONE', *, *, #1488, .F. ) ;
#2539 = FACE_OUTER_BOUND ( 'NONE', #651, .T. ) ;
#2540 = VECTOR ( 'NONE', #2011, 1000.000000000000000 ) ;
#2541 = AXIS2_PLACEMENT_3D ( 'NONE', #2515, #751, #905 ) ;
#2542 = VECTOR ( 'NONE', #1168, 1000.000000000000000 ) ;
#2543 = CYLINDRICAL_SURFACE ( 'NONE', #971, 0.2999999999999999334 ) ;
#2544 = AXIS2_PLACEMENT_3D ( 'NONE', #2215, #419, #1219 ) ;
#2545 = ORIENTED_EDGE ( 'NONE', *, *, #1685, .T. ) ;
#2546 = LINE ( 'NONE', #738, #1942 ) ;
#2547 = VECTOR ( 'NONE', #1859, 1000.000000000000000 ) ;
#2548 = CARTESIAN_POINT ( 'NONE',  ( -5.249999999999999112, 6.123233995736772199E-17, 2.000000000000000000 ) ) ;
#2549 = ORIENTED_EDGE ( 'NONE', *, *, #135, .F. ) ;
#2550 = CYLINDRICAL_SURFACE ( 'NONE', #1663, 5.400000000000000355 ) ;
#2551 = ORIENTED_EDGE ( 'NONE', *, *, #2003, .T. ) ;
#2552 = VERTEX_POINT ( 'NONE', #1745 ) ;
#2553 = ADVANCED_FACE ( 'NONE', ( #2560 ), #790, .T. ) ;
#2554 = ORIENTED_EDGE ( 'NONE', *, *, #1416, .T. ) ;
#2555 = CARTESIAN_POINT ( 'NONE',  ( -5.750000000000000000, 0.000000000000000000, 0.000000000000000000 ) ) ;
#2556 = CARTESIAN_POINT ( 'NONE',  ( 5.750000000000000000, -4.250000000000000000, 2.000000000000000000 ) ) ;
#2557 = DIRECTION ( 'NONE',  ( 0.000000000000000000, 0.000000000000000000, 1.000000000000000000 ) ) ;
#2558 = ORIENTED_EDGE ( 'NONE', *, *, #1823, .T. ) ;
#2559 = CARTESIAN_POINT ( 'NONE',  ( 4.750000000000021316, 2.999999999999963585, 2.000000000000000000 ) ) ;
#2560 = FACE_OUTER_BOUND ( 'NONE', #717, .T. ) ;
#2561 = CARTESIAN_POINT ( 'NONE',  ( -2.999999999999982236, 5.250000000000009770, 2.000000000000000000 ) ) ;
#2562 = CARTESIAN_POINT ( 'NONE',  ( 4.824339303528179634, -4.824339303528178746, 2.000000000000000000 ) ) ;
#2563 = VERTEX_POINT ( 'NONE', #2308 ) ;
#2564 = VECTOR ( 'NONE', #1001, 1000.000000000000000 ) ;
#2565 = PLANE ( 'NONE',  #1024 ) ;
#2566 = VECTOR ( 'NONE', #369, 1000.000000000000000 ) ;
#2567 = ORIENTED_EDGE ( 'NONE', *, *, #2572, .F. ) ;
#2568 = CARTESIAN_POINT ( 'NONE',  ( 5.750000000000000000, 0.000000000000000000, 2.000000000000000000 ) ) ;
#2569 = CARTESIAN_POINT ( 'NONE',  ( -3.510000000000000231, -3.810000000000000053, -3.000000000000000000 ) ) ;
#2570 = VECTOR ( 'NONE', #1017, 1000.000000000000000 ) ;
#2571 = FACE_OUTER_BOUND ( 'NONE', #2490, .T. ) ;
#2572 = EDGE_CURVE ( 'NONE', #1469, #225, #1797, .T. ) ;
#2573 = VECTOR ( 'NONE', #57, 1000.000000000000000 ) ;
#2574 = EDGE_LOOP ( 'NONE', ( #1264, #1056, #243, #1010 ) ) ;
#2575 = DIRECTION ( 'NONE',  ( 1.000000000000000000, 0.000000000000000000, 0.000000000000000000 ) ) ;
#2576 = DIRECTION ( 'NONE',  ( 2.602085213965208275E-15, 1.000000000000000000, 0.000000000000000000 ) ) ;
#2577 = FACE_OUTER_BOUND ( 'NONE', #2484, .T. ) ;
#2578 = EDGE_CURVE ( 'NONE', #364, #1642, #1546, .T. ) ;
#2579 = DIRECTION ( 'NONE',  ( -0.000000000000000000, -0.000000000000000000, 1.000000000000000000 ) ) ;
#2580 = ORIENTED_EDGE ( 'NONE', *, *, #1744, .F. ) ;
#2581 = CARTESIAN_POINT ( 'NONE',  ( 2.500000000000014211, -3.252606517456528448E-14, 2.000000000000000000 ) ) ;
#2582 = EDGE_CURVE ( 'NONE', #701, #743, #2302, .T. ) ;
#2583 = ORIENTED_EDGE ( 'NONE', *, *, #1283, .T. ) ;
#2584 = LINE ( 'NONE', #1986, #397 ) ;
#2585 = DIRECTION ( 'NONE',  ( -0.000000000000000000, -0.000000000000000000, -1.000000000000000000 ) ) ;
#2586 = VECTOR ( 'NONE', #467, 1000.000000000000000 ) ;
#2587 = FACE_OUTER_BOUND ( 'NONE', #1072, .T. ) ;
#2588 = VERTEX_POINT ( 'NONE', #739 ) ;
#2589 = DIRECTION ( 'NONE',  ( -6.071532165918819308E-15, -1.000000000000000000, 0.000000000000000000 ) ) ;
#2590 = VECTOR ( 'NONE', #2418, 1000.000000000000000 ) ;
#2591 = CIRCLE ( 'NONE', #435, 5.400000000000000355 ) ;
#2592 = FACE_OUTER_BOUND ( 'NONE', #1587, .T. ) ;
#2593 = CARTESIAN_POINT ( 'NONE',  ( 0.5000000000000184297, 5.249999999999997335, 2.000000000000000000 ) ) ;
#2594 = VECTOR ( 'NONE', #256, 1000.000000000000000 ) ;
#2595 = EDGE_LOOP ( 'NONE', ( #2337, #1634, #1526, #1132 ) ) ;
#2596 = DIRECTION ( 'NONE',  ( 0.000000000000000000, 0.000000000000000000, 1.000000000000000000 ) ) ;
#2597 = DIRECTION ( 'NONE',  ( 1.000000000000000000, 0.000000000000000000, 0.000000000000000000 ) ) ;
#2598 = ORIENTED_EDGE ( 'NONE', *, *, #359, .F. ) ;
#2599 = PLANE ( 'NONE',  #2235 ) ;
#2600 = DIRECTION ( 'NONE',  ( 1.000000000000000000, -2.602085213965208275E-15, 0.000000000000000000 ) ) ;
#2601 = LINE ( 'NONE', #1584, #2564 ) ;
#2602 = CARTESIAN_POINT ( 'NONE',  ( -3.500000000000057732, -5.750000000000000888, 2.000000000000000000 ) ) ;
#2603 = EDGE_CURVE ( 'NONE', #2467, #79, #2132, .T. ) ;
#2604 = ORIENTED_EDGE ( 'NONE', *, *, #922, .T. ) ;
#2605 = PLANE ( 'NONE',  #815 ) ;
#2606 = ADVANCED_FACE ( 'NONE', ( #266 ), #1612, .F. ) ;
#2607 = VECTOR ( 'NONE', #2187, 1000.000000000000000 ) ;
#2608 = ORIENTED_EDGE ( 'NONE', *, *, #1390, .T. ) ;
#2609 = CARTESIAN_POINT ( 'NONE',  ( 3.499999999999941824, -5.750000000000000888, 0.000000000000000000 ) ) ;
#2610 = EDGE_CURVE ( 'NONE', #2385, #734, #1801, .T. ) ;
#2611 = VECTOR ( 'NONE', #2142, 1000.000000000000000 ) ;
ENDSEC;
END-ISO-10303-21;
