ISO-10303-21;
HEADER;
FILE_DESCRIPTION (( 'STEP AP214' ),
    '1' );
FILE_NAME ('PC5930T.STEP',
    '2023-08-31T13:31:52',
    ( '' ),
    ( '' ),
    'SwSTEP 2.0',
    'SolidWorks 2021',
    '' );
FILE_SCHEMA (( 'AUTOMOTIVE_DESIGN' ));
ENDSEC;

DATA;
#1 = LINE ( 'NONE', #1950, #2498 ) ;
#2 = ORIENTED_EDGE ( 'NONE', *, *, #699, .T. ) ;
#3 = ORIENTED_EDGE ( 'NONE', *, *, #3466, .T. ) ;
#4 = EDGE_CURVE ( 'NONE', #814, #1810, #2884, .T. ) ;
#5 = AXIS2_PLACEMENT_3D ( 'NONE', #2646, #1834, #1283 ) ;
#6 = DIRECTION ( 'NONE',  ( 1.000000000000000000, 0.000000000000000000, 4.400024020954809650E-16 ) ) ;
#7 = ORIENTED_EDGE ( 'NONE', *, *, #1198, .F. ) ;
#8 = VECTOR ( 'NONE', #470, 1000.000000000000000 ) ;
#9 = CARTESIAN_POINT ( 'NONE',  ( 2.027727667516446175, 2.837179088298752205, 31.24199999999997601 ) ) ;
#10 = ORIENTED_EDGE ( 'NONE', *, *, #523, .T. ) ;
#11 = AXIS2_PLACEMENT_3D ( 'NONE', #1664, #3419, #1934 ) ;
#12 = ORIENTED_EDGE ( 'NONE', *, *, #3445, .T. ) ;
#13 = AXIS2_PLACEMENT_3D ( 'NONE', #2403, #1581, #2666 ) ;
#14 = ADVANCED_FACE ( 'NONE', ( #3161 ), #350, .F. ) ;
#15 = LINE ( 'NONE', #2904, #47 ) ;
#16 = LINE ( 'NONE', #98, #2792 ) ;
#17 = LINE ( 'NONE', #2272, #1003 ) ;
#18 = CARTESIAN_POINT ( 'NONE',  ( -1.524000000000002242, -1.270000000000000018, -27.17799999999999727 ) ) ;
#19 = CARTESIAN_POINT ( 'NONE',  ( 4.063999999999997392, -1.270000000000000018, -26.16199999999999903 ) ) ;
#20 = DIRECTION ( 'NONE',  ( 0.5735764363510419406, 0.8191520442889944631, 0.000000000000000000 ) ) ;
#21 = CARTESIAN_POINT ( 'NONE',  ( -1.524000000000002242, -1.270000000000000018, -27.17799999999999727 ) ) ;
#22 = ORIENTED_EDGE ( 'NONE', *, *, #2604, .T. ) ;
#23 = CARTESIAN_POINT ( 'NONE',  ( -2.414920732241781387, -1.112537520882493469, -23.11400000000001143 ) ) ;
#24 = VERTEX_POINT ( 'NONE', #1187 ) ;
#25 = ORIENTED_EDGE ( 'NONE', *, *, #37, .T. ) ;
#26 = CARTESIAN_POINT ( 'NONE',  ( 4.063999999999998280, 0.7619999999999998996, -9.271000000000006125 ) ) ;
#27 = EDGE_CURVE ( 'NONE', #2344, #1608, #1758, .T. ) ;
#28 = LINE ( 'NONE', #1698, #3185 ) ;
#29 = ORIENTED_EDGE ( 'NONE', *, *, #1577, .T. ) ;
#30 = DIRECTION ( 'NONE',  ( -0.000000000000000000, 1.000000000000000000, 0.000000000000000000 ) ) ;
#31 = VERTEX_POINT ( 'NONE', #3451 ) ;
#32 = DIRECTION ( 'NONE',  ( 1.000000000000000000, -3.500180241882336472E-15, 0.000000000000000000 ) ) ;
#33 = DIRECTION ( 'NONE',  ( -1.000000000000000000, -0.000000000000000000, -4.400024020954809157E-16 ) ) ;
#34 = DIRECTION ( 'NONE',  ( -7.889555165455265717E-17, -0.000000000000000000, 1.000000000000000000 ) ) ;
#35 = EDGE_CURVE ( 'NONE', #3549, #2344, #919, .T. ) ;
#36 = DIRECTION ( 'NONE',  ( 0.000000000000000000, -1.000000000000000000, 0.000000000000000000 ) ) ;
#37 = EDGE_CURVE ( 'NONE', #790, #1305, #3139, .T. ) ;
#38 = CYLINDRICAL_SURFACE ( 'NONE', #2262, 1.015999999999999570 ) ;
#39 = CARTESIAN_POINT ( 'NONE',  ( -2.027727667516447507, 1.371599999999999930, 31.24199999999998312 ) ) ;
#40 = CARTESIAN_POINT ( 'NONE',  ( -2.105838894087765478, 0.1392538382162533950, -26.25694028022204307 ) ) ;
#41 = CARTESIAN_POINT ( 'NONE',  ( 2.042577771392985131, -1.219671973672192156, -21.20247919870787001 ) ) ;
#42 = ORIENTED_EDGE ( 'NONE', *, *, #1736, .T. ) ;
#43 = DIRECTION ( 'NONE',  ( 1.000000000000000000, 3.491481338843132961E-15, -2.845674993400287744E-16 ) ) ;
#44 = EDGE_LOOP ( 'NONE', ( #1051, #1796, #702, #3469 ) ) ;
#45 = CIRCLE ( 'NONE', #641, 0.7619999999999987894 ) ;
#46 = VERTEX_POINT ( 'NONE', #2567 ) ;
#47 = VECTOR ( 'NONE', #2048, 1000.000000000000000 ) ;
#48 = CARTESIAN_POINT ( 'NONE',  ( 2.794000000000002260, 1.269999999999995577, -21.08199999999999719 ) ) ;
#49 = CARTESIAN_POINT ( 'NONE',  ( -0.9704313166250178035, 7.779546356945791885, 14.60499999999998622 ) ) ;
#50 = DIRECTION ( 'NONE',  ( 0.000000000000000000, 1.326724403704322426E-16, -1.000000000000000000 ) ) ;
#51 = AXIS2_PLACEMENT_3D ( 'NONE', #701, #2956, #994 ) ;
#52 = LINE ( 'NONE', #1189, #773 ) ;
#53 = ORIENTED_EDGE ( 'NONE', *, *, #1851, .F. ) ;
#54 = EDGE_CURVE ( 'NONE', #858, #3643, #1498, .T. ) ;
#55 = EDGE_CURVE ( 'NONE', #407, #627, #28, .T. ) ;
#56 = AXIS2_PLACEMENT_3D ( 'NONE', #545, #1702, #797 ) ;
#57 = CARTESIAN_POINT ( 'NONE',  ( -4.064000000000002721, -1.270000000000000018, -10.08820225350369526 ) ) ;
#58 = CARTESIAN_POINT ( 'NONE',  ( -4.064000000000064894, 18.03399999999997050, -24.63800000000000523 ) ) ;
#59 = CARTESIAN_POINT ( 'NONE',  ( 0.000000000000000000, 0.000000000000000000, 0.000000000000000000 ) ) ;
#60 = FACE_OUTER_BOUND ( 'NONE', #1619, .T. ) ;
#61 = CARTESIAN_POINT ( 'NONE',  ( -4.064000000000021373, 0.7619999999999998996, 31.24199999999998312 ) ) ;
#62 = CARTESIAN_POINT ( 'NONE',  ( -2.165647298788182074, 0.1717107636482370636, -26.23142620022124305 ) ) ;
#63 = EDGE_CURVE ( 'NONE', #2733, #2851, #1596, .T. ) ;
#64 = DIRECTION ( 'NONE',  ( 0.000000000000000000, 0.000000000000000000, 1.000000000000000000 ) ) ;
#65 = EDGE_LOOP ( 'NONE', ( #1457, #2177, #2679, #2329 ) ) ;
#66 = VERTEX_POINT ( 'NONE', #1423 ) ;
#67 = EDGE_CURVE ( 'NONE', #1040, #2733, #2608, .T. ) ;
#68 = CARTESIAN_POINT ( 'NONE',  ( -4.064000000000064894, 18.03399999999997050, -24.63800000000000523 ) ) ;
#69 = ORIENTED_EDGE ( 'NONE', *, *, #3125, .F. ) ;
#70 = ORIENTED_EDGE ( 'NONE', *, *, #268, .F. ) ;
#71 = CARTESIAN_POINT ( 'NONE',  ( -4.064000000000064894, 18.03399999999997050, -25.40000000000000568 ) ) ;
#72 = CARTESIAN_POINT ( 'NONE',  ( 4.064000000000037360, 11.17599999999999660, -20.32000000000000739 ) ) ;
#73 = CARTESIAN_POINT ( 'NONE',  ( -4.064000000000004498, 0.7619999999999998996, -8.509000000000009223 ) ) ;
#74 = DIRECTION ( 'NONE',  ( -3.491481338843134144E-15, -1.000000000000000000, -0.000000000000000000 ) ) ;
#75 = EDGE_LOOP ( 'NONE', ( #990, #2488, #2774, #588, #2684, #2284, #2948, #1829, #906 ) ) ;
#76 = CIRCLE ( 'NONE', #5, 2.540000000000000480 ) ;
#77 = LINE ( 'NONE', #294, #1184 ) ;
#78 = AXIS2_PLACEMENT_3D ( 'NONE', #3053, #534, #250 ) ;
#79 = VECTOR ( 'NONE', #952, 1000.000000000000000 ) ;
#80 = CARTESIAN_POINT ( 'NONE',  ( -2.413000000000001144, 2.793999999999996486, 17.90699999999998582 ) ) ;
#81 = DIRECTION ( 'NONE',  ( 4.400024020954809157E-16, -0.000000000000000000, -1.000000000000000000 ) ) ;
#82 = EDGE_CURVE ( 'NONE', #1719, #3538, #3409, .T. ) ;
#83 = EDGE_CURVE ( 'NONE', #841, #1280, #1983, .T. ) ;
#84 = VECTOR ( 'NONE', #3106, 1000.000000000000000 ) ;
#85 = DIRECTION ( 'NONE',  ( 1.000000000000000000, -3.491481338843133750E-15, 0.000000000000000000 ) ) ;
#86 = DIRECTION ( 'NONE',  ( -0.000000000000000000, -1.000000000000000000, 0.000000000000000000 ) ) ;
#87 = FACE_OUTER_BOUND ( 'NONE', #2673, .T. ) ;
#88 = ORIENTED_EDGE ( 'NONE', *, *, #1395, .F. ) ;
#89 = DIRECTION ( 'NONE',  ( -1.000000000000000000, 0.000000000000000000, 0.000000000000000000 ) ) ;
#90 = MECHANICAL_DESIGN_GEOMETRIC_PRESENTATION_REPRESENTATION (  '', ( #1273 ), #2563 ) ;
#91 = ORIENTED_EDGE ( 'NONE', *, *, #823, .F. ) ;
#92 = CARTESIAN_POINT ( 'NONE',  ( 4.064000000000061341, 18.03399999999999892, -19.55800000000000693 ) ) ;
#93 = CARTESIAN_POINT ( 'NONE',  ( 1.524000000000000687, -1.270000000000000018, -16.00200000000000955 ) ) ;
#94 = ADVANCED_FACE ( 'NONE', ( #3118 ), #587, .F. ) ;
#95 = FACE_OUTER_BOUND ( 'NONE', #354, .T. ) ;
#96 = VERTEX_POINT ( 'NONE', #466 ) ;
#97 = DIRECTION ( 'NONE',  ( -3.414809992080328037E-16, 0.000000000000000000, 1.000000000000000000 ) ) ;
#98 = CARTESIAN_POINT ( 'NONE',  ( -4.064000000000040913, 11.17599999999997173, -24.63800000000001944 ) ) ;
#99 = ADVANCED_FACE ( 'NONE', ( #954 ), #2064, .T. ) ;
#100 = LINE ( 'NONE', #3545, #2289 ) ;
#101 = SURFACE_STYLE_USAGE ( .BOTH. , #2908 ) ;
#102 = CARTESIAN_POINT ( 'NONE',  ( 1.985013435412114280, 0.08132958729164492528, -21.23519597498815870 ) ) ;
#103 = CARTESIAN_POINT ( 'NONE',  ( -2.451698895385128640, 0.3902651938468287840, -26.16200000000000614 ) ) ;
#104 = EDGE_CURVE ( 'NONE', #3347, #2036, #2974, .T. ) ;
#105 = DIRECTION ( 'NONE',  ( 0.000000000000000000, 0.000000000000000000, 1.000000000000000000 ) ) ;
#106 = VERTEX_POINT ( 'NONE', #1258 ) ;
#107 = LINE ( 'NONE', #2039, #435 ) ;
#108 = VERTEX_POINT ( 'NONE', #1847 ) ;
#109 = EDGE_CURVE ( 'NONE', #627, #2391, #2660, .T. ) ;
#110 = VECTOR ( 'NONE', #148, 1000.000000000000000 ) ;
#111 = DIRECTION ( 'NONE',  ( -0.5000000000000009992, 3.563026749684933914E-16, 0.8660254037844380415 ) ) ;
#112 = EDGE_LOOP ( 'NONE', ( #367, #3512, #1773, #2993 ) ) ;
#113 = CARTESIAN_POINT ( 'NONE',  ( -2.777857313327368960, 2.886692669804443501, 17.89454924689141180 ) ) ;
#114 = EDGE_CURVE ( 'NONE', #1995, #1093, #2720, .T. ) ;
#115 = DIRECTION ( 'NONE',  ( 6.829619984160656074E-16, 0.000000000000000000, -1.000000000000000000 ) ) ;
#116 = VECTOR ( 'NONE', #3618, 1000.000000000000000 ) ;
#117 = CARTESIAN_POINT ( 'NONE',  ( -2.413000000000000700, 2.793999999999996930, 14.09699999999999065 ) ) ;
#118 = CARTESIAN_POINT ( 'NONE',  ( -4.064000000000003610, 0.7620000000000001217, -7.239000000000009649 ) ) ;
#119 = FACE_OUTER_BOUND ( 'NONE', #2396, .T. ) ;
#120 = CARTESIAN_POINT ( 'NONE',  ( -4.064000000000019597, 3.872200337291648697, 27.63382880116865081 ) ) ;
#121 = ORIENTED_EDGE ( 'NONE', *, *, #923, .F. ) ;
#122 = LINE ( 'NONE', #1200, #375 ) ;
#123 = ORIENTED_EDGE ( 'NONE', *, *, #3532, .T. ) ;
#124 = EDGE_CURVE ( 'NONE', #2019, #2198, #2639, .T. ) ;
#125 = SURFACE_STYLE_FILL_AREA ( #2719 ) ;
#126 = AXIS2_PLACEMENT_3D ( 'NONE', #2586, #3432, #1759 ) ;
#127 = CARTESIAN_POINT ( 'NONE',  ( 4.063999999999982293, 3.070944832876600028, 25.45578960498087184 ) ) ;
#128 = VERTEX_POINT ( 'NONE', #3556 ) ;
#129 = EDGE_LOOP ( 'NONE', ( #1985, #2381, #2527, #2749 ) ) ;
#130 = CARTESIAN_POINT ( 'NONE',  ( 2.287121215343693947, -1.155939997104627137, -18.01076713260147955 ) ) ;
#131 = VECTOR ( 'NONE', #1295, 1000.000000000000000 ) ;
#132 = DIRECTION ( 'NONE',  ( 1.000000000000000000, -3.491481338843134144E-15, 0.000000000000000000 ) ) ;
#133 = EDGE_CURVE ( 'NONE', #1875, #2871, #1538, .T. ) ;
#134 = CARTESIAN_POINT ( 'NONE',  ( 0.06989177962200442129, 7.051104282779968813, 17.45232450136998992 ) ) ;
#135 = AXIS2_PLACEMENT_3D ( 'NONE', #931, #362, #3308 ) ;
#136 = VECTOR ( 'NONE', #1503, 1000.000000000000000 ) ;
#137 = FACE_OUTER_BOUND ( 'NONE', #1802, .T. ) ;
#138 = CARTESIAN_POINT ( 'NONE',  ( -2.413000000000001144, 2.793999999999996930, 14.60499999999998622 ) ) ;
#139 = CARTESIAN_POINT ( 'NONE',  ( -2.794000000000005812, 1.269999999999995133, -23.11400000000001143 ) ) ;
#140 = VERTEX_POINT ( 'NONE', #127 ) ;
#141 = AXIS2_PLACEMENT_3D ( 'NONE', #3149, #335, #1724 ) ;
#142 = EDGE_CURVE ( 'NONE', #3065, #221, #239, .T. ) ;
#143 = VERTEX_POINT ( 'NONE', #168 ) ;
#144 = CARTESIAN_POINT ( 'NONE',  ( -1.524000000000006461, 1.269999999999999352, -26.16199999999999903 ) ) ;
#145 = CARTESIAN_POINT ( 'NONE',  ( -3.179208706797994388, 1.582873978406996729, 17.90344264196896518 ) ) ;
#146 = CARTESIAN_POINT ( 'NONE',  ( -4.064000000000005386, 1.015999999999999570, -6.731000000000009642 ) ) ;
#147 = ORIENTED_EDGE ( 'NONE', *, *, #2429, .T. ) ;
#148 = DIRECTION ( 'NONE',  ( 5.986153781733049845E-32, -1.000000000000000000, -1.360482068557900432E-16 ) ) ;
#149 = VECTOR ( 'NONE', #634, 1000.000000000000000 ) ;
#150 = CARTESIAN_POINT ( 'NONE',  ( -2.794000000000041339, 11.17599999999997529, -26.16199999999999903 ) ) ;
#151 = ORIENTED_EDGE ( 'NONE', *, *, #807, .F. ) ;
#152 = LINE ( 'NONE', #1245, #1378 ) ;
#153 = ORIENTED_EDGE ( 'NONE', *, *, #2038, .T. ) ;
#154 = CARTESIAN_POINT ( 'NONE',  ( -2.540000000000002256, 0.000000000000000000, -28.19400000000000972 ) ) ;
#155 = DIRECTION ( 'NONE',  ( 3.414809992080328037E-16, -0.000000000000000000, 1.000000000000000000 ) ) ;
#156 = LINE ( 'NONE', #3265, #1361 ) ;
#157 = DIRECTION ( 'NONE',  ( 3.414809992080334249E-15, 1.000000000000000000, 0.000000000000000000 ) ) ;
#158 = PLANE ( 'NONE',  #3181 ) ;
#159 = DIRECTION ( 'NONE',  ( 1.000000000000000000, -5.628315622661156647E-32, 8.537024980200912537E-16 ) ) ;
#160 = CARTESIAN_POINT ( 'NONE',  ( 4.063999999999997392, 1.015999999999999570, -8.509000000000007446 ) ) ;
#161 = ORIENTED_EDGE ( 'NONE', *, *, #2213, .T. ) ;
#162 = EDGE_CURVE ( 'NONE', #782, #3373, #1300, .T. ) ;
#163 = ORIENTED_EDGE ( 'NONE', *, *, #483, .F. ) ;
#164 = EDGE_CURVE ( 'NONE', #2917, #679, #2140, .T. ) ;
#165 = DIRECTION ( 'NONE',  ( 1.000000000000000000, 0.000000000000000000, -8.537024980200822804E-16 ) ) ;
#166 = VERTEX_POINT ( 'NONE', #1865 ) ;
#167 = DIRECTION ( 'NONE',  ( 4.878299988686179388E-16, 0.000000000000000000, -1.000000000000000000 ) ) ;
#168 = CARTESIAN_POINT ( 'NONE',  ( 2.794000000000061323, 18.03400000000000247, -28.95600000000001017 ) ) ;
#169 = EDGE_LOOP ( 'NONE', ( #541, #2497, #3678, #1226 ) ) ;
#170 = DIRECTION ( 'NONE',  ( 0.000000000000000000, 0.000000000000000000, 1.000000000000000000 ) ) ;
#171 = VERTEX_POINT ( 'NONE', #187 ) ;
#172 = CARTESIAN_POINT ( 'NONE',  ( 4.063999999999998280, -1.270000000000000018, -10.08820225350369171 ) ) ;
#173 = AXIS2_PLACEMENT_3D ( 'NONE', #891, #2315, #401 ) ;
#174 = CIRCLE ( 'NONE', #2113, 0.7620000000000005658 ) ;
#175 = CARTESIAN_POINT ( 'NONE',  ( -2.540000000000001812, -8.673617379884035472E-16, -23.11400000000001143 ) ) ;
#176 = DIRECTION ( 'NONE',  ( -1.000000000000000000, 0.000000000000000000, 2.731847993664262035E-15 ) ) ;
#177 = DIRECTION ( 'NONE',  ( 1.000000000000000000, 3.491481338843132961E-15, 0.000000000000000000 ) ) ;
#178 = CARTESIAN_POINT ( 'NONE',  ( 4.063999999999998280, 0.000000000000000000, -10.08820225350370237 ) ) ;
#179 = ORIENTED_EDGE ( 'NONE', *, *, #3165, .T. ) ;
#180 = ORIENTED_EDGE ( 'NONE', *, *, #1824, .T. ) ;
#181 = VECTOR ( 'NONE', #762, 1000.000000000000114 ) ;
#182 = CARTESIAN_POINT ( 'NONE',  ( -3.799077299754822334, 2.042740359367559044, 17.89810660492243599 ) ) ;
#183 = CARTESIAN_POINT ( 'NONE',  ( 2.539999999999999147, 0.5079999999999958993, -21.08199999999999719 ) ) ;
#184 = ORIENTED_EDGE ( 'NONE', *, *, #527, .F. ) ;
#185 = CARTESIAN_POINT ( 'NONE',  ( -2.413000000000001144, 1.523999999999996469, 18.41499999999998138 ) ) ;
#186 = EDGE_CURVE ( 'NONE', #128, #1840, #3501, .T. ) ;
#187 = CARTESIAN_POINT ( 'NONE',  ( 4.063999999999981405, 3.873499999999999055, 27.71507286209166310 ) ) ;
#188 = ORIENTED_EDGE ( 'NONE', *, *, #2853, .T. ) ;
#189 = ORIENTED_EDGE ( 'NONE', *, *, #2951, .T. ) ;
#190 = EDGE_CURVE ( 'NONE', #3444, #1369, #666, .T. ) ;
#191 = CARTESIAN_POINT ( 'NONE',  ( 1.524000000000002020, 1.269999999999999796, -28.19400000000000261 ) ) ;
#192 = ORIENTED_EDGE ( 'NONE', *, *, #1282, .F. ) ;
#193 = DIRECTION ( 'NONE',  ( 0.000000000000000000, -5.164900113021481738E-14, -1.000000000000000000 ) ) ;
#194 = LINE ( 'NONE', #2456, #284 ) ;
#195 = APPLICATION_PROTOCOL_DEFINITION ( 'draft international standard', 'automotive_design', 1998, #516 ) ;
#196 = CIRCLE ( 'NONE', #2435, 1.015999999999999570 ) ;
#197 = LINE ( 'NONE', #3565, #1602 ) ;
#198 = PLANE ( 'NONE',  #2750 ) ;
#199 = DIRECTION ( 'NONE',  ( 3.414809992080328037E-16, 0.000000000000000000, -1.000000000000000000 ) ) ;
#200 = EDGE_CURVE ( 'NONE', #2391, #1607, #1338, .T. ) ;
#201 = EDGE_LOOP ( 'NONE', ( #1967, #3593, #2165, #2212 ) ) ;
#202 = ADVANCED_FACE ( 'NONE', ( #2513 ), #1108, .F. ) ;
#203 = VERTEX_POINT ( 'NONE', #831 ) ;
#204 = VECTOR ( 'NONE', #639, 1000.000000000000000 ) ;
#205 = PRODUCT_RELATED_PRODUCT_CATEGORY ( 'part', '', ( #1418 ) ) ;
#206 = CIRCLE ( 'NONE', #605, 2.032000000000000917 ) ;
#207 = VECTOR ( 'NONE', #815, 1000.000000000000000 ) ;
#208 = CARTESIAN_POINT ( 'NONE',  ( 1.928678801534825293, 0.06491222846977966199, -27.99258686392215267 ) ) ;
#209 = ORIENTED_EDGE ( 'NONE', *, *, #1877, .T. ) ;
#210 = VECTOR ( 'NONE', #3124, 1000.000000000000000 ) ;
#211 = EDGE_CURVE ( 'NONE', #525, #3073, #1135, .T. ) ;
#212 = ORIENTED_EDGE ( 'NONE', *, *, #1632, .F. ) ;
#213 =( GEOMETRIC_REPRESENTATION_CONTEXT ( 3 ) GLOBAL_UNCERTAINTY_ASSIGNED_CONTEXT ( ( #1443 ) ) GLOBAL_UNIT_ASSIGNED_CONTEXT ( ( #2924, #2669, #1889 ) ) REPRESENTATION_CONTEXT ( 'NONE', 'WORKASPACE' ) );
#214 = CARTESIAN_POINT ( 'NONE',  ( 1.551812151076890300, -1.270391329219224152, -17.28985317257363974 ) ) ;
#215 = ORIENTED_EDGE ( 'NONE', *, *, #351, .T. ) ;
#216 = DIRECTION ( 'NONE',  ( -0.000000000000000000, -0.000000000000000000, 1.000000000000000000 ) ) ;
#217 = APPLICATION_PROTOCOL_DEFINITION ( 'draft international standard', 'automotive_design', 1998, #1028 ) ;
#218 = CARTESIAN_POINT ( 'NONE',  ( -1.553184975957677461, 6.947287879948174094, 16.52133202856827765 ) ) ;
#219 = DIRECTION ( 'NONE',  ( 1.000000000000000000, 0.000000000000000000, 4.400024020954809157E-16 ) ) ;
#220 = DIRECTION ( 'NONE',  ( 0.000000000000000000, 6.829619984160655877E-15, 1.000000000000000000 ) ) ;
#221 = VERTEX_POINT ( 'NONE', #3258 ) ;
#222 = EDGE_CURVE ( 'NONE', #1095, #2754, #2471, .T. ) ;
#223 = ORIENTED_EDGE ( 'NONE', *, *, #1980, .T. ) ;
#224 = DIRECTION ( 'NONE',  ( -3.491481338843133355E-15, 1.000000000000000000, 0.000000000000000000 ) ) ;
#225 = DIRECTION ( 'NONE',  ( 1.000000000000000000, 3.491481338843133355E-15, -2.845674993400288237E-16 ) ) ;
#226 = ORIENTED_EDGE ( 'NONE', *, *, #3551, .F. ) ;
#227 = ORIENTED_EDGE ( 'NONE', *, *, #523, .F. ) ;
#228 = CARTESIAN_POINT ( 'NONE',  ( 1.524000000000003352, -1.270000000000000462, -17.15450764491809110 ) ) ;
#229 = ORIENTED_EDGE ( 'NONE', *, *, #2809, .T. ) ;
#230 = ADVANCED_FACE ( 'NONE', ( #3684 ), #1134, .T. ) ;
#231 = LINE ( 'NONE', #263, #2879 ) ;
#232 = CARTESIAN_POINT ( 'NONE',  ( -2.540000000000002256, 0.000000000000000000, -27.17800000000001148 ) ) ;
#233 = LINE ( 'NONE', #1689, #1964 ) ;
#234 = ORIENTED_EDGE ( 'NONE', *, *, #2833, .F. ) ;
#235 = ORIENTED_EDGE ( 'NONE', *, *, #522, .F. ) ;
#236 = ADVANCED_FACE ( 'NONE', ( #3657 ), #2828, .F. ) ;
#237 = CARTESIAN_POINT ( 'NONE',  ( 2.794000000000037343, 11.17600000000000193, -20.32000000000000739 ) ) ;
#238 = LINE ( 'NONE', #2259, #2142 ) ;
#239 = CIRCLE ( 'NONE', #51, 2.540000000000000480 ) ;
#240 = ORIENTED_EDGE ( 'NONE', *, *, #1198, .T. ) ;
#241 = ORIENTED_EDGE ( 'NONE', *, *, #718, .T. ) ;
#242 = VECTOR ( 'NONE', #440, 1000.000000000000000 ) ;
#243 = EDGE_CURVE ( 'NONE', #140, #1165, #288, .T. ) ;
#244 = ORIENTED_EDGE ( 'NONE', *, *, #3446, .F. ) ;
#245 = EDGE_CURVE ( 'NONE', #293, #2022, #3366, .T. ) ;
#246 = VERTEX_POINT ( 'NONE', #19 ) ;
#247 = LINE ( 'NONE', #1669, #3261 ) ;
#248 = LINE ( 'NONE', #3617, #2233 ) ;
#249 = PLANE ( 'NONE',  #1817 ) ;
#250 = DIRECTION ( 'NONE',  ( -1.000000000000000000, 0.000000000000000000, 0.000000000000000000 ) ) ;
#251 = EDGE_LOOP ( 'NONE', ( #1424, #2477, #2085, #1552, #3363, #2986, #3200, #2232 ) ) ;
#252 = EDGE_CURVE ( 'NONE', #1694, #1996, #1155, .T. ) ;
#253 = LINE ( 'NONE', #1173, #3428 ) ;
#254 = LINE ( 'NONE', #1120, #377 ) ;
#255 = AXIS2_PLACEMENT_3D ( 'NONE', #57, #865, #1171 ) ;
#256 = EDGE_LOOP ( 'NONE', ( #733, #1668, #1761, #10 ) ) ;
#257 = LINE ( 'NONE', #2229, #394 ) ;
#258 = VERTEX_POINT ( 'NONE', #3329 ) ;
#259 = AXIS2_PLACEMENT_3D ( 'NONE', #1987, #1447, #1150 ) ;
#260 = EDGE_CURVE ( 'NONE', #2001, #140, #787, .T. ) ;
#261 = VERTEX_POINT ( 'NONE', #237 ) ;
#262 = CARTESIAN_POINT ( 'NONE',  ( 1.524000000000002020, 1.269999999999999796, -31.24200000000000443 ) ) ;
#263 = CARTESIAN_POINT ( 'NONE',  ( 4.064000000000061341, 18.03399999999999892, -28.95600000000000662 ) ) ;
#264 = CARTESIAN_POINT ( 'NONE',  ( -2.667000000000003368, 2.793999999999996930, 14.60499999999998622 ) ) ;
#265 = CARTESIAN_POINT ( 'NONE',  ( 1.524000000000001798, -1.270000000000000018, -31.24200000000000443 ) ) ;
#266 = AXIS2_PLACEMENT_3D ( 'NONE', #1309, #2709, #1077 ) ;
#267 = LINE ( 'NONE', #3092, #3244 ) ;
#268 = EDGE_CURVE ( 'NONE', #2260, #2917, #2227, .T. ) ;
#269 = DIRECTION ( 'NONE',  ( -1.000000000000000000, 0.000000000000000000, -5.463695987328525648E-15 ) ) ;
#270 = EDGE_CURVE ( 'NONE', #143, #3315, #1088, .T. ) ;
#271 = ORIENTED_EDGE ( 'NONE', *, *, #2038, .F. ) ;
#272 = ORIENTED_EDGE ( 'NONE', *, *, #2457, .T. ) ;
#273 = DIRECTION ( 'NONE',  ( 0.000000000000000000, 0.000000000000000000, -1.000000000000000000 ) ) ;
#274 = ORIENTED_EDGE ( 'NONE', *, *, #3664, .F. ) ;
#275 = FACE_OUTER_BOUND ( 'NONE', #1381, .T. ) ;
#276 = CARTESIAN_POINT ( 'NONE',  ( -4.064000000000001833, -1.270000000000000018, -31.24200000000000799 ) ) ;
#277 = CARTESIAN_POINT ( 'NONE',  ( -1.524000000000005128, -8.673617379884035472E-16, -23.11400000000001143 ) ) ;
#278 = CARTESIAN_POINT ( 'NONE',  ( -1.524000000000005350, 1.269999999999999352, -23.11400000000001143 ) ) ;
#279 = EDGE_CURVE ( 'NONE', #1951, #2820, #869, .T. ) ;
#280 = DIRECTION ( 'NONE',  ( -1.000000000000000000, 0.000000000000000000, 2.845674993400287744E-16 ) ) ;
#281 = FACE_OUTER_BOUND ( 'NONE', #2126, .T. ) ;
#282 = DIRECTION ( 'NONE',  ( -4.400024020954809157E-16, 0.000000000000000000, 1.000000000000000000 ) ) ;
#283 = ORIENTED_EDGE ( 'NONE', *, *, #3367, .F. ) ;
#284 = VECTOR ( 'NONE', #1054, 1000.000000000000000 ) ;
#285 = AXIS2_PLACEMENT_3D ( 'NONE', #2992, #1594, #3196 ) ;
#286 = CARTESIAN_POINT ( 'NONE',  ( -4.064000000000021373, 1.371599999999999930, 31.24199999999998312 ) ) ;
#287 = ORIENTED_EDGE ( 'NONE', *, *, #3673, .F. ) ;
#288 = CIRCLE ( 'NONE', #2355, 1.270000000000000240 ) ;
#289 = ADVANCED_FACE ( 'NONE', ( #2576 ), #2335, .T. ) ;
#290 = B_SPLINE_SURFACE_WITH_KNOTS ( 'NONE', 1, 3, ( 
 ( #731, #2988, #1827, #1589, #425, #182, #2677, #145, #3475, #3091 ),
 ( #3310, #2505, #2811, #849, #2345, #3107, #577, #1103, #3305, #514 ),
 ( #2080, #2041, #664, #1811, #3535, #2100, #2955, #2643, #649, #3221 ),
 ( #2900, #376, #1502, #1803, #113, #1780, #2627, #2346, #1243, #3497 ) ),
 .UNSPECIFIED., .F., .F., .F.,
 ( 2, 1, 1, 2 ),
 ( 4, 2, 2, 2, 4 ),
 ( -0.01000000000000000021, 0.000000000000000000, 1.000000000000000000, 1.010099999999999998 ),
 ( 0.000000000000000000, 0.2500000000000000000, 0.5000000000000000000, 0.7500000000000000000, 1.000000000000000000 ),
 .UNSPECIFIED. ) ;
#291 = DIRECTION ( 'NONE',  ( 5.837619245485965033E-32, -1.000000000000000000, -1.326724403704322426E-16 ) ) ;
#292 = LINE ( 'NONE', #3631, #1252 ) ;
#293 = VERTEX_POINT ( 'NONE', #2887 ) ;
#294 = CARTESIAN_POINT ( 'NONE',  ( -4.064000000000004498, 1.016000000000008230, -7.239000000000011426 ) ) ;
#295 = DIRECTION ( 'NONE',  ( 1.000000000000000000, -0.000000000000000000, -0.000000000000000000 ) ) ;
#296 = CYLINDRICAL_SURFACE ( 'NONE', #3277, 1.015999999999999792 ) ;
#297 = PLANE ( 'NONE',  #3375 ) ;
#298 = CARTESIAN_POINT ( 'NONE',  ( -3.927023348848048379, 3.557095339376810106, 0.000000000000000000 ) ) ;
#299 = DIRECTION ( 'NONE',  ( 1.000000000000000000, -0.000000000000000000, 4.400024020954809157E-16 ) ) ;
#300 = DIRECTION ( 'NONE',  ( -2.561107494060247729E-15, 0.000000000000000000, -1.000000000000000000 ) ) ;
#301 = DIRECTION ( 'NONE',  ( 0.000000000000000000, -1.000000000000000000, 0.000000000000000000 ) ) ;
#302 = ORIENTED_EDGE ( 'NONE', *, *, #2723, .F. ) ;
#303 = VECTOR ( 'NONE', #3612, 1000.000000000000000 ) ;
#304 = LINE ( 'NONE', #3010, #2313 ) ;
#305 = ORIENTED_EDGE ( 'NONE', *, *, #2926, .F. ) ;
#306 = CIRCLE ( 'NONE', #1560, 2.540000000000000480 ) ;
#307 = DIRECTION ( 'NONE',  ( 1.000000000000000000, 0.000000000000000000, 4.400024020954809157E-16 ) ) ;
#308 = PLANE ( 'NONE',  #2676 ) ;
#309 = ADVANCED_FACE ( 'NONE', ( #2909 ), #3207, .T. ) ;
#310 = VECTOR ( 'NONE', #2365, 1000.000000000000000 ) ;
#311 = CARTESIAN_POINT ( 'NONE',  ( -2.540000000000002256, -1.270000000000000018, -27.17800000000001148 ) ) ;
#312 = ORIENTED_EDGE ( 'NONE', *, *, #2604, .F. ) ;
#313 = EDGE_CURVE ( 'NONE', #221, #642, #339, .T. ) ;
#314 = CARTESIAN_POINT ( 'NONE',  ( 1.927630242329289700, -1.239596553663504297, -27.99975292919115688 ) ) ;
#315 = LINE ( 'NONE', #2844, #3393 ) ;
#316 = DIRECTION ( 'NONE',  ( 1.000000000000000000, 0.000000000000000000, -0.000000000000000000 ) ) ;
#317 = CARTESIAN_POINT ( 'NONE',  ( 2.105838894087770807, 0.1392538382162580302, -17.93905971977797620 ) ) ;
#318 = DIRECTION ( 'NONE',  ( 0.000000000000000000, -1.000000000000000000, 0.000000000000000000 ) ) ;
#319 = CARTESIAN_POINT ( 'NONE',  ( 1.524000000000001798, -1.270000000000000684, -31.24200000000000443 ) ) ;
#320 = CARTESIAN_POINT ( 'NONE',  ( 1.551390284832019351, -1.270398347317642340, -21.82741141475645108 ) ) ;
#321 = ORIENTED_EDGE ( 'NONE', *, *, #1978, .T. ) ;
#322 = ORIENTED_EDGE ( 'NONE', *, *, #3490, .T. ) ;
#323 = VECTOR ( 'NONE', #793, 1000.000000000000000 ) ;
#324 = CARTESIAN_POINT ( 'NONE',  ( -4.064000000000020485, 2.603499999999999481, 28.74009999999998399 ) ) ;
#325 = EDGE_LOOP ( 'NONE', ( #2025, #949, #3309, #1580 ) ) ;
#326 = EDGE_CURVE ( 'NONE', #2733, #987, #384, .T. ) ;
#327 = ORIENTED_EDGE ( 'NONE', *, *, #2231, .T. ) ;
#328 = EDGE_CURVE ( 'NONE', #2540, #1627, #3318, .T. ) ;
#329 = FACE_OUTER_BOUND ( 'NONE', #3494, .T. ) ;
#330 = ORIENTED_EDGE ( 'NONE', *, *, #2382, .F. ) ;
#331 = FACE_OUTER_BOUND ( 'NONE', #44, .T. ) ;
#332 = EDGE_LOOP ( 'NONE', ( #729, #1279, #3281, #283 ) ) ;
#333 = EDGE_CURVE ( 'NONE', #3586, #66, #2616, .T. ) ;
#334 = CARTESIAN_POINT ( 'NONE',  ( 1.524000000000001798, -4.336808689942017736E-16, -27.17800000000000438 ) ) ;
#335 = DIRECTION ( 'NONE',  ( 2.845674993400287744E-16, 9.938290297169093803E-31, 1.000000000000000000 ) ) ;
#336 = EDGE_CURVE ( 'NONE', #2268, #772, #3191, .T. ) ;
#337 = DIRECTION ( 'NONE',  ( 0.5713938048432658512, 0.8160349234517116912, -0.08715574274765182372 ) ) ;
#338 = DIRECTION ( 'NONE',  ( 2.731847993664263613E-15, 0.000000000000000000, -1.000000000000000000 ) ) ;
#339 = LINE ( 'NONE', #3188, #2952 ) ;
#340 = CARTESIAN_POINT ( 'NONE',  ( -1.562894303191607381, 0.0005010926279378156425, -26.89025778712524328 ) ) ;
#341 = FACE_OUTER_BOUND ( 'NONE', #2990, .T. ) ;
#342 = ORIENTED_EDGE ( 'NONE', *, *, #880, .F. ) ;
#343 = ORIENTED_EDGE ( 'NONE', *, *, #2511, .F. ) ;
#344 = CARTESIAN_POINT ( 'NONE',  ( -2.284684096392050723, 0.2506074913374919388, -23.08330730455589475 ) ) ;
#345 = EDGE_LOOP ( 'NONE', ( #2949, #2919, #1833, #229 ) ) ;
#346 = ORIENTED_EDGE ( 'NONE', *, *, #3392, .T. ) ;
#347 = DIRECTION ( 'NONE',  ( 4.878299988686179388E-16, 0.000000000000000000, -1.000000000000000000 ) ) ;
#348 = VECTOR ( 'NONE', #2668, 1000.000000000000000 ) ;
#349 = CARTESIAN_POINT ( 'NONE',  ( 4.064000000000002721, 1.269999999999989804, -18.03400000000001313 ) ) ;
#350 = PLANE ( 'NONE',  #1656 ) ;
#351 = EDGE_CURVE ( 'NONE', #1627, #2958, #1765, .T. ) ;
#352 = EDGE_CURVE ( 'NONE', #1305, #2410, #2013, .T. ) ;
#353 = CYLINDRICAL_SURFACE ( 'NONE', #1427, 1.778000000000001801 ) ;
#354 = EDGE_LOOP ( 'NONE', ( #897, #3338, #540, #1739 ) ) ;
#355 = AXIS2_PLACEMENT_3D ( 'NONE', #2107, #3245, #2131 ) ;
#356 = DIRECTION ( 'NONE',  ( 3.594536833768769572E-16, -5.324407685019990225E-15, -1.000000000000000000 ) ) ;
#357 = LINE ( 'NONE', #3438, #1208 ) ;
#358 = CARTESIAN_POINT ( 'NONE',  ( 2.539999999999999147, -4.336808689942017736E-16, -21.08199999999999719 ) ) ;
#359 = DIRECTION ( 'NONE',  ( 0.000000000000000000, -1.000000000000000000, 0.000000000000000000 ) ) ;
#360 = CARTESIAN_POINT ( 'NONE',  ( 4.064000000000037360, 11.17599999999999838, -28.95600000000000662 ) ) ;
#361 = FACE_OUTER_BOUND ( 'NONE', #2495, .T. ) ;
#362 = DIRECTION ( 'NONE',  ( 5.986153781733049845E-32, -1.000000000000000000, -1.360482068557900432E-16 ) ) ;
#363 = ORIENTED_EDGE ( 'NONE', *, *, #336, .F. ) ;
#364 = ORIENTED_EDGE ( 'NONE', *, *, #3543, .F. ) ;
#365 = AXIS2_PLACEMENT_3D ( 'NONE', #1815, #3495, #2343 ) ;
#366 = CARTESIAN_POINT ( 'NONE',  ( -4.064000000000041801, 11.17599999999996996, -26.16199999999999903 ) ) ;
#367 = ORIENTED_EDGE ( 'NONE', *, *, #1224, .F. ) ;
#368 = FACE_OUTER_BOUND ( 'NONE', #3662, .T. ) ;
#369 = DIRECTION ( 'NONE',  ( 1.000000000000000000, 0.000000000000000000, -0.000000000000000000 ) ) ;
#370 = CIRCLE ( 'NONE', #828, 1.015999999999999570 ) ;
#371 = DIRECTION ( 'NONE',  ( -1.000000000000000000, 3.491481338843133750E-15, -0.000000000000000000 ) ) ;
#372 = ADVANCED_FACE ( 'NONE', ( #3463 ), #2033, .F. ) ;
#373 = DIRECTION ( 'NONE',  ( -1.490911129668486920E-16, -2.129241758065706643E-16, -1.000000000000000000 ) ) ;
#374 = ORIENTED_EDGE ( 'NONE', *, *, #483, .T. ) ;
#375 = VECTOR ( 'NONE', #2324, 1000.000000000000000 ) ;
#376 = CARTESIAN_POINT ( 'NONE',  ( -2.772438778019375771, 2.969472370334751865, 17.88743570728848553 ) ) ;
#377 = VECTOR ( 'NONE', #3043, 1000.000000000000000 ) ;
#378 = AXIS2_PLACEMENT_3D ( 'NONE', #2377, #2359, #3516 ) ;
#379 = DIRECTION ( 'NONE',  ( 1.000000000000000000, 3.491481338843132961E-15, -2.845674993400287744E-16 ) ) ;
#380 = LINE ( 'NONE', #1505, #3028 ) ;
#381 = CIRCLE ( 'NONE', #1499, 1.015999999999999570 ) ;
#382 = CARTESIAN_POINT ( 'NONE',  ( -0.9704313166250194689, 7.779546356945792773, 0.000000000000000000 ) ) ;
#383 =( NAMED_UNIT ( * ) PLANE_ANGLE_UNIT ( ) SI_UNIT ( $, .RADIAN. ) );
#384 = LINE ( 'NONE', #2275, #651 ) ;
#385 = CARTESIAN_POINT ( 'NONE',  ( -0.5128618797106542226, 6.218845805782351022, 16.52133202856827765 ) ) ;
#386 = DIRECTION ( 'NONE',  ( -1.000000000000000000, 0.000000000000000000, 2.845674993400287744E-16 ) ) ;
#387 = ORIENTED_EDGE ( 'NONE', *, *, #336, .T. ) ;
#388 = VERTEX_POINT ( 'NONE', #745 ) ;
#389 =( GEOMETRIC_REPRESENTATION_CONTEXT ( 3 ) GLOBAL_UNCERTAINTY_ASSIGNED_CONTEXT ( ( #3679 ) ) GLOBAL_UNIT_ASSIGNED_CONTEXT ( ( #2406, #656, #675 ) ) REPRESENTATION_CONTEXT ( 'NONE', 'WORKASPACE' ) );
#390 = ADVANCED_FACE ( 'NONE', ( #2152 ), #1837, .T. ) ;
#391 = CARTESIAN_POINT ( 'NONE',  ( -2.342187140861078376, 0.2959909668909213032, -23.09597377955715558 ) ) ;
#392 = ORIENTED_EDGE ( 'NONE', *, *, #1867, .F. ) ;
#393 = CARTESIAN_POINT ( 'NONE',  ( -2.540000000000001812, 0.5079999999999929017, -26.16199999999999903 ) ) ;
#394 = VECTOR ( 'NONE', #1613, 1000.000000000000114 ) ;
#395 = EDGE_CURVE ( 'NONE', #3425, #3586, #1045, .T. ) ;
#396 = ORIENTED_EDGE ( 'NONE', *, *, #200, .T. ) ;
#397 = DIRECTION ( 'NONE',  ( -0.8191520442889945741, 0.5735764363510420516, 0.000000000000000000 ) ) ;
#398 = DIRECTION ( 'NONE',  ( 0.000000000000000000, 2.626776916984863397E-16, -1.000000000000000000 ) ) ;
#399 = DIRECTION ( 'NONE',  ( -3.491481338843132961E-15, -1.000000000000000000, 0.000000000000000000 ) ) ;
#400 = DIRECTION ( 'NONE',  ( -0.8660254037844380415, 0.000000000000000000, 0.5000000000000009992 ) ) ;
#401 = DIRECTION ( 'NONE',  ( 1.000000000000000000, 0.000000000000000000, 0.000000000000000000 ) ) ;
#402 = DIRECTION ( 'NONE',  ( 0.000000000000000000, -5.164900113021481738E-14, -1.000000000000000000 ) ) ;
#403 = LINE ( 'NONE', #678, #1326 ) ;
#404 = EDGE_CURVE ( 'NONE', #2733, #1996, #1005, .T. ) ;
#405 = EDGE_LOOP ( 'NONE', ( #1333, #3172, #1069, #1474 ) ) ;
#406 = CARTESIAN_POINT ( 'NONE',  ( -2.794000000000040451, 11.17599999999997529, -23.87600000000000477 ) ) ;
#407 = VERTEX_POINT ( 'NONE', #1583 ) ;
#408 = CARTESIAN_POINT ( 'NONE',  ( -4.064000000000000945, 1.523999999999997135, 14.09699999999999065 ) ) ;
#409 = DIRECTION ( 'NONE',  ( 0.000000000000000000, 0.000000000000000000, 1.000000000000000000 ) ) ;
#410 = ADVANCED_FACE ( 'NONE', ( #1027 ), #2729, .T. ) ;
#411 = ORIENTED_EDGE ( 'NONE', *, *, #1010, .F. ) ;
#412 = VECTOR ( 'NONE', #415, 1000.000000000000000 ) ;
#413 = CARTESIAN_POINT ( 'NONE',  ( 2.414972215164797653, -1.112515051892803308, -18.03400000000001668 ) ) ;
#414 = LINE ( 'NONE', #154, #1261 ) ;
#415 = DIRECTION ( 'NONE',  ( 1.000000000000000000, 0.000000000000000000, 4.400024020954809650E-16 ) ) ;
#416 = AXIS2_PLACEMENT_3D ( 'NONE', #1568, #3290, #176 ) ;
#417 = PLANE ( 'NONE',  #2818 ) ;
#418 = DIRECTION ( 'NONE',  ( 0.000000000000000000, 0.000000000000000000, 1.000000000000000000 ) ) ;
#419 = CYLINDRICAL_SURFACE ( 'NONE', #3059, 0.1269999999999996965 ) ;
#420 = CARTESIAN_POINT ( 'NONE',  ( -4.064000000000005386, 2.794000000000000483, -6.731000000000009642 ) ) ;
#421 = DIRECTION ( 'NONE',  ( 3.491481338843133355E-15, 1.000000000000000000, -3.104372720073025936E-16 ) ) ;
#422 = ORIENTED_EDGE ( 'NONE', *, *, #1166, .F. ) ;
#423 = ORIENTED_EDGE ( 'NONE', *, *, #3367, .T. ) ;
#424 = DIRECTION ( 'NONE',  ( 5.986153781733049845E-32, -1.000000000000000000, -1.360482068557900432E-16 ) ) ;
#425 = CARTESIAN_POINT ( 'NONE',  ( -4.035761043307867446, 2.497405600477591747, 17.89454924689141180 ) ) ;
#426 = CARTESIAN_POINT ( 'NONE',  ( 1.677468199064673815, 0.007839183142354691838, -27.73425766276997351 ) ) ;
#427 = EDGE_LOOP ( 'NONE', ( #1630, #244, #1296, #3348 ) ) ;
#428 = PLANE ( 'NONE',  #2143 ) ;
#429 = DIRECTION ( 'NONE',  ( 0.000000000000000000, 1.326724403704322179E-16, -1.000000000000000000 ) ) ;
#430 = ORIENTED_EDGE ( 'NONE', *, *, #2231, .F. ) ;
#431 = ORIENTED_EDGE ( 'NONE', *, *, #63, .F. ) ;
#432 = EDGE_CURVE ( 'NONE', #2326, #258, #3306, .T. ) ;
#433 = PLANE ( 'NONE',  #2907 ) ;
#434 = ADVANCED_FACE ( 'NONE', ( #137 ), #2444, .F. ) ;
#435 = VECTOR ( 'NONE', #3468, 1000.000000000000000 ) ;
#436 = LINE ( 'NONE', #2087, #507 ) ;
#437 = CYLINDRICAL_SURFACE ( 'NONE', #3601, 2.540000000000000480 ) ;
#438 = DIRECTION ( 'NONE',  ( 1.000000000000000000, -3.491481338843134144E-15, -0.000000000000000000 ) ) ;
#439 = AXIS2_PLACEMENT_3D ( 'NONE', #3229, #1823, #2409 ) ;
#440 = DIRECTION ( 'NONE',  ( 1.000000000000000000, 0.000000000000000000, 4.400024020954809650E-16 ) ) ;
#441 = DIRECTION ( 'NONE',  ( 0.000000000000000000, -0.7819332024593657060, 0.6233622276747610158 ) ) ;
#442 = CARTESIAN_POINT ( 'NONE',  ( 4.064000000000061341, 18.03399999999999892, -29.71800000000000352 ) ) ;
#443 = ORIENTED_EDGE ( 'NONE', *, *, #875, .T. ) ;
#444 = CIRCLE ( 'NONE', #1032, 1.270000000000000240 ) ;
#445 = ORIENTED_EDGE ( 'NONE', *, *, #1603, .F. ) ;
#446 = LINE ( 'NONE', #3252, #3525 ) ;
#447 = FACE_OUTER_BOUND ( 'NONE', #332, .T. ) ;
#448 = DIRECTION ( 'NONE',  ( 4.400024020954809157E-16, 1.360482068557900432E-16, -1.000000000000000000 ) ) ;
#449 = ORIENTED_EDGE ( 'NONE', *, *, #1884, .T. ) ;
#450 = CARTESIAN_POINT ( 'NONE',  ( -2.413000000000001144, 2.793999999999996486, 18.41499999999998138 ) ) ;
#451 = ADVANCED_FACE ( 'NONE', ( #1890 ), #158, .F. ) ;
#452 = ORIENTED_EDGE ( 'NONE', *, *, #1468, .F. ) ;
#453 = DIRECTION ( 'NONE',  ( 1.000000000000000000, 0.000000000000000000, 4.400024020954809650E-16 ) ) ;
#454 = ORIENTED_EDGE ( 'NONE', *, *, #54, .F. ) ;
#455 = DIRECTION ( 'NONE',  ( 1.000000000000000000, 0.000000000000000000, 4.400024020954809650E-16 ) ) ;
#456 = CARTESIAN_POINT ( 'NONE',  ( 0.000000000000000000, 0.000000000000000000, 0.000000000000000000 ) ) ;
#457 = FACE_OUTER_BOUND ( 'NONE', #3300, .T. ) ;
#458 = DIRECTION ( 'NONE',  ( -3.414809992080328037E-16, 0.000000000000000000, -1.000000000000000000 ) ) ;
#459 = DIRECTION ( 'NONE',  ( -3.414809992080328037E-16, 0.000000000000000000, -1.000000000000000000 ) ) ;
#460 = ORIENTED_EDGE ( 'NONE', *, *, #3099, .F. ) ;
#461 = ORIENTED_EDGE ( 'NONE', *, *, #510, .T. ) ;
#462 = ADVANCED_FACE ( 'NONE', ( #3227 ), #1872, .F. ) ;
#463 = CARTESIAN_POINT ( 'NONE',  ( 2.451698895385124644, 0.3902651938468300608, -28.19400000000000972 ) ) ;
#464 = ORIENTED_EDGE ( 'NONE', *, *, #432, .F. ) ;
#465 = DIRECTION ( 'NONE',  ( 0.000000000000000000, -1.313388458492431699E-16, 1.000000000000000000 ) ) ;
#466 = CARTESIAN_POINT ( 'NONE',  ( 2.539999999999997815, -1.057948453037569125, -28.19400000000000261 ) ) ;
#467 = ORIENTED_EDGE ( 'NONE', *, *, #35, .F. ) ;
#468 = ADVANCED_FACE ( 'NONE', ( #457 ), #1624, .F. ) ;
#469 = EDGE_CURVE ( 'NONE', #1627, #3103, #197, .T. ) ;
#470 = DIRECTION ( 'NONE',  ( 4.400024020954809157E-16, 1.360482068557900432E-16, -1.000000000000000000 ) ) ;
#471 = ORIENTED_EDGE ( 'NONE', *, *, #186, .F. ) ;
#472 = CARTESIAN_POINT ( 'NONE',  ( 2.794000000000061323, 18.03400000000000247, -29.71800000000000352 ) ) ;
#473 = CARTESIAN_POINT ( 'NONE',  ( -4.064000000000003610, 0.7620000000000001217, -7.239000000000009649 ) ) ;
#474 = AXIS2_PLACEMENT_3D ( 'NONE', #2682, #3257, #429 ) ;
#475 = CARTESIAN_POINT ( 'NONE',  ( -4.064000000000017820, 4.063999999999994728, 24.66411957583392223 ) ) ;
#476 = DIRECTION ( 'NONE',  ( -1.000000000000000000, 0.000000000000000000, 3.414809992080328037E-16 ) ) ;
#477 = DIRECTION ( 'NONE',  ( 4.268512490100409430E-16, 0.000000000000000000, -1.000000000000000000 ) ) ;
#478 = ORIENTED_EDGE ( 'NONE', *, *, #2213, .F. ) ;
#479 = ORIENTED_EDGE ( 'NONE', *, *, #2311, .T. ) ;
#480 = VECTOR ( 'NONE', #2283, 1000.000000000000000 ) ;
#481 = EDGE_CURVE ( 'NONE', #3097, #2019, #1299, .T. ) ;
#482 = CARTESIAN_POINT ( 'NONE',  ( 1.524000000000001798, -4.336632224744882303E-16, -27.25158225095242770 ) ) ;
#483 = EDGE_CURVE ( 'NONE', #1860, #3444, #3275, .T. ) ;
#484 = ORIENTED_EDGE ( 'NONE', *, *, #712, .T. ) ;
#485 = ADVANCED_FACE ( 'NONE', ( #3602 ), #2982, .T. ) ;
#486 = ORIENTED_EDGE ( 'NONE', *, *, #1897, .T. ) ;
#487 = ORIENTED_EDGE ( 'NONE', *, *, #2528, .F. ) ;
#488 = VECTOR ( 'NONE', #373, 1000.000000000000000 ) ;
#489 = ADVANCED_FACE ( 'NONE', ( #2944 ), #419, .F. ) ;
#490 = FACE_OUTER_BOUND ( 'NONE', #2004, .T. ) ;
#491 = DIRECTION ( 'NONE',  ( -3.005049198429993906E-30, -1.000000000000000000, 6.829619984160666921E-15 ) ) ;
#492 = ORIENTED_EDGE ( 'NONE', *, *, #54, .T. ) ;
#493 = DIRECTION ( 'NONE',  ( -1.000000000000000000, -3.414809992080328333E-15, 0.000000000000000000 ) ) ;
#494 = CARTESIAN_POINT ( 'NONE',  ( 1.523999999999998467, -1.270000000000000018, -23.11400000000000432 ) ) ;
#495 = DIRECTION ( 'NONE',  ( 0.000000000000000000, 0.000000000000000000, 1.000000000000000000 ) ) ;
#496 = DIRECTION ( 'NONE',  ( 1.000000000000000000, -3.414809992080328333E-15, 0.000000000000000000 ) ) ;
#497 = AXIS2_PLACEMENT_3D ( 'NONE', #3314, #1035, #3552 ) ;
#498 = DIRECTION ( 'NONE',  ( 0.000000000000000000, 0.000000000000000000, 1.000000000000000000 ) ) ;
#499 = DIRECTION ( 'NONE',  ( 1.000000000000000000, 0.000000000000000000, 4.400024020954809157E-16 ) ) ;
#500 = VERTEX_POINT ( 'NONE', #3394 ) ;
#501 = ORIENTED_EDGE ( 'NONE', *, *, #1777, .T. ) ;
#502 = CIRCLE ( 'NONE', #2550, 1.270000000000000240 ) ;
#503 = AXIS2_PLACEMENT_3D ( 'NONE', #3548, #1312, #1330 ) ;
#504 = DIRECTION ( 'NONE',  ( -1.000000000000000000, 3.491481338843133750E-15, -0.000000000000000000 ) ) ;
#505 = ORIENTED_EDGE ( 'NONE', *, *, #1272, .F. ) ;
#506 = EDGE_CURVE ( 'NONE', #2851, #3054, #1408, .T. ) ;
#507 = VECTOR ( 'NONE', #2726, 1000.000000000000000 ) ;
#508 = B_SPLINE_CURVE_WITH_KNOTS ( 'NONE', 3,
 ( #3406, #2561, #2000, #3134, #3048, #1074, #2279, #1738, #23, #1419 ),
 .UNSPECIFIED., .F., .F.,
 ( 4, 2, 2, 2, 4 ),
 ( 0.000000000000000000, 0.0004037462302471247176, 0.0008074924604942494352, 0.001211238690741374153, 0.001614984920988498870 ),
 .UNSPECIFIED. ) ;
#509 = ORIENTED_EDGE ( 'NONE', *, *, #3047, .T. ) ;
#510 = EDGE_CURVE ( 'NONE', #1280, #1700, #2187, .T. ) ;
#511 = DIRECTION ( 'NONE',  ( 0.000000000000000000, 0.000000000000000000, -1.000000000000000000 ) ) ;
#512 = ORIENTED_EDGE ( 'NONE', *, *, #1999, .T. ) ;
#513 = PRODUCT_CONTEXT ( 'NONE', #516, 'mechanical' ) ;
#514 = CARTESIAN_POINT ( 'NONE',  ( -2.667000000000012250, 1.523999999999996913, 17.90699999999998582 ) ) ;
#515 = DIRECTION ( 'NONE',  ( -1.000000000000000000, -0.000000000000000000, -5.463695987328525648E-15 ) ) ;
#516 = APPLICATION_CONTEXT ( 'automotive_design' ) ;
#517 = DIRECTION ( 'NONE',  ( -0.000000000000000000, -0.000000000000000000, 1.000000000000000000 ) ) ;
#518 = CARTESIAN_POINT ( 'NONE',  ( -4.064000000000040913, 11.17599999999996996, -23.87600000000000477 ) ) ;
#519 = ORIENTED_EDGE ( 'NONE', *, *, #190, .F. ) ;
#520 = ORIENTED_EDGE ( 'NONE', *, *, #510, .F. ) ;
#521 = CARTESIAN_POINT ( 'NONE',  ( -1.502394647939625738, 7.019823985668931066, 17.53346584182949286 ) ) ;
#522 = EDGE_CURVE ( 'NONE', #3586, #1477, #2412, .T. ) ;
#523 = EDGE_CURVE ( 'NONE', #1944, #791, #824, .T. ) ;
#524 = DIRECTION ( 'NONE',  ( -0.000000000000000000, -0.000000000000000000, 1.000000000000000000 ) ) ;
#525 = VERTEX_POINT ( 'NONE', #3104 ) ;
#526 = ORIENTED_EDGE ( 'NONE', *, *, #1407, .T. ) ;
#527 = EDGE_CURVE ( 'NONE', #3135, #246, #3088, .T. ) ;
#528 = CARTESIAN_POINT ( 'NONE',  ( -1.524000000000001132, -1.270000000000000018, -28.19400000000000972 ) ) ;
#529 = ORIENTED_EDGE ( 'NONE', *, *, #2328, .T. ) ;
#530 = CARTESIAN_POINT ( 'NONE',  ( 0.000000000000000000, 0.000000000000000000, 0.000000000000000000 ) ) ;
#531 = DIRECTION ( 'NONE',  ( -1.000000000000000000, 3.491481338843132961E-15, 0.000000000000000000 ) ) ;
#532 = AXIS2_PLACEMENT_3D ( 'NONE', #778, #2778, #560 ) ;
#533 = CARTESIAN_POINT ( 'NONE',  ( -0.9704313166250178035, 7.779546356945791885, 15.11299999999998533 ) ) ;
#534 = DIRECTION ( 'NONE',  ( 0.000000000000000000, 0.000000000000000000, 1.000000000000000000 ) ) ;
#535 = VERTEX_POINT ( 'NONE', #2759 ) ;
#536 = DIRECTION ( 'NONE',  ( 5.986153781733049845E-32, -1.000000000000000000, -1.360482068557900432E-16 ) ) ;
#537 = DIRECTION ( 'NONE',  ( -0.000000000000000000, -1.000000000000000000, -0.000000000000000000 ) ) ;
#538 = ORIENTED_EDGE ( 'NONE', *, *, #222, .F. ) ;
#539 = VECTOR ( 'NONE', #1377, 1000.000000000000227 ) ;
#540 = ORIENTED_EDGE ( 'NONE', *, *, #1980, .F. ) ;
#541 = ORIENTED_EDGE ( 'NONE', *, *, #1793, .F. ) ;
#542 = LINE ( 'NONE', #2839, #2783 ) ;
#543 = ADVANCED_FACE ( 'NONE', ( #3342 ), #2218, .T. ) ;
#544 = EDGE_CURVE ( 'NONE', #1000, #3578, #248, .T. ) ;
#545 = CARTESIAN_POINT ( 'NONE',  ( -4.064000000000019597, 0.1910848482187575970, 27.75163268950701223 ) ) ;
#546 = LINE ( 'NONE', #2808, #116 ) ;
#547 = CARTESIAN_POINT ( 'NONE',  ( 2.794000000000037343, 11.17600000000000193, -18.79600000000000648 ) ) ;
#548 = ORIENTED_EDGE ( 'NONE', *, *, #481, .T. ) ;
#549 = CYLINDRICAL_SURFACE ( 'NONE', #606, 2.540000000000000480 ) ;
#550 = CARTESIAN_POINT ( 'NONE',  ( 4.064000000000000945, 0.000000000000000000, -16.00199999999999534 ) ) ;
#551 = DIRECTION ( 'NONE',  ( 1.000000000000000000, 0.000000000000000000, 4.400024020954809650E-16 ) ) ;
#552 = AXIS2_PLACEMENT_3D ( 'NONE', #3480, #2629, #97 ) ;
#553 = VERTEX_POINT ( 'NONE', #2205 ) ;
#554 = AXIS2_PLACEMENT_3D ( 'NONE', #566, #1693, #1091 ) ;
#555 = ORIENTED_EDGE ( 'NONE', *, *, #1508, .F. ) ;
#556 = VECTOR ( 'NONE', #689, 1000.000000000000000 ) ;
#557 = ORIENTED_EDGE ( 'NONE', *, *, #3024, .T. ) ;
#558 = B_SPLINE_CURVE_WITH_KNOTS ( 'NONE', 3,
 ( #2575, #1117, #1506, #2257, #3401, #1154, #2274, #868, #1990, #3127 ),
 .UNSPECIFIED., .F., .F.,
 ( 4, 2, 2, 2, 4 ),
 ( 0.000000000000000000, 0.2500000000000001110, 0.5000000000000002220, 0.7500000000000001110, 1.000000000000000000 ),
 .UNSPECIFIED. ) ;
#559 = EDGE_CURVE ( 'NONE', #3044, #3143, #231, .T. ) ;
#560 = DIRECTION ( 'NONE',  ( -4.400024020954809157E-16, 0.000000000000000000, 1.000000000000000000 ) ) ;
#561 = LINE ( 'NONE', #533, #1853 ) ;
#562 = DIRECTION ( 'NONE',  ( 0.5735764363510419406, 0.8191520442889944631, 0.000000000000000000 ) ) ;
#563 = PRODUCT_DEFINITION_SHAPE ( 'NONE', 'NONE',  #3685 ) ;
#564 = CARTESIAN_POINT ( 'NONE',  ( 2.793999999999998263, -3.851859888774471706E-30, -31.24200000000000443 ) ) ;
#565 = CARTESIAN_POINT ( 'NONE',  ( 2.794000000000061323, 18.03400000000000247, -18.79600000000000648 ) ) ;
#566 = CARTESIAN_POINT ( 'NONE',  ( -4.064000000000064894, 18.03399999999997050, -24.63800000000000523 ) ) ;
#567 = EDGE_CURVE ( 'NONE', #2022, #1951, #819, .T. ) ;
#568 = EDGE_LOOP ( 'NONE', ( #1251, #2975, #794, #581 ) ) ;
#569 = ORIENTED_EDGE ( 'NONE', *, *, #404, .T. ) ;
#570 = CARTESIAN_POINT ( 'NONE',  ( 4.064000000000037360, 11.17599999999999660, -30.48000000000000398 ) ) ;
#571 = DIRECTION ( 'NONE',  ( -1.766332646376820005E-30, -5.058977766044931886E-16, 1.000000000000000000 ) ) ;
#572 = ORIENTED_EDGE ( 'NONE', *, *, #2936, .T. ) ;
#573 = EDGE_CURVE ( 'NONE', #2036, #66, #1469, .T. ) ;
#574 = DIRECTION ( 'NONE',  ( 0.8191520442889945741, -0.5735764363510419406, 0.000000000000000000 ) ) ;
#575 = CARTESIAN_POINT ( 'NONE',  ( -1.502394647939627514, 7.019823985668931954, 17.53346584182949286 ) ) ;
#576 = CARTESIAN_POINT ( 'NONE',  ( 4.064000000000037360, 11.17599999999999838, -28.95600000000000662 ) ) ;
#577 = CARTESIAN_POINT ( 'NONE',  ( -3.608858269356554516, 1.858447065549070354, 17.89988528393794454 ) ) ;
#578 = DIRECTION ( 'NONE',  ( 0.000000000000000000, 0.000000000000000000, 1.000000000000000000 ) ) ;
#579 = CARTESIAN_POINT ( 'NONE',  ( 2.451698895385129973, 0.3902651938468364445, -18.03400000000001313 ) ) ;
#580 = CARTESIAN_POINT ( 'NONE',  ( -3.811355405871729385, 3.722286281582404044, 17.88565585181385842 ) ) ;
#581 = ORIENTED_EDGE ( 'NONE', *, *, #313, .T. ) ;
#582 = AXIS2_PLACEMENT_3D ( 'NONE', #1545, #1622, #1265 ) ;
#583 = ADVANCED_FACE ( 'NONE', ( #3632 ), #1396, .T. ) ;
#584 = VECTOR ( 'NONE', #517, 1000.000000000000000 ) ;
#585 = DIRECTION ( 'NONE',  ( 0.000000000000000000, -0.000000000000000000, 1.000000000000000000 ) ) ;
#586 = ORIENTED_EDGE ( 'NONE', *, *, #2883, .F. ) ;
#587 = CYLINDRICAL_SURFACE ( 'NONE', #3675, 1.015999999999999570 ) ;
#588 = ORIENTED_EDGE ( 'NONE', *, *, #211, .F. ) ;
#589 = EDGE_LOOP ( 'NONE', ( #2103, #1068, #2732, #1009, #2624, #1190 ) ) ;
#590 = FACE_OUTER_BOUND ( 'NONE', #698, .T. ) ;
#591 = FACE_OUTER_BOUND ( 'NONE', #2419, .T. ) ;
#592 = DIRECTION ( 'NONE',  ( -1.000000000000000000, -3.491481338843133355E-15, 2.845674993400288237E-16 ) ) ;
#593 = VECTOR ( 'NONE', #647, 1000.000000000000000 ) ;
#594 = CARTESIAN_POINT ( 'NONE',  ( -2.413000000000001144, 2.793999999999996486, 18.41499999999998138 ) ) ;
#595 = DIRECTION ( 'NONE',  ( 0.000000000000000000, 1.707404996040164018E-16, 1.000000000000000000 ) ) ;
#596 = DIRECTION ( 'NONE',  ( -0.000000000000000000, -0.000000000000000000, -1.000000000000000000 ) ) ;
#597 = DIRECTION ( 'NONE',  ( -3.414809992080349632E-15, -1.000000000000000000, 0.000000000000000000 ) ) ;
#598 = ORIENTED_EDGE ( 'NONE', *, *, #3063, .T. ) ;
#599 = ORIENTED_EDGE ( 'NONE', *, *, #2050, .T. ) ;
#600 = AXIS2_PLACEMENT_3D ( 'NONE', #1191, #2571, #2287 ) ;
#601 = CARTESIAN_POINT ( 'NONE',  ( 4.064000000000061341, 18.03399999999999892, -20.32000000000000384 ) ) ;
#602 = ORIENTED_EDGE ( 'NONE', *, *, #848, .T. ) ;
#603 = EDGE_CURVE ( 'NONE', #31, #3219, #3324, .T. ) ;
#604 = ORIENTED_EDGE ( 'NONE', *, *, #2758, .F. ) ;
#605 = AXIS2_PLACEMENT_3D ( 'NONE', #2731, #3604, #477 ) ;
#606 = AXIS2_PLACEMENT_3D ( 'NONE', #2223, #2520, #32 ) ;
#607 = CARTESIAN_POINT ( 'NONE',  ( 2.027727667516447951, 1.371600000000000597, 31.24199999999998312 ) ) ;
#608 = CARTESIAN_POINT ( 'NONE',  ( 2.539999999999995595, 0.000000000000000000, -26.16200000000000259 ) ) ;
#609 = AXIS2_PLACEMENT_3D ( 'NONE', #3264, #3285, #193 ) ;
#610 = EDGE_CURVE ( 'NONE', #3425, #500, #3377, .T. ) ;
#611 = CARTESIAN_POINT ( 'NONE',  ( 2.794000000000002260, 1.269999999999995577, -28.19400000000000261 ) ) ;
#612 = EDGE_LOOP ( 'NONE', ( #2894, #1293, #974, #839 ) ) ;
#613 = FACE_OUTER_BOUND ( 'NONE', #2122, .T. ) ;
#614 = CARTESIAN_POINT ( 'NONE',  ( 4.064000000000037360, 11.17599999999999838, -28.95600000000000662 ) ) ;
#615 = PLANE ( 'NONE',  #3470 ) ;
#616 = CARTESIAN_POINT ( 'NONE',  ( 2.539999999999999147, -1.270000000000000018, -22.09800000000000608 ) ) ;
#617 = CARTESIAN_POINT ( 'NONE',  ( -2.413000000000000700, 1.523999999999997135, 14.09699999999999065 ) ) ;
#618 = EDGE_LOOP ( 'NONE', ( #2441, #526, #2438, #3405, #2134, #1825, #91, #2286 ) ) ;
#619 = EDGE_CURVE ( 'NONE', #553, #624, #1926, .T. ) ;
#620 = EDGE_CURVE ( 'NONE', #1571, #2754, #3360, .T. ) ;
#621 = DIRECTION ( 'NONE',  ( 0.000000000000000000, -1.000000000000000000, 0.000000000000000000 ) ) ;
#622 = ORIENTED_EDGE ( 'NONE', *, *, #3210, .F. ) ;
#623 = EDGE_CURVE ( 'NONE', #2190, #791, #1658, .T. ) ;
#624 = VERTEX_POINT ( 'NONE', #3651 ) ;
#625 = PLANE ( 'NONE',  #1535 ) ;
#626 = PLANE ( 'NONE',  #2320 ) ;
#627 = VERTEX_POINT ( 'NONE', #810 ) ;
#628 = CARTESIAN_POINT ( 'NONE',  ( -2.794000000000040451, 11.17599999999997351, -23.11400000000001143 ) ) ;
#629 = VERTEX_POINT ( 'NONE', #3680 ) ;
#630 = EDGE_CURVE ( 'NONE', #246, #46, #1941, .T. ) ;
#631 = LINE ( 'NONE', #1484, #2166 ) ;
#632 = PLANE ( 'NONE',  #728 ) ;
#633 = EDGE_CURVE ( 'NONE', #3097, #140, #924, .T. ) ;
#634 = DIRECTION ( 'NONE',  ( 3.491481338843134144E-15, 1.000000000000000000, 5.058977766044931886E-16 ) ) ;
#635 = DIRECTION ( 'NONE',  ( -0.5735764363510419406, -0.8191520442889946851, -0.000000000000000000 ) ) ;
#636 = CARTESIAN_POINT ( 'NONE',  ( 1.524000000000002020, -4.336717700074636903E-16, -17.09158225095243822 ) ) ;
#637 = CARTESIAN_POINT ( 'NONE',  ( 2.414920732241777834, -1.112537520882492137, -21.08199999999999363 ) ) ;
#638 = ORIENTED_EDGE ( 'NONE', *, *, #1542, .T. ) ;
#639 = DIRECTION ( 'NONE',  ( -2.845674993400367617E-16, 2.276539994720242028E-15, -1.000000000000000000 ) ) ;
#640 = VECTOR ( 'NONE', #3070, 1000.000000000000000 ) ;
#641 = AXIS2_PLACEMENT_3D ( 'NONE', #92, #2895, #1741 ) ;
#642 = VERTEX_POINT ( 'NONE', #3500 ) ;
#643 = DIRECTION ( 'NONE',  ( 0.000000000000000000, 0.000000000000000000, -1.000000000000000000 ) ) ;
#644 = DIRECTION ( 'NONE',  ( 1.000000000000000000, -3.491481338843132961E-15, -0.000000000000000000 ) ) ;
#645 = APPLICATION_CONTEXT ( 'automotive_design' ) ;
#646 = B_SPLINE_CURVE_WITH_KNOTS ( 'NONE', 3,
 ( #2868, #2850, #320, #2337, #1453, #2578, #41, #1177, #637, #3443 ),
 .UNSPECIFIED., .F., .F.,
 ( 4, 2, 2, 2, 4 ),
 ( 0.000000000000000000, 0.0004037462302471245550, 0.0008074924604942491100, 0.001211238690741373936, 0.001614984920988498870 ),
 .UNSPECIFIED. ) ;
#647 = DIRECTION ( 'NONE',  ( -3.491481338843133355E-15, 1.000000000000000000, -2.669161299434197443E-34 ) ) ;
#648 = ORIENTED_EDGE ( 'NONE', *, *, #1066, .F. ) ;
#649 = CARTESIAN_POINT ( 'NONE',  ( -2.690104524231399896, 2.793999999999996930, 17.90522014445543064 ) ) ;
#650 = CARTESIAN_POINT ( 'NONE',  ( -2.027727667516447951, 0.7619999999999987894, 31.24199999999998312 ) ) ;
#651 = VECTOR ( 'NONE', #595, 1000.000000000000000 ) ;
#652 = CARTESIAN_POINT ( 'NONE',  ( 4.063999999999997392, 0.000000000000000000, -26.16199999999999903 ) ) ;
#653 = CARTESIAN_POINT ( 'NONE',  ( 4.063999999999981405, 2.603499999999999037, 27.71507286209166310 ) ) ;
#654 = EDGE_CURVE ( 'NONE', #1075, #2766, #1782, .T. ) ;
#655 = CARTESIAN_POINT ( 'NONE',  ( 2.540000000000003588, 0.5080000000000016724, -18.03400000000001668 ) ) ;
#656 =( NAMED_UNIT ( * ) PLANE_ANGLE_UNIT ( ) SI_UNIT ( $, .RADIAN. ) );
#657 = CARTESIAN_POINT ( 'NONE',  ( 1.523999999999997801, -1.270000000000000018, -27.17800000000000438 ) ) ;
#658 = FACE_OUTER_BOUND ( 'NONE', #1331, .T. ) ;
#659 = ORIENTED_EDGE ( 'NONE', *, *, #633, .F. ) ;
#660 = ORIENTED_EDGE ( 'NONE', *, *, #1282, .T. ) ;
#661 = VECTOR ( 'NONE', #30, 1000.000000000000000 ) ;
#662 = DIRECTION ( 'NONE',  ( 0.000000000000000000, 0.000000000000000000, -1.000000000000000000 ) ) ;
#663 = VERTEX_POINT ( 'NONE', #2610 ) ;
#664 = CARTESIAN_POINT ( 'NONE',  ( -2.792217973947513254, 2.952346013115107137, 17.88921320984487906 ) ) ;
#665 = CARTESIAN_POINT ( 'NONE',  ( -4.064000000000004498, 1.015999999999999570, -8.509000000000010999 ) ) ;
#666 = LINE ( 'NONE', #2161, #2354 ) ;
#667 = DIRECTION ( 'NONE',  ( -0.000000000000000000, 1.000000000000000000, -0.000000000000000000 ) ) ;
#668 = EDGE_LOOP ( 'NONE', ( #2699, #1357, #1841, #2021 ) ) ;
#669 = VECTOR ( 'NONE', #2020, 1000.000000000000000 ) ;
#670 = EDGE_CURVE ( 'NONE', #106, #1040, #77, .T. ) ;
#671 = VECTOR ( 'NONE', #1196, 1000.000000000000000 ) ;
#672 = CARTESIAN_POINT ( 'NONE',  ( 4.063999999999982293, 2.077889665753205328, 26.24745963412781791 ) ) ;
#673 = FACE_OUTER_BOUND ( 'NONE', #568, .T. ) ;
#674 = VECTOR ( 'NONE', #34, 1000.000000000000000 ) ;
#675 =( NAMED_UNIT ( * ) SI_UNIT ( $, .STERADIAN. ) SOLID_ANGLE_UNIT ( ) );
#676 = CARTESIAN_POINT ( 'NONE',  ( 2.342187140861077488, 0.2959909668909240787, -21.10002622044285303 ) ) ;
#677 = DIRECTION ( 'NONE',  ( -0.000000000000000000, 1.000000000000000000, -0.000000000000000000 ) ) ;
#678 = CARTESIAN_POINT ( 'NONE',  ( -4.064000000000020485, 0.7619999999999998996, 29.97199999999997999 ) ) ;
#679 = VERTEX_POINT ( 'NONE', #821 ) ;
#680 = ORIENTED_EDGE ( 'NONE', *, *, #2662, .F. ) ;
#681 = EDGE_CURVE ( 'NONE', #1591, #500, #1994, .T. ) ;
#682 = VECTOR ( 'NONE', #3566, 1000.000000000000000 ) ;
#683 = CARTESIAN_POINT ( 'NONE',  ( -2.447408423986305426, 0.3951053340203539710, -23.11116750440172396 ) ) ;
#684 = ORIENTED_EDGE ( 'NONE', *, *, #2050, .F. ) ;
#685 = ADVANCED_FACE ( 'NONE', ( #490 ), #1055, .T. ) ;
#686 =( LENGTH_UNIT ( ) NAMED_UNIT ( * ) SI_UNIT ( .MILLI., .METRE. ) );
#687 = ORIENTED_EDGE ( 'NONE', *, *, #1998, .F. ) ;
#688 = CARTESIAN_POINT ( 'NONE',  ( -4.064000000000002721, 0.7619999999999998996, -9.271000000000009678 ) ) ;
#689 = DIRECTION ( 'NONE',  ( 1.000000000000000000, 3.491481338843132961E-15, -2.845674993400287744E-16 ) ) ;
#690 = CARTESIAN_POINT ( 'NONE',  ( -2.027727667516447951, 18.79599999999999937, 31.24199999999998312 ) ) ;
#691 = CARTESIAN_POINT ( 'NONE',  ( -4.064000000000003610, 0.7619999999999998996, -8.509000000000009223 ) ) ;
#692 = ADVANCED_FACE ( 'NONE', ( #3031 ), #1073, .T. ) ;
#693 = DIRECTION ( 'NONE',  ( -1.000000000000000000, 3.491481338843132961E-15, -0.000000000000000000 ) ) ;
#694 = CARTESIAN_POINT ( 'NONE',  ( 4.063999999999982293, 4.063999999999994728, 24.66411957583392223 ) ) ;
#695 = VERTEX_POINT ( 'NONE', #3400 ) ;
#696 = ORIENTED_EDGE ( 'NONE', *, *, #2509, .F. ) ;
#697 = CARTESIAN_POINT ( 'NONE',  ( -2.771032309624704926, 2.993844207416578751, 14.60499999999998622 ) ) ;
#698 = EDGE_LOOP ( 'NONE', ( #3, #660, #996, #1685, #896, #364, #2222, #3642, #2191, #184, #1495, #322, #1314, #1483, #1572, #622, #1426, #2722, #2174 ) ) ;
#699 = EDGE_CURVE ( 'NONE', #1075, #2421, #2521, .T. ) ;
#700 = CARTESIAN_POINT ( 'NONE',  ( -4.064000000000019597, 0.1910848482187575970, 27.75163268950701223 ) ) ;
#701 = CARTESIAN_POINT ( 'NONE',  ( -4.064000000000018709, 4.063999999999994728, 24.66411957583392223 ) ) ;
#702 = ORIENTED_EDGE ( 'NONE', *, *, #1148, .F. ) ;
#703 = VECTOR ( 'NONE', #3150, 1000.000000000000000 ) ;
#704 = CARTESIAN_POINT ( 'NONE',  ( 1.524000000000001798, -4.336808689942017736E-16, -31.24200000000000443 ) ) ;
#705 = CARTESIAN_POINT ( 'NONE',  ( -4.064000000000019597, 2.602850168645823636, 27.67445083163015696 ) ) ;
#706 = VECTOR ( 'NONE', #531, 1000.000000000000000 ) ;
#707 = CARTESIAN_POINT ( 'NONE',  ( -2.794000000000002260, 7.703719777548943412E-31, -26.16199999999999903 ) ) ;
#708 = DIRECTION ( 'NONE',  ( -3.414809992080334249E-15, -1.000000000000000000, 0.000000000000000000 ) ) ;
#709 = PLANE ( 'NONE',  #2372 ) ;
#710 = ORIENTED_EDGE ( 'NONE', *, *, #3282, .F. ) ;
#711 = VERTEX_POINT ( 'NONE', #1725 ) ;
#712 = EDGE_CURVE ( 'NONE', #1458, #203, #879, .T. ) ;
#713 = EDGE_CURVE ( 'NONE', #1840, #1716, #3668, .T. ) ;
#714 = CARTESIAN_POINT ( 'NONE',  ( 1.586440883014087699, 0.001171114743146251360, -27.53613814955518180 ) ) ;
#715 = ORIENTED_EDGE ( 'NONE', *, *, #164, .T. ) ;
#716 = DIRECTION ( 'NONE',  ( 3.594536833768769572E-16, 0.000000000000000000, -1.000000000000000000 ) ) ;
#717 = ORIENTED_EDGE ( 'NONE', *, *, #1813, .T. ) ;
#718 = EDGE_CURVE ( 'NONE', #1716, #3009, #17, .T. ) ;
#719 = DIRECTION ( 'NONE',  ( 0.000000000000000000, 0.000000000000000000, -1.000000000000000000 ) ) ;
#720 = ORIENTED_EDGE ( 'NONE', *, *, #3445, .F. ) ;
#721 = CIRCLE ( 'NONE', #2787, 0.7619999999999987894 ) ;
#722 = DIRECTION ( 'NONE',  ( 4.353542619385281381E-16, 1.360482068557900432E-16, -1.000000000000000000 ) ) ;
#723 = CIRCLE ( 'NONE', #135, 1.651000000000003132 ) ;
#724 = CARTESIAN_POINT ( 'NONE',  ( -2.760962509387274721, 2.093230312512582625, 29.97199999999997999 ) ) ;
#725 = CARTESIAN_POINT ( 'NONE',  ( -4.064000000000018709, 1.523999999999995580, 24.66411957583391512 ) ) ;
#726 = CARTESIAN_POINT ( 'NONE',  ( -4.064000000000002721, 0.7619999999999998996, -9.271000000000009678 ) ) ;
#727 = ORIENTED_EDGE ( 'NONE', *, *, #956, .F. ) ;
#728 = AXIS2_PLACEMENT_3D ( 'NONE', #653, #1228, #3504 ) ;
#729 = ORIENTED_EDGE ( 'NONE', *, *, #2170, .F. ) ;
#730 = DIRECTION ( 'NONE',  ( 1.000000000000000000, -3.491481338843133355E-15, 0.000000000000000000 ) ) ;
#731 = CARTESIAN_POINT ( 'NONE',  ( -3.821758636834195144, 3.729570702324064957, 17.88565585181385842 ) ) ;
#732 = CARTESIAN_POINT ( 'NONE',  ( 4.063999999999998280, 0.000000000000000000, -10.08820225350369171 ) ) ;
#733 = ORIENTED_EDGE ( 'NONE', *, *, #623, .F. ) ;
#734 = ADVANCED_FACE ( 'NONE', ( #850 ), #2826, .F. ) ;
#735 = ADVANCED_FACE ( 'NONE', ( #2845 ), #297, .F. ) ;
#736 = CARTESIAN_POINT ( 'NONE',  ( -2.413000000000001144, 2.793999999999996486, 18.41499999999998138 ) ) ;
#737 = DIRECTION ( 'NONE',  ( -0.5000000000000009992, -3.563026749684931942E-16, -0.8660254037844380415 ) ) ;
#738 = EDGE_CURVE ( 'NONE', #2095, #1996, #1153, .T. ) ;
#739 = ORIENTED_EDGE ( 'NONE', *, *, #3344, .T. ) ;
#740 = VECTOR ( 'NONE', #1873, 1000.000000000000000 ) ;
#741 = DIRECTION ( 'NONE',  ( 0.000000000000000000, 1.360482068557900432E-16, -1.000000000000000000 ) ) ;
#742 = ORIENTED_EDGE ( 'NONE', *, *, #2380, .T. ) ;
#743 = CARTESIAN_POINT ( 'NONE',  ( -4.064000000000005386, 2.794000000000000483, -6.731000000000009642 ) ) ;
#744 = CARTESIAN_POINT ( 'NONE',  ( 2.027727667516447951, 18.79599999999999937, 31.24199999999998312 ) ) ;
#745 = CARTESIAN_POINT ( 'NONE',  ( 2.540000000000004032, -1.057948453037567127, -18.03400000000001668 ) ) ;
#746 = CARTESIAN_POINT ( 'NONE',  ( 4.063999999999996504, 2.794000000000000483, -6.731000000000006089 ) ) ;
#747 = DIRECTION ( 'NONE',  ( 0.000000000000000000, 0.000000000000000000, -1.000000000000000000 ) ) ;
#748 = ORIENTED_EDGE ( 'NONE', *, *, #1883, .F. ) ;
#749 = EDGE_CURVE ( 'NONE', #2305, #1183, #1690, .T. ) ;
#750 = ORIENTED_EDGE ( 'NONE', *, *, #713, .F. ) ;
#751 = CARTESIAN_POINT ( 'NONE',  ( 1.768119946944231247, 0.01871612752450264525, -27.85364387806324160 ) ) ;
#752 = ORIENTED_EDGE ( 'NONE', *, *, #1066, .T. ) ;
#753 = EDGE_CURVE ( 'NONE', #1040, #1694, #1430, .T. ) ;
#754 = EDGE_CURVE ( 'NONE', #1179, #1057, #253, .T. ) ;
#755 = ORIENTED_EDGE ( 'NONE', *, *, #2120, .F. ) ;
#756 = STYLED_ITEM ( 'NONE', ( #1256 ), #1119 ) ;
#757 = DIRECTION ( 'NONE',  ( 0.8191520442889946851, -0.5735764363510420516, 0.000000000000000000 ) ) ;
#758 = ORIENTED_EDGE ( 'NONE', *, *, #2012, .T. ) ;
#759 = CARTESIAN_POINT ( 'NONE',  ( 1.524000000000001132, -1.270000000000000018, -18.03400000000000247 ) ) ;
#760 = AXIS2_PLACEMENT_3D ( 'NONE', #1952, #1949, #2849 ) ;
#761 = CIRCLE ( 'NONE', #938, 0.5080000000000015614 ) ;
#762 = DIRECTION ( 'NONE',  ( 0.8191520442889946851, -0.5735764363510418296, -0.000000000000000000 ) ) ;
#763 = CARTESIAN_POINT ( 'NONE',  ( 1.524000000000003574, -4.336808689942017736E-16, -17.01800000000001489 ) ) ;
#764 = CARTESIAN_POINT ( 'NONE',  ( -4.064000000000040025, 11.17599999999996818, -23.11400000000001143 ) ) ;
#765 = ORIENTED_EDGE ( 'NONE', *, *, #1126, .T. ) ;
#766 = ADVANCED_FACE ( 'NONE', ( #1385 ), #2241, .F. ) ;
#767 = ORIENTED_EDGE ( 'NONE', *, *, #2016, .F. ) ;
#768 = VECTOR ( 'NONE', #3076, 1000.000000000000000 ) ;
#769 = PLANE ( 'NONE',  #2496 ) ;
#770 = ADVANCED_FACE ( 'NONE', ( #3108 ), #1947, .F. ) ;
#771 = VERTEX_POINT ( 'NONE', #829 ) ;
#772 = VERTEX_POINT ( 'NONE', #3074 ) ;
#773 = VECTOR ( 'NONE', #74, 1000.000000000000000 ) ;
#774 = CARTESIAN_POINT ( 'NONE',  ( 2.794000000000002260, 1.269999999999995577, -21.08199999999999719 ) ) ;
#775 = ORIENTED_EDGE ( 'NONE', *, *, #1813, .F. ) ;
#776 = CARTESIAN_POINT ( 'NONE',  ( -4.064000000000021373, 0.7619999999999998996, 31.24199999999998312 ) ) ;
#777 = FACE_OUTER_BOUND ( 'NONE', #3341, .T. ) ;
#778 = CARTESIAN_POINT ( 'NONE',  ( -4.064000000000003610, -1.270000000000000018, -9.271000000000009678 ) ) ;
#779 = AXIS2_PLACEMENT_3D ( 'NONE', #1475, #933, #662 ) ;
#780 = DIRECTION ( 'NONE',  ( 0.000000000000000000, 1.000000000000000000, 0.000000000000000000 ) ) ;
#781 = LINE ( 'NONE', #576, #3594 ) ;
#782 = VERTEX_POINT ( 'NONE', #550 ) ;
#783 = ORIENTED_EDGE ( 'NONE', *, *, #559, .F. ) ;
#784 = VECTOR ( 'NONE', #3005, 1000.000000000000000 ) ;
#785 = VECTOR ( 'NONE', #2628, 1000.000000000000000 ) ;
#786 = CARTESIAN_POINT ( 'NONE',  ( 4.063999999999996504, 1.524000000000000687, -6.731000000000006089 ) ) ;
#787 = LINE ( 'NONE', #1915, #1713 ) ;
#788 = CIRCLE ( 'NONE', #1629, 0.7620000000000022311 ) ;
#789 = FACE_OUTER_BOUND ( 'NONE', #2929, .T. ) ;
#790 = VERTEX_POINT ( 'NONE', #1678 ) ;
#791 = VERTEX_POINT ( 'NONE', #2796 ) ;
#792 = EDGE_CURVE ( 'NONE', #2683, #2022, #267, .T. ) ;
#793 = DIRECTION ( 'NONE',  ( -0.000000000000000000, -1.000000000000000000, -0.000000000000000000 ) ) ;
#794 = ORIENTED_EDGE ( 'NONE', *, *, #142, .T. ) ;
#795 = PLANE ( 'NONE',  #1726 ) ;
#796 = ORIENTED_EDGE ( 'NONE', *, *, #1224, .T. ) ;
#797 = DIRECTION ( 'NONE',  ( 4.710082747697006875E-16, 0.000000000000000000, -1.000000000000000000 ) ) ;
#798 = CARTESIAN_POINT ( 'NONE',  ( 4.064000000000037360, 11.17599999999999660, -29.71800000000000352 ) ) ;
#799 = DIRECTION ( 'NONE',  ( 1.000000000000000000, 3.491481338843132566E-15, 0.000000000000000000 ) ) ;
#800 = ORIENTED_EDGE ( 'NONE', *, *, #352, .F. ) ;
#801 = VERTEX_POINT ( 'NONE', #1708 ) ;
#802 = CARTESIAN_POINT ( 'NONE',  ( -3.951287826372362311, 3.522442074165820003, 14.60499999999998622 ) ) ;
#803 = CARTESIAN_POINT ( 'NONE',  ( -1.524000000000001354, 0.000000000000000000, -22.09799999999999898 ) ) ;
#804 = EDGE_LOOP ( 'NONE', ( #2102, #1814, #648, #1292 ) ) ;
#805 = ADVANCED_FACE ( 'NONE', ( #2812 ), #1412, .T. ) ;
#806 = EDGE_LOOP ( 'NONE', ( #1053, #2524, #484, #687 ) ) ;
#807 = EDGE_CURVE ( 'NONE', #1779, #2540, #1974, .T. ) ;
#808 = ORIENTED_EDGE ( 'NONE', *, *, #1152, .F. ) ;
#809 = DIRECTION ( 'NONE',  ( 1.000000000000000000, -0.000000000000000000, -2.731847993664263613E-15 ) ) ;
#810 = CARTESIAN_POINT ( 'NONE',  ( 4.064000000000037360, 11.17599999999999660, -18.79600000000000648 ) ) ;
#811 = AXIS2_PLACEMENT_3D ( 'NONE', #2407, #3015, #496 ) ;
#812 = DIRECTION ( 'NONE',  ( 1.000000000000000000, 0.000000000000000000, 4.400024020954809650E-16 ) ) ;
#813 = LINE ( 'NONE', #3036, #3339 ) ;
#814 = VERTEX_POINT ( 'NONE', #655 ) ;
#815 = DIRECTION ( 'NONE',  ( -3.414809992080328037E-16, 0.000000000000000000, -1.000000000000000000 ) ) ;
#816 = CARTESIAN_POINT ( 'NONE',  ( 4.063999999999998280, 0.7620000000000001217, -7.239000000000006096 ) ) ;
#817 = CARTESIAN_POINT ( 'NONE',  ( -1.735228130548570169, -1.263056436707935104, -26.54347905087099946 ) ) ;
#818 = ORIENTED_EDGE ( 'NONE', *, *, #55, .F. ) ;
#819 = CIRCLE ( 'NONE', #2062, 1.015999999999999792 ) ;
#820 = ORIENTED_EDGE ( 'NONE', *, *, #2538, .F. ) ;
#821 = CARTESIAN_POINT ( 'NONE',  ( -4.064000000000019597, 3.873499999999999055, 27.71507286209165954 ) ) ;
#822 = VERTEX_POINT ( 'NONE', #1266 ) ;
#823 = EDGE_CURVE ( 'NONE', #629, #2230, #1966, .T. ) ;
#824 = LINE ( 'NONE', #276, #3627 ) ;
#825 = CARTESIAN_POINT ( 'NONE',  ( -4.064000000000002721, 0.000000000000000000, -10.08820225350369526 ) ) ;
#826 = CARTESIAN_POINT ( 'NONE',  ( 1.524000000000001798, -4.336808689942017736E-16, -17.01800000000001489 ) ) ;
#827 = EDGE_CURVE ( 'NONE', #987, #2095, #3204, .T. ) ;
#828 = AXIS2_PLACEMENT_3D ( 'NONE', #616, #677, #300 ) ;
#829 = CARTESIAN_POINT ( 'NONE',  ( 2.539999999999997815, 0.5079999999999942339, -28.19400000000000261 ) ) ;
#830 = LINE ( 'NONE', #1470, #2447 ) ;
#831 = CARTESIAN_POINT ( 'NONE',  ( -2.794000000000064876, 18.03399999999997405, -25.40000000000000568 ) ) ;
#832 = CARTESIAN_POINT ( 'NONE',  ( -4.064000000000019597, 3.873499999999999055, 27.71507286209165954 ) ) ;
#833 = VECTOR ( 'NONE', #295, 1000.000000000000000 ) ;
#834 = ORIENTED_EDGE ( 'NONE', *, *, #1970, .T. ) ;
#835 = VECTOR ( 'NONE', #1531, 1000.000000000000114 ) ;
#836 = VECTOR ( 'NONE', #1352, 1000.000000000000000 ) ;
#837 = ADVANCED_FACE ( 'NONE', ( #2631 ), #417, .T. ) ;
#838 = ADVANCED_FACE ( 'NONE', ( #1486 ), #3523, .T. ) ;
#839 = ORIENTED_EDGE ( 'NONE', *, *, #630, .T. ) ;
#840 = CARTESIAN_POINT ( 'NONE',  ( -4.064000000000040913, 11.17599999999996996, -24.63800000000000523 ) ) ;
#841 = VERTEX_POINT ( 'NONE', #2334 ) ;
#842 = DIRECTION ( 'NONE',  ( 1.000000000000000000, 0.000000000000000000, 4.400024020954809650E-16 ) ) ;
#843 = VECTOR ( 'NONE', #1748, 1000.000000000000000 ) ;
#844 = CARTESIAN_POINT ( 'NONE',  ( 4.063999999999997392, -1.270000000000000018, -26.16199999999999903 ) ) ;
#845 = VECTOR ( 'NONE', #2108, 1000.000000000000000 ) ;
#846 = LINE ( 'NONE', #1703, #833 ) ;
#847 = DIRECTION ( 'NONE',  ( -1.000000000000000000, -0.000000000000000000, -4.400024020954809157E-16 ) ) ;
#848 = EDGE_CURVE ( 'NONE', #2260, #1305, #3224, .T. ) ;
#849 = CARTESIAN_POINT ( 'NONE',  ( -4.077620118106041858, 2.758930198802800327, 17.89277056787589970 ) ) ;
#850 = FACE_OUTER_BOUND ( 'NONE', #2512, .T. ) ;
#851 = EDGE_CURVE ( 'NONE', #3549, #525, #3507, .T. ) ;
#852 = LINE ( 'NONE', #565, #1968 ) ;
#853 = DIRECTION ( 'NONE',  ( 5.986153781733049845E-32, -1.000000000000000000, -1.360482068557900432E-16 ) ) ;
#854 = CYLINDRICAL_SURFACE ( 'NONE', #1623, 1.015999999999999570 ) ;
#855 = ORIENTED_EDGE ( 'NONE', *, *, #1219, .T. ) ;
#856 = CARTESIAN_POINT ( 'NONE',  ( -2.027727667516447507, 1.371599999999999930, 31.24199999999998312 ) ) ;
#857 = EDGE_CURVE ( 'NONE', #2432, #293, #1546, .T. ) ;
#858 = VERTEX_POINT ( 'NONE', #1467 ) ;
#859 = DIRECTION ( 'NONE',  ( -1.000000000000000000, 0.000000000000000000, -0.000000000000000000 ) ) ;
#860 = CARTESIAN_POINT ( 'NONE',  ( -1.524000000000002242, -1.270000000000000018, -27.17800000000001148 ) ) ;
#861 = ORIENTED_EDGE ( 'NONE', *, *, #3357, .T. ) ;
#862 = LINE ( 'NONE', #3120, #1151 ) ;
#863 = PLANE ( 'NONE',  #2831 ) ;
#864 = ORIENTED_EDGE ( 'NONE', *, *, #1246, .F. ) ;
#865 = DIRECTION ( 'NONE',  ( -1.000000000000000000, 0.000000000000000000, -7.889555165455265717E-17 ) ) ;
#866 = DIRECTION ( 'NONE',  ( -2.845674993400367617E-16, 2.276539994720242028E-15, -1.000000000000000000 ) ) ;
#867 = CARTESIAN_POINT ( 'NONE',  ( -4.064000000000000945, 2.793999999999996930, 14.60499999999998622 ) ) ;
#868 = CARTESIAN_POINT ( 'NONE',  ( -3.174594213943958465, 1.594929167790717806, 17.90344264196896518 ) ) ;
#869 = LINE ( 'NONE', #3485, #1415 ) ;
#870 = CARTESIAN_POINT ( 'NONE',  ( -1.524000000000006461, -8.673617379884035472E-16, -27.17799999999999727 ) ) ;
#871 = ADVANCED_FACE ( 'NONE', ( #3484 ), #2596, .F. ) ;
#872 = CARTESIAN_POINT ( 'NONE',  ( 2.794000000000061323, 18.03400000000000247, -30.48000000000000043 ) ) ;
#873 = VERTEX_POINT ( 'NONE', #2387 ) ;
#874 = ORIENTED_EDGE ( 'NONE', *, *, #2145, .T. ) ;
#875 = EDGE_CURVE ( 'NONE', #2326, #1591, #100, .T. ) ;
#876 = CYLINDRICAL_SURFACE ( 'NONE', #3641, 1.231899999999997553 ) ;
#877 = ORIENTED_EDGE ( 'NONE', *, *, #2489, .T. ) ;
#878 = EDGE_LOOP ( 'NONE', ( #1124, #3293, #3068, #3311 ) ) ;
#879 = CIRCLE ( 'NONE', #2123, 0.7619999999999987894 ) ;
#880 = EDGE_CURVE ( 'NONE', #1951, #3140, #2906, .T. ) ;
#881 = CARTESIAN_POINT ( 'NONE',  ( 4.063999999999981405, 3.872200337291648697, 27.63382880116865437 ) ) ;
#882 = LINE ( 'NONE', #3138, #1085 ) ;
#883 = VERTEX_POINT ( 'NONE', #2255 ) ;
#884 = CARTESIAN_POINT ( 'NONE',  ( 2.794000000000037343, 11.17600000000000193, -18.03400000000001313 ) ) ;
#885 = DIRECTION ( 'NONE',  ( 0.000000000000000000, 0.000000000000000000, 1.000000000000000000 ) ) ;
#886 = VERTEX_POINT ( 'NONE', #3398 ) ;
#887 = CARTESIAN_POINT ( 'NONE',  ( 1.523999999999997801, -1.270000000000000018, -27.17800000000000438 ) ) ;
#888 = LINE ( 'NONE', #3481, #210 ) ;
#889 = CARTESIAN_POINT ( 'NONE',  ( -2.413000000000001144, 2.793999999999996486, 18.41499999999998138 ) ) ;
#890 = CARTESIAN_POINT ( 'NONE',  ( 1.987378498551004791, 0.08576871003061224685, -17.87325221392327634 ) ) ;
#891 = CARTESIAN_POINT ( 'NONE',  ( -1.524000000000005350, 1.269999999999999352, -23.11400000000001143 ) ) ;
#892 = DIRECTION ( 'NONE',  ( 1.000000000000000000, -0.000000000000000000, -0.000000000000000000 ) ) ;
#893 = LINE ( 'NONE', #1490, #1260 ) ;
#894 = ORIENTED_EDGE ( 'NONE', *, *, #1244, .T. ) ;
#895 = LINE ( 'NONE', #3491, #2010 ) ;
#896 = ORIENTED_EDGE ( 'NONE', *, *, #2570, .F. ) ;
#897 = ORIENTED_EDGE ( 'NONE', *, *, #1038, .T. ) ;
#898 = EDGE_CURVE ( 'NONE', #3065, #2001, #2667, .T. ) ;
#899 = VECTOR ( 'NONE', #2369, 1000.000000000000000 ) ;
#900 = DIRECTION ( 'NONE',  ( -1.000000000000000000, 0.000000000000000000, -4.400024020954809157E-16 ) ) ;
#901 = DIRECTION ( 'NONE',  ( 0.8191520442889946851, -0.5735764363510418296, 0.000000000000000000 ) ) ;
#902 = ORIENTED_EDGE ( 'NONE', *, *, #313, .F. ) ;
#903 = VECTOR ( 'NONE', #722, 1000.000000000000000 ) ;
#904 = CIRCLE ( 'NONE', #1386, 1.015999999999999570 ) ;
#905 = DIRECTION ( 'NONE',  ( 4.878299988686179388E-16, 0.000000000000000000, -1.000000000000000000 ) ) ;
#906 = ORIENTED_EDGE ( 'NONE', *, *, #2342, .F. ) ;
#907 = CARTESIAN_POINT ( 'NONE',  ( 1.735228130548565728, -1.263056436707934660, -27.81252094912899508 ) ) ;
#908 = DIRECTION ( 'NONE',  ( -3.414809992080318866E-15, 1.000000000000000000, 0.000000000000000000 ) ) ;
#909 = LINE ( 'NONE', #2536, #149 ) ;
#910 = CARTESIAN_POINT ( 'NONE',  ( 2.539999999999999147, 0.5079999999999958993, -21.08199999999999719 ) ) ;
#911 = CIRCLE ( 'NONE', #3287, 0.7619999999999987894 ) ;
#912 = DIRECTION ( 'NONE',  ( 0.000000000000000000, 0.000000000000000000, 1.000000000000000000 ) ) ;
#913 = ADVANCED_FACE ( 'NONE', ( #777 ), #3013, .T. ) ;
#914 = LINE ( 'NONE', #1218, #835 ) ;
#915 = ORIENTED_EDGE ( 'NONE', *, *, #573, .F. ) ;
#916 = DIRECTION ( 'NONE',  ( -1.000000000000000000, 0.000000000000000000, -4.400024020954809157E-16 ) ) ;
#917 = ORIENTED_EDGE ( 'NONE', *, *, #1897, .F. ) ;
#918 = DIRECTION ( 'NONE',  ( -0.000000000000000000, 0.000000000000000000, 1.000000000000000000 ) ) ;
#919 = LINE ( 'NONE', #840, #480 ) ;
#920 = EDGE_CURVE ( 'NONE', #814, #388, #1042, .T. ) ;
#921 = DIRECTION ( 'NONE',  ( 0.000000000000000000, 0.000000000000000000, -1.000000000000000000 ) ) ;
#922 = ORIENTED_EDGE ( 'NONE', *, *, #142, .F. ) ;
#923 = EDGE_CURVE ( 'NONE', #553, #695, #1025, .T. ) ;
#924 = LINE ( 'NONE', #2307, #2773 ) ;
#925 = CARTESIAN_POINT ( 'NONE',  ( 1.656861828038648232, -1.267067077546427889, -27.69808301397219807 ) ) ;
#926 = FACE_OUTER_BOUND ( 'NONE', #1651, .T. ) ;
#927 = DIRECTION ( 'NONE',  ( 1.000000000000000000, 3.491481338843132961E-15, -2.845674993400287744E-16 ) ) ;
#928 = DIRECTION ( 'NONE',  ( 1.000000000000000000, -3.491481338843133355E-15, 0.000000000000000000 ) ) ;
#929 = DIRECTION ( 'NONE',  ( 1.000000000000000000, -0.000000000000000000, 4.400024020954809157E-16 ) ) ;
#930 = DIRECTION ( 'NONE',  ( 1.000000000000000000, 0.000000000000000000, 4.400024020954809650E-16 ) ) ;
#931 = CARTESIAN_POINT ( 'NONE',  ( -4.064000000000001833, 1.523999999999996469, 18.41499999999998138 ) ) ;
#932 = EDGE_LOOP ( 'NONE', ( #2474, #460, #783, #2933 ) ) ;
#933 = DIRECTION ( 'NONE',  ( 0.000000000000000000, -1.000000000000000000, 0.000000000000000000 ) ) ;
#934 = EDGE_LOOP ( 'NONE', ( #1595, #302, #241, #1270 ) ) ;
#935 = ADVANCED_FACE ( 'NONE', ( #2980 ), #2186, .F. ) ;
#936 = EDGE_CURVE ( 'NONE', #2230, #3216, #2386, .T. ) ;
#937 = VECTOR ( 'NONE', #3577, 1000.000000000000000 ) ;
#938 = AXIS2_PLACEMENT_3D ( 'NONE', #2389, #1569, #402 ) ;
#939 = VECTOR ( 'NONE', #3397, 1000.000000000000000 ) ;
#940 = ORIENTED_EDGE ( 'NONE', *, *, #1755, .T. ) ;
#941 = FACE_OUTER_BOUND ( 'NONE', #427, .T. ) ;
#942 = DIRECTION ( 'NONE',  ( 4.400024020954809157E-16, 0.000000000000000000, -1.000000000000000000 ) ) ;
#943 = FACE_OUTER_BOUND ( 'NONE', #3327, .T. ) ;
#944 = EDGE_CURVE ( 'NONE', #3023, #663, #981, .T. ) ;
#945 = SURFACE_STYLE_USAGE ( .BOTH. , #2089 ) ;
#946 = CARTESIAN_POINT ( 'NONE',  ( 1.678367417933326555, 0.007925624881184282697, -21.54013457456380110 ) ) ;
#947 = CARTESIAN_POINT ( 'NONE',  ( 4.063999999999981405, 0.1910848482187575970, 27.75163268950701578 ) ) ;
#948 = CARTESIAN_POINT ( 'NONE',  ( -4.064000000000064894, 18.03399999999997050, -25.40000000000000568 ) ) ;
#949 = ORIENTED_EDGE ( 'NONE', *, *, #807, .T. ) ;
#950 = CARTESIAN_POINT ( 'NONE',  ( -4.064000000000064894, 18.03399999999997050, -24.63800000000000523 ) ) ;
#951 = ORIENTED_EDGE ( 'NONE', *, *, #35, .T. ) ;
#952 = DIRECTION ( 'NONE',  ( 0.000000000000000000, 1.000000000000000000, 0.000000000000000000 ) ) ;
#953 = VECTOR ( 'NONE', #448, 1000.000000000000000 ) ;
#954 = FACE_OUTER_BOUND ( 'NONE', #3276, .T. ) ;
#955 = ORIENTED_EDGE ( 'NONE', *, *, #1933, .T. ) ;
#956 = EDGE_CURVE ( 'NONE', #1638, #2175, #3563, .T. ) ;
#957 = FACE_OUTER_BOUND ( 'NONE', #2379, .T. ) ;
#958 = VERTEX_POINT ( 'NONE', #1565 ) ;
#959 = AXIS2_PLACEMENT_3D ( 'NONE', #3511, #1807, #105 ) ;
#960 = VECTOR ( 'NONE', #3301, 1000.000000000000000 ) ;
#961 = CARTESIAN_POINT ( 'NONE',  ( 4.064000000000061341, 18.03399999999999892, -28.95600000000000662 ) ) ;
#962 = DIRECTION ( 'NONE',  ( -6.829619984160660610E-15, -1.000000000000000000, -0.000000000000000000 ) ) ;
#963 = CARTESIAN_POINT ( 'NONE',  ( 4.063999999999997392, -1.270000000000000018, -26.16199999999999903 ) ) ;
#964 = CARTESIAN_POINT ( 'NONE',  ( 2.794000000000037343, 11.17600000000000193, -30.48000000000000398 ) ) ;
#965 = DIRECTION ( 'NONE',  ( 4.400024020954809157E-16, 0.000000000000000000, -1.000000000000000000 ) ) ;
#966 = LINE ( 'NONE', #1605, #3286 ) ;
#967 = DIRECTION ( 'NONE',  ( 1.000000000000000000, 0.000000000000000000, 4.400024020954809157E-16 ) ) ;
#968 = ORIENTED_EDGE ( 'NONE', *, *, #1706, .F. ) ;
#969 = EDGE_CURVE ( 'NONE', #772, #2402, #2150, .T. ) ;
#970 = ORIENTED_EDGE ( 'NONE', *, *, #2822, .F. ) ;
#971 = ORIENTED_EDGE ( 'NONE', *, *, #2431, .T. ) ;
#972 = VECTOR ( 'NONE', #1004, 1000.000000000000000 ) ;
#973 = CARTESIAN_POINT ( 'NONE',  ( -1.524000000000001354, 0.000000000000000000, -22.09799999999999898 ) ) ;
#974 = ORIENTED_EDGE ( 'NONE', *, *, #527, .T. ) ;
#975 = DIRECTION ( 'NONE',  ( -1.000000000000000000, 3.491481338843133750E-15, -0.000000000000000000 ) ) ;
#976 = ORIENTED_EDGE ( 'NONE', *, *, #124, .F. ) ;
#977 = ORIENTED_EDGE ( 'NONE', *, *, #992, .F. ) ;
#978 = DIRECTION ( 'NONE',  ( -1.000000000000000000, 0.000000000000000000, -4.400024020954809650E-16 ) ) ;
#979 = DIRECTION ( 'NONE',  ( -1.000000000000000000, -0.000000000000000000, -4.400024020954809157E-16 ) ) ;
#980 = EDGE_CURVE ( 'NONE', #203, #525, #1287, .T. ) ;
#981 = LINE ( 'NONE', #2405, #2946 ) ;
#982 = CARTESIAN_POINT ( 'NONE',  ( 2.794000000000037343, 11.17600000000000193, -21.08200000000000074 ) ) ;
#983 = CARTESIAN_POINT ( 'NONE',  ( -2.413000000000001588, 1.523999999999996691, 17.90699999999998582 ) ) ;
#984 = CARTESIAN_POINT ( 'NONE',  ( -4.064000000000019597, 3.873499999999999055, 27.71507286209165954 ) ) ;
#985 = CARTESIAN_POINT ( 'NONE',  ( -1.524000000000006461, 1.269999999999999352, -26.16199999999999903 ) ) ;
#986 = ORIENTED_EDGE ( 'NONE', *, *, #1919, .F. ) ;
#987 = VERTEX_POINT ( 'NONE', #473 ) ;
#988 = DIRECTION ( 'NONE',  ( 4.400024020954809157E-16, 1.326724403704322179E-16, -1.000000000000000000 ) ) ;
#989 = CARTESIAN_POINT ( 'NONE',  ( 4.064000000000061341, 18.03399999999999892, -28.95600000000001017 ) ) ;
#990 = ORIENTED_EDGE ( 'NONE', *, *, #1445, .F. ) ;
#991 =( NAMED_UNIT ( * ) PLANE_ANGLE_UNIT ( ) SI_UNIT ( $, .RADIAN. ) );
#992 = EDGE_CURVE ( 'NONE', #3337, #2095, #156, .T. ) ;
#993 = VECTOR ( 'NONE', #1194, 1000.000000000000000 ) ;
#994 = DIRECTION ( 'NONE',  ( 3.414809992080328037E-16, 0.000000000000000000, -1.000000000000000000 ) ) ;
#995 = COLOUR_RGB ( '',0.7921568627450980005, 0.8196078431372548767, 0.9333333333333333481 ) ;
#996 = ORIENTED_EDGE ( 'NONE', *, *, #1438, .T. ) ;
#997 = EDGE_CURVE ( 'NONE', #883, #2410, #1307, .T. ) ;
#998 = VECTOR ( 'NONE', #371, 1000.000000000000000 ) ;
#999 = PLANE ( 'NONE',  #1616 ) ;
#1000 = VERTEX_POINT ( 'NONE', #2727 ) ;
#1001 = CARTESIAN_POINT ( 'NONE',  ( 2.794000000000037343, 11.17600000000000371, -28.19400000000000261 ) ) ;
#1002 = CARTESIAN_POINT ( 'NONE',  ( 4.064000000000002721, 1.269999999999989804, -28.19400000000000261 ) ) ;
#1003 = VECTOR ( 'NONE', #536, 1000.000000000000000 ) ;
#1004 = DIRECTION ( 'NONE',  ( 8.537024980200913523E-16, -4.268512490100456762E-16, 1.000000000000000000 ) ) ;
#1005 = LINE ( 'NONE', #691, #242 ) ;
#1006 = CYLINDRICAL_SURFACE ( 'NONE', #2799, 0.7619999999999987894 ) ;
#1007 = PLANE ( 'NONE',  #1797 ) ;
#1008 = EDGE_CURVE ( 'NONE', #3054, #695, #194, .T. ) ;
#1009 = ORIENTED_EDGE ( 'NONE', *, *, #1679, .T. ) ;
#1010 = EDGE_CURVE ( 'NONE', #1936, #822, #2182, .T. ) ;
#1011 = ORIENTED_EDGE ( 'NONE', *, *, #2328, .F. ) ;
#1012 = DIRECTION ( 'NONE',  ( 1.000000000000000000, 0.000000000000000000, 4.400024020954809650E-16 ) ) ;
#1013 = VECTOR ( 'NONE', #111, 1000.000000000000000 ) ;
#1014 = VERTEX_POINT ( 'NONE', #2873 ) ;
#1015 = SURFACE_STYLE_USAGE ( .BOTH. , #1371 ) ;
#1016 = CARTESIAN_POINT ( 'NONE',  ( -4.076588918566077524, 3.873499999999999055, 27.69326821552290241 ) ) ;
#1017 = ORIENTED_EDGE ( 'NONE', *, *, #2777, .T. ) ;
#1018 = EDGE_LOOP ( 'NONE', ( #2135, #2124, #3255, #88 ) ) ;
#1019 = AXIS2_PLACEMENT_3D ( 'NONE', #518, #2795, #799 ) ;
#1020 = ADVANCED_FACE ( 'NONE', ( #329 ), #625, .F. ) ;
#1021 = CARTESIAN_POINT ( 'NONE',  ( -2.771032309624704926, 2.993844207416579195, 17.88565585181385842 ) ) ;
#1022 = ORIENTED_EDGE ( 'NONE', *, *, #3476, .T. ) ;
#1023 = VECTOR ( 'NONE', #3032, 1000.000000000000000 ) ;
#1024 = DIRECTION ( 'NONE',  ( -4.400024020954809157E-16, 0.000000000000000000, 1.000000000000000000 ) ) ;
#1025 = LINE ( 'NONE', #2462, #3671 ) ;
#1026 = AXIS2_PLACEMENT_3D ( 'NONE', #2035, #2928, #2352 ) ;
#1027 = FACE_OUTER_BOUND ( 'NONE', #2247, .T. ) ;
#1028 = APPLICATION_CONTEXT ( 'automotive_design' ) ;
#1029 = PLANE ( 'NONE',  #2214 ) ;
#1030 = DIRECTION ( 'NONE',  ( -8.537024980200855345E-16, -0.000000000000000000, -1.000000000000000000 ) ) ;
#1031 = ORIENTED_EDGE ( 'NONE', *, *, #1939, .F. ) ;
#1032 = AXIS2_PLACEMENT_3D ( 'NONE', #1871, #979, #1835 ) ;
#1033 = EDGE_LOOP ( 'NONE', ( #1031, #598, #2785, #638, #3434, #2093, #2523, #951, #2718 ) ) ;
#1034 = ADVANCED_FACE ( 'NONE', ( #2003 ), #2063, .F. ) ;
#1035 = DIRECTION ( 'NONE',  ( 2.731847993664263613E-15, -0.000000000000000000, 1.000000000000000000 ) ) ;
#1036 = ORIENTED_EDGE ( 'NONE', *, *, #1970, .F. ) ;
#1037 = ORIENTED_EDGE ( 'NONE', *, *, #352, .T. ) ;
#1038 = EDGE_CURVE ( 'NONE', #261, #1844, #1775, .T. ) ;
#1039 = CARTESIAN_POINT ( 'NONE',  ( 1.927630242329295474, -1.239596553663503631, -17.83975292919116384 ) ) ;
#1040 = VERTEX_POINT ( 'NONE', #665 ) ;
#1041 = DIRECTION ( 'NONE',  ( 3.414809992080334249E-15, 1.000000000000000000, 0.000000000000000000 ) ) ;
#1042 = LINE ( 'NONE', #1325, #2526 ) ;
#1043 = EDGE_CURVE ( 'NONE', #166, #883, #3225, .T. ) ;
#1044 = SHAPE_DEFINITION_REPRESENTATION ( #2238, #2514 ) ;
#1045 = LINE ( 'NONE', #1548, #181 ) ;
#1046 = FACE_OUTER_BOUND ( 'NONE', #2110, .T. ) ;
#1047 = CARTESIAN_POINT ( 'NONE',  ( 4.064000000000037360, 11.17599999999999660, -18.03400000000001313 ) ) ;
#1048 = ORIENTED_EDGE ( 'NONE', *, *, #749, .T. ) ;
#1049 = VERTEX_POINT ( 'NONE', #71 ) ;
#1050 = DIRECTION ( 'NONE',  ( 3.414809992080349632E-15, 1.000000000000000000, 0.000000000000000000 ) ) ;
#1051 = ORIENTED_EDGE ( 'NONE', *, *, #1102, .T. ) ;
#1052 = ADVANCED_FACE ( 'NONE', ( #1205 ), #2265, .F. ) ;
#1053 = ORIENTED_EDGE ( 'NONE', *, *, #3239, .F. ) ;
#1054 = DIRECTION ( 'NONE',  ( 1.000000000000000000, 0.000000000000000000, 4.400024020954809650E-16 ) ) ;
#1055 = PLANE ( 'NONE',  #1593 ) ;
#1056 = DIRECTION ( 'NONE',  ( 0.000000000000000000, -1.000000000000000000, 0.000000000000000000 ) ) ;
#1057 = VERTEX_POINT ( 'NONE', #2565 ) ;
#1058 = PLANE ( 'NONE',  #1562 ) ;
#1059 = AXIS2_PLACEMENT_3D ( 'NONE', #59, #2613, #2051 ) ;
#1060 = DIRECTION ( 'NONE',  ( -8.537024980200854359E-16, 0.000000000000000000, -1.000000000000000000 ) ) ;
#1061 = DIRECTION ( 'NONE',  ( 0.5735764363510419406, 0.8191520442889944631, 3.414809992080329516E-15 ) ) ;
#1062 = DIRECTION ( 'NONE',  ( 0.000000000000000000, 0.000000000000000000, -1.000000000000000000 ) ) ;
#1063 = FACE_OUTER_BOUND ( 'NONE', #2156, .T. ) ;
#1064 = ORIENTED_EDGE ( 'NONE', *, *, #3437, .T. ) ;
#1065 = ORIENTED_EDGE ( 'NONE', *, *, #1717, .T. ) ;
#1066 = EDGE_CURVE ( 'NONE', #2281, #407, #45, .T. ) ;
#1067 = CARTESIAN_POINT ( 'NONE',  ( -4.064000000000003610, -1.270000000000000018, -9.271000000000009678 ) ) ;
#1068 = ORIENTED_EDGE ( 'NONE', *, *, #3420, .T. ) ;
#1069 = ORIENTED_EDGE ( 'NONE', *, *, #3392, .F. ) ;
#1070 = EDGE_LOOP ( 'NONE', ( #1714, #69, #2855, #2375 ) ) ;
#1071 = VECTOR ( 'NONE', #2859, 1000.000000000000000 ) ;
#1072 = FACE_OUTER_BOUND ( 'NONE', #618, .T. ) ;
#1073 = PLANE ( 'NONE',  #2890 ) ;
#1074 = CARTESIAN_POINT ( 'NONE',  ( -1.926914854779128383, -1.239705875688009717, -22.91920371027625336 ) ) ;
#1075 = VERTEX_POINT ( 'NONE', #1185 ) ;
#1076 = ADVANCED_FACE ( 'NONE', ( #368 ), #2625, .F. ) ;
#1077 = DIRECTION ( 'NONE',  ( -1.000000000000000000, 1.170307564732575308E-17, -7.380364504620074085E-19 ) ) ;
#1078 = DIRECTION ( 'NONE',  ( 1.000000000000000000, 3.491481338843133355E-15, -2.845674993400287744E-16 ) ) ;
#1079 = AXIS2_PLACEMENT_3D ( 'NONE', #2976, #2125, #741 ) ;
#1080 = CARTESIAN_POINT ( 'NONE',  ( 2.414972215164790992, -1.112515051892805751, -28.19399999999999551 ) ) ;
#1081 = CARTESIAN_POINT ( 'NONE',  ( -4.064000000000018709, 3.070944832876600028, 25.45578960498086829 ) ) ;
#1082 = ORIENTED_EDGE ( 'NONE', *, *, #1717, .F. ) ;
#1083 = ORIENTED_EDGE ( 'NONE', *, *, #2310, .T. ) ;
#1084 = VECTOR ( 'NONE', #2717, 1000.000000000000000 ) ;
#1085 = VECTOR ( 'NONE', #2584, 1000.000000000000000 ) ;
#1086 = CARTESIAN_POINT ( 'NONE',  ( -4.064000000000019597, 3.873499999999999055, 27.71507286209165954 ) ) ;
#1087 = FILL_AREA_STYLE_COLOUR ( '', #995 ) ;
#1088 = LINE ( 'NONE', #2847, #2823 ) ;
#1089 = EDGE_CURVE ( 'NONE', #1996, #553, #174, .T. ) ;
#1090 = VECTOR ( 'NONE', #216, 1000.000000000000000 ) ;
#1091 = DIRECTION ( 'NONE',  ( -3.414809992080318866E-15, 1.000000000000000000, 0.000000000000000000 ) ) ;
#1092 = ADVANCED_FACE ( 'NONE', ( #3427 ), #2583, .T. ) ;
#1093 = VERTEX_POINT ( 'NONE', #1756 ) ;
#1094 = EDGE_LOOP ( 'NONE', ( #3328, #1259, #3004, #1139 ) ) ;
#1095 = VERTEX_POINT ( 'NONE', #48 ) ;
#1096 = ORIENTED_EDGE ( 'NONE', *, *, #1999, .F. ) ;
#1097 = CONTEXT_DEPENDENT_SHAPE_REPRESENTATION ( #3625, #563 ) ;
#1098 = CARTESIAN_POINT ( 'NONE',  ( -4.064000000000003610, 0.000000000000000000, -10.08820225350369526 ) ) ;
#1099 = LINE ( 'NONE', #2794, #3461 ) ;
#1100 = DIRECTION ( 'NONE',  ( -1.000000000000000000, 3.491481338843133750E-15, -0.000000000000000000 ) ) ;
#1101 = ORIENTED_EDGE ( 'NONE', *, *, #827, .F. ) ;
#1102 = EDGE_CURVE ( 'NONE', #1700, #1694, #2716, .T. ) ;
#1103 = CARTESIAN_POINT ( 'NONE',  ( -3.174594213943958465, 1.594929167790717361, 17.90344264196896518 ) ) ;
#1104 = LINE ( 'NONE', #1211, #207 ) ;
#1105 = CARTESIAN_POINT ( 'NONE',  ( -4.064000000000004498, 1.015999999999999570, -8.509000000000010999 ) ) ;
#1106 = DIRECTION ( 'NONE',  ( -1.000000000000000000, 0.000000000000000000, 4.268512490100411402E-16 ) ) ;
#1107 = ORIENTED_EDGE ( 'NONE', *, *, #3574, .F. ) ;
#1108 = PLANE ( 'NONE',  #760 ) ;
#1109 = ORIENTED_EDGE ( 'NONE', *, *, #2145, .F. ) ;
#1110 = DIRECTION ( 'NONE',  ( 1.000000000000000000, 0.000000000000000000, 4.400024020954809650E-16 ) ) ;
#1111 = CARTESIAN_POINT ( 'NONE',  ( 4.063999999999996504, 1.524000000000000687, -6.731000000000006089 ) ) ;
#1112 = AXIS2_PLACEMENT_3D ( 'NONE', #3083, #273, #3676 ) ;
#1113 = LINE ( 'NONE', #2236, #2104 ) ;
#1114 = CARTESIAN_POINT ( 'NONE',  ( -4.064000000000001833, -1.270000000000000018, -21.08199999999999719 ) ) ;
#1115 = MECHANICAL_DESIGN_GEOMETRIC_PRESENTATION_REPRESENTATION (  '', ( #756 ), #1701 ) ;
#1116 = CARTESIAN_POINT ( 'NONE',  ( 4.063999999999998280, -1.270000000000000018, -10.08820225350370237 ) ) ;
#1117 = CARTESIAN_POINT ( 'NONE',  ( -3.957033362795427056, 3.514236597775558302, 17.88743453082937052 ) ) ;
#1118 = EDGE_CURVE ( 'NONE', #2111, #2661, #3555, .T. ) ;
#1119 = MANIFOLD_SOLID_BREP ( 'Fillet3', #3251 ) ;
#1120 = CARTESIAN_POINT ( 'NONE',  ( 4.064000000000061341, 18.03399999999999892, -31.24200000000000443 ) ) ;
#1121 = ORIENTED_EDGE ( 'NONE', *, *, #1884, .F. ) ;
#1122 = VECTOR ( 'NONE', #2465, 1000.000000000000000 ) ;
#1123 = EDGE_LOOP ( 'NONE', ( #2450, #2541, #2653, #305 ) ) ;
#1124 = ORIENTED_EDGE ( 'NONE', *, *, #2342, .T. ) ;
#1125 = AXIS2_PLACEMENT_3D ( 'NONE', #3179, #1801, #2641 ) ;
#1126 = EDGE_CURVE ( 'NONE', #3628, #1161, #1278, .T. ) ;
#1127 = B_SPLINE_CURVE_WITH_KNOTS ( 'NONE', 3,
 ( #3592, #482, #2115, #2136, #714, #426, #751, #208, #2157, #1609, #3021, #2989, #463, #3572 ),
 .UNSPECIFIED., .F., .F.,
 ( 4, 2, 2, 2, 2, 2, 4 ),
 ( 0.000000000000000000, 0.0002176480050979876521, 0.0004352960101959753043, 0.0008705920203919409591, 0.001088240025489920371, 0.001305888030587899892, 0.001741184040783859150 ),
 .UNSPECIFIED. ) ;
#1128 = DIRECTION ( 'NONE',  ( -2.845674993400285279E-16, -0.000000000000000000, -1.000000000000000000 ) ) ;
#1129 = PLANE ( 'NONE',  #2323 ) ;
#1130 = AXIS2_PLACEMENT_3D ( 'NONE', #1891, #1958, #3052 ) ;
#1131 = LINE ( 'NONE', #2253, #2558 ) ;
#1132 = CARTESIAN_POINT ( 'NONE',  ( 1.524000000000002020, 1.269999999999999796, -31.24200000000000443 ) ) ;
#1133 = FACE_OUTER_BOUND ( 'NONE', #2454, .T. ) ;
#1134 = PLANE ( 'NONE',  #1885 ) ;
#1135 = LINE ( 'NONE', #150, #3506 ) ;
#1136 = FACE_OUTER_BOUND ( 'NONE', #256, .T. ) ;
#1137 = AXIS2_PLACEMENT_3D ( 'NONE', #191, #170, #1854 ) ;
#1138 = ORIENTED_EDGE ( 'NONE', *, *, #3110, .F. ) ;
#1139 = ORIENTED_EDGE ( 'NONE', *, *, #1362, .T. ) ;
#1140 = CIRCLE ( 'NONE', #2017, 1.270000000000000240 ) ;
#1141 = FACE_OUTER_BOUND ( 'NONE', #2074, .T. ) ;
#1142 = EDGE_LOOP ( 'NONE', ( #3488, #1753, #2786, #758 ) ) ;
#1143 = VECTOR ( 'NONE', #2237, 1000.000000000000000 ) ;
#1144 = DIRECTION ( 'NONE',  ( -1.000000000000000000, 0.000000000000000000, 0.000000000000000000 ) ) ;
#1145 = PRODUCT_DEFINITION_CONTEXT ( 'detailed design', #645, 'design' ) ;
#1146 = ORIENTED_EDGE ( 'NONE', *, *, #2957, .T. ) ;
#1147 = PRODUCT_DEFINITION_FORMATION_WITH_SPECIFIED_SOURCE ( 'ANY', '', #1418, .NOT_KNOWN. ) ;
#1148 = EDGE_CURVE ( 'NONE', #2370, #1040, #2018, .T. ) ;
#1149 = FACE_OUTER_BOUND ( 'NONE', #1070, .T. ) ;
#1150 = DIRECTION ( 'NONE',  ( 3.414809992080328037E-16, 0.000000000000000000, -1.000000000000000000 ) ) ;
#1151 = VECTOR ( 'NONE', #2838, 1000.000000000000000 ) ;
#1152 = EDGE_CURVE ( 'NONE', #2002, #3628, #2935, .T. ) ;
#1153 = LINE ( 'NONE', #816, #1774 ) ;
#1154 = CARTESIAN_POINT ( 'NONE',  ( -3.788878405162434682, 2.050652608382264042, 17.89810660492243954 ) ) ;
#1155 = LINE ( 'NONE', #1948, #768 ) ;
#1156 = FACE_OUTER_BOUND ( 'NONE', #1316, .T. ) ;
#1157 = CARTESIAN_POINT ( 'NONE',  ( 4.064000000000037360, 11.17599999999999838, -28.19400000000000261 ) ) ;
#1158 = EDGE_LOOP ( 'NONE', ( #2195, #1826, #971, #2800 ) ) ;
#1159 = DIRECTION ( 'NONE',  ( 1.000000000000000000, 0.000000000000000000, -0.000000000000000000 ) ) ;
#1160 = VERTEX_POINT ( 'NONE', #3575 ) ;
#1161 = VERTEX_POINT ( 'NONE', #185 ) ;
#1162 = CARTESIAN_POINT ( 'NONE',  ( 4.064000000000061341, 18.03399999999999892, -18.79600000000000648 ) ) ;
#1163 = DIRECTION ( 'NONE',  ( -0.000000000000000000, -1.000000000000000000, -0.000000000000000000 ) ) ;
#1164 = ADVANCED_FACE ( 'NONE', ( #1812 ), #428, .F. ) ;
#1165 = VERTEX_POINT ( 'NONE', #2681 ) ;
#1166 = EDGE_CURVE ( 'NONE', #2353, #2753, #2790, .T. ) ;
#1167 = CARTESIAN_POINT ( 'NONE',  ( -1.524000000000004018, -1.270000000000001128, -22.09800000000001319 ) ) ;
#1168 = ORIENTED_EDGE ( 'NONE', *, *, #4, .T. ) ;
#1169 = ADVANCED_FACE ( 'NONE', ( #3235 ), #1592, .F. ) ;
#1170 = CARTESIAN_POINT ( 'NONE',  ( 1.524000000000002020, 1.269999999999999796, -18.03400000000001668 ) ) ;
#1171 = DIRECTION ( 'NONE',  ( -7.889555165455265717E-17, 0.000000000000000000, 1.000000000000000000 ) ) ;
#1172 = CARTESIAN_POINT ( 'NONE',  ( 2.760962509387276054, 0.7619999999999998996, 29.97199999999997644 ) ) ;
#1173 = CARTESIAN_POINT ( 'NONE',  ( -2.540000000000001812, -1.270000000000001128, -26.16199999999999903 ) ) ;
#1174 = DIRECTION ( 'NONE',  ( -0.8191520442889946851, 0.5735764363510420516, 0.000000000000000000 ) ) ;
#1175 = CARTESIAN_POINT ( 'NONE',  ( -3.472200306001976156, 3.873499999999999499, 28.74009999999998399 ) ) ;
#1176 = CARTESIAN_POINT ( 'NONE',  ( 4.064000000000037360, 11.17599999999999660, -31.24200000000000443 ) ) ;
#1177 = CARTESIAN_POINT ( 'NONE',  ( 2.285776816887720386, -1.156331700885952163, -21.10565079118914156 ) ) ;
#1178 = ADVANCED_FACE ( 'NONE', ( #3256 ), #3351, .F. ) ;
#1179 = VERTEX_POINT ( 'NONE', #393 ) ;
#1180 = EDGE_CURVE ( 'NONE', #2917, #166, #2659, .T. ) ;
#1181 = DIRECTION ( 'NONE',  ( 1.000000000000000000, 3.491481338843132961E-15, -2.845674993400287744E-16 ) ) ;
#1182 = ORIENTED_EDGE ( 'NONE', *, *, #880, .T. ) ;
#1183 = VERTEX_POINT ( 'NONE', #1238 ) ;
#1184 = VECTOR ( 'NONE', #2216, 1000.000000000000000 ) ;
#1185 = CARTESIAN_POINT ( 'NONE',  ( 2.794000000000002260, 1.269999999999995577, -31.24200000000000443 ) ) ;
#1186 = DIRECTION ( 'NONE',  ( -0.5735764363510419406, -0.8191520442889947962, 0.000000000000000000 ) ) ;
#1187 = CARTESIAN_POINT ( 'NONE',  ( 2.794000000000061323, 18.03400000000000247, -18.79600000000000648 ) ) ;
#1188 = LINE ( 'NONE', #2530, #1514 ) ;
#1189 = CARTESIAN_POINT ( 'NONE',  ( 4.064000000000061341, 18.03399999999999892, -28.19400000000000261 ) ) ;
#1190 = ORIENTED_EDGE ( 'NONE', *, *, #2416, .T. ) ;
#1191 = CARTESIAN_POINT ( 'NONE',  ( 0.000000000000000000, -1.270000000000000018, 0.000000000000000000 ) ) ;
#1192 = CARTESIAN_POINT ( 'NONE',  ( -4.064000000000020485, 1.371599999999999930, 28.74009999999998399 ) ) ;
#1193 = CARTESIAN_POINT ( 'NONE',  ( 1.523999999999997579, -1.270000000000000018, -26.16200000000000614 ) ) ;
#1194 = DIRECTION ( 'NONE',  ( 1.000000000000000000, 0.000000000000000000, 4.400024020954809650E-16 ) ) ;
#1195 = CARTESIAN_POINT ( 'NONE',  ( 1.524000000000001798, -4.336808689942017736E-16, -17.01800000000001489 ) ) ;
#1196 = DIRECTION ( 'NONE',  ( 3.491481338843133355E-15, -1.000000000000000000, 5.058977766044933858E-16 ) ) ;
#1197 = ORIENTED_EDGE ( 'NONE', *, *, #3359, .T. ) ;
#1198 = EDGE_CURVE ( 'NONE', #679, #2763, #1327, .T. ) ;
#1199 = CIRCLE ( 'NONE', #3022, 1.270000000000000240 ) ;
#1200 = CARTESIAN_POINT ( 'NONE',  ( -4.064000000000064006, 18.03399999999997050, -23.87600000000000477 ) ) ;
#1201 = EDGE_LOOP ( 'NONE', ( #1917, #3598, #22, #1913 ) ) ;
#1202 = EDGE_LOOP ( 'NONE', ( #2694, #2340, #808, #3558 ) ) ;
#1203 = AXIS2_PLACEMENT_3D ( 'NONE', #694, #967, #199 ) ;
#1204 = AXIS2_PLACEMENT_3D ( 'NONE', #2347, #1212, #2332 ) ;
#1205 = FACE_OUTER_BOUND ( 'NONE', #2970, .T. ) ;
#1206 = CARTESIAN_POINT ( 'NONE',  ( -2.794000000000040451, 11.17599999999997351, -23.11400000000001143 ) ) ;
#1207 = CARTESIAN_POINT ( 'NONE',  ( -4.064000000000005386, 1.524000000000000687, -6.731000000000009642 ) ) ;
#1208 = VECTOR ( 'NONE', #1465, 1000.000000000000000 ) ;
#1209 = LINE ( 'NONE', #2045, #488 ) ;
#1210 = ORIENTED_EDGE ( 'NONE', *, *, #333, .T. ) ;
#1211 = CARTESIAN_POINT ( 'NONE',  ( -1.524000000000004462, -1.270000000000001128, -23.11400000000001143 ) ) ;
#1212 = DIRECTION ( 'NONE',  ( 1.000000000000000000, -3.491481338843133355E-15, 0.000000000000000000 ) ) ;
#1213 = CARTESIAN_POINT ( 'NONE',  ( 4.063999999999998280, -1.270000000000000018, -23.11400000000000787 ) ) ;
#1214 = CARTESIAN_POINT ( 'NONE',  ( 3.472200306001973491, 2.603499999999999481, 28.74009999999998755 ) ) ;
#1215 = AXIS2_PLACEMENT_3D ( 'NONE', #3267, #458, #476 ) ;
#1216 = VECTOR ( 'NONE', #2599, 1000.000000000000000 ) ;
#1217 = CARTESIAN_POINT ( 'NONE',  ( -3.472200306001975267, 2.603499999999999481, 28.74009999999998399 ) ) ;
#1218 = CARTESIAN_POINT ( 'NONE',  ( 4.063999999999981405, 3.872200337291648697, 27.63382880116865437 ) ) ;
#1219 = EDGE_CURVE ( 'NONE', #1233, #2851, #2700, .T. ) ;
#1220 = ORIENTED_EDGE ( 'NONE', *, *, #2101, .T. ) ;
#1221 = CARTESIAN_POINT ( 'NONE',  ( 2.794000000000037343, 11.17600000000000193, -31.24200000000000443 ) ) ;
#1222 = ORIENTED_EDGE ( 'NONE', *, *, #3236, .F. ) ;
#1223 = DIRECTION ( 'NONE',  ( -1.000000000000000000, 0.000000000000000000, 0.000000000000000000 ) ) ;
#1224 = EDGE_CURVE ( 'NONE', #128, #2353, #2082, .T. ) ;
#1225 = LINE ( 'NONE', #3163, #1013 ) ;
#1226 = ORIENTED_EDGE ( 'NONE', *, *, #1246, .T. ) ;
#1227 = CARTESIAN_POINT ( 'NONE',  ( 4.063999999999998280, -1.270000000000000018, -23.11400000000000787 ) ) ;
#1228 = DIRECTION ( 'NONE',  ( 1.000000000000000000, 0.000000000000000000, 4.400024020954809157E-16 ) ) ;
#1229 = DIRECTION ( 'NONE',  ( 0.000000000000000000, 0.000000000000000000, -1.000000000000000000 ) ) ;
#1230 = CARTESIAN_POINT ( 'NONE',  ( 1.769627390361343311, 0.01894527586399875549, -21.42052903031330757 ) ) ;
#1231 = CARTESIAN_POINT ( 'NONE',  ( -1.987378498551000572, 0.08576871003060874965, -26.32274778607674293 ) ) ;
#1232 = FACE_OUTER_BOUND ( 'NONE', #3019, .T. ) ;
#1233 = VERTEX_POINT ( 'NONE', #2931 ) ;
#1234 = DIRECTION ( 'NONE',  ( -1.000000000000000000, -3.491481338843133355E-15, 2.845674993400288237E-16 ) ) ;
#1235 = EDGE_CURVE ( 'NONE', #1179, #3100, #3457, .T. ) ;
#1236 = VECTOR ( 'NONE', #1229, 1000.000000000000000 ) ;
#1237 = ORIENTED_EDGE ( 'NONE', *, *, #83, .T. ) ;
#1238 = CARTESIAN_POINT ( 'NONE',  ( 4.063999999999998280, -1.270000000000000018, -10.08820225350370237 ) ) ;
#1239 = VECTOR ( 'NONE', #2927, 1000.000000000000000 ) ;
#1240 = AXIS2_PLACEMENT_3D ( 'NONE', #3509, #929, #3441 ) ;
#1241 = CARTESIAN_POINT ( 'NONE',  ( 4.064000000000037360, 11.17599999999999660, -31.24200000000000443 ) ) ;
#1242 = ORIENTED_EDGE ( 'NONE', *, *, #1939, .T. ) ;
#1243 = CARTESIAN_POINT ( 'NONE',  ( -2.687770957298317498, 2.806826999999997074, 17.90522014452535871 ) ) ;
#1244 = EDGE_CURVE ( 'NONE', #1233, #886, #446, .T. ) ;
#1245 = CARTESIAN_POINT ( 'NONE',  ( 4.064000000000037360, 11.17599999999999838, -28.19400000000000261 ) ) ;
#1246 = EDGE_CURVE ( 'NONE', #106, #3337, #2112, .T. ) ;
#1247 = LINE ( 'NONE', #759, #1439 ) ;
#1248 = CARTESIAN_POINT ( 'NONE',  ( 4.063999999999997392, 1.015999999999999570, -8.509000000000007446 ) ) ;
#1249 = DIRECTION ( 'NONE',  ( -1.000000000000000000, 0.000000000000000000, 3.414809992080328037E-16 ) ) ;
#1250 = CARTESIAN_POINT ( 'NONE',  ( 4.064000000000061341, 18.03399999999999892, -29.71800000000000352 ) ) ;
#1251 = ORIENTED_EDGE ( 'NONE', *, *, #2902, .F. ) ;
#1252 = VECTOR ( 'NONE', #1110, 1000.000000000000000 ) ;
#1253 = ADVANCED_FACE ( 'NONE', ( #1631 ), #2192, .F. ) ;
#1254 = CYLINDRICAL_SURFACE ( 'NONE', #3588, 0.7620000000000022311 ) ;
#1255 = VERTEX_POINT ( 'NONE', #2506 ) ;
#1256 = PRESENTATION_STYLE_ASSIGNMENT (( #1015 ) ) ;
#1257 = AXIS2_PLACEMENT_3D ( 'NONE', #2308, #3458, #398 ) ;
#1258 = CARTESIAN_POINT ( 'NONE',  ( -4.064000000000004498, 1.016000000000008230, -7.239000000000011426 ) ) ;
#1259 = ORIENTED_EDGE ( 'NONE', *, *, #1334, .F. ) ;
#1260 = VECTOR ( 'NONE', #2015, 1000.000000000000000 ) ;
#1261 = VECTOR ( 'NONE', #2384, 1000.000000000000000 ) ;
#1262 = CARTESIAN_POINT ( 'NONE',  ( 2.042794389452226689, -1.219656851924080465, -17.91372364049566812 ) ) ;
#1263 = CARTESIAN_POINT ( 'NONE',  ( 2.794000000000037343, 11.17600000000000193, -28.95600000000000662 ) ) ;
#1264 = APPLICATION_CONTEXT ( 'automotive_design' ) ;
#1265 = DIRECTION ( 'NONE',  ( 0.000000000000000000, 0.000000000000000000, -1.000000000000000000 ) ) ;
#1266 = CARTESIAN_POINT ( 'NONE',  ( 4.064000000000003610, 1.269999999999992912, -21.08199999999999719 ) ) ;
#1267 = CARTESIAN_POINT ( 'NONE',  ( -2.667000000000002480, 2.920999999999997154, 17.90699999999998582 ) ) ;
#1268 = LINE ( 'NONE', #984, #682 ) ;
#1269 = FACE_OUTER_BOUND ( 'NONE', #1864, .T. ) ;
#1270 = ORIENTED_EDGE ( 'NONE', *, *, #3066, .T. ) ;
#1271 = ORIENTED_EDGE ( 'NONE', *, *, #1345, .F. ) ;
#1272 = EDGE_CURVE ( 'NONE', #679, #1369, #1914, .T. ) ;
#1273 = STYLED_ITEM ( 'NONE', ( #2943 ), #3660 ) ;
#1274 = AXIS2_PLACEMENT_3D ( 'NONE', #2843, #2269, #2863 ) ;
#1275 = VECTOR ( 'NONE', #3528, 1000.000000000000000 ) ;
#1276 = DIRECTION ( 'NONE',  ( 1.000000000000000000, 0.000000000000000000, 4.400024020954809650E-16 ) ) ;
#1277 = ORIENTED_EDGE ( 'NONE', *, *, #3080, .F. ) ;
#1278 = LINE ( 'NONE', #736, #110 ) ;
#1279 = ORIENTED_EDGE ( 'NONE', *, *, #1632, .T. ) ;
#1280 = VERTEX_POINT ( 'NONE', #786 ) ;
#1281 = ADVANCED_FACE ( 'NONE', ( #3041 ), #3350, .T. ) ;
#1282 = EDGE_CURVE ( 'NONE', #1437, #3538, #1104, .T. ) ;
#1283 = DIRECTION ( 'NONE',  ( -1.000000000000000000, 0.000000000000000000, 0.000000000000000000 ) ) ;
#1284 = ORIENTED_EDGE ( 'NONE', *, *, #2777, .F. ) ;
#1285 = CARTESIAN_POINT ( 'NONE',  ( 1.524000000000000687, 0.000000000000000000, -16.00200000000000955 ) ) ;
#1286 = PRODUCT_DEFINITION ( 'UNKNOWN', '', #1147, #1145 ) ;
#1287 = LINE ( 'NONE', #2129, #3117 ) ;
#1288 = FILL_AREA_STYLE_COLOUR ( '', #3537 ) ;
#1289 = CARTESIAN_POINT ( 'NONE',  ( 4.064000000000037360, 11.17599999999999838, -28.19400000000000261 ) ) ;
#1290 = CARTESIAN_POINT ( 'NONE',  ( -1.524000000000006461, -8.673617379884035472E-16, -27.17799999999999727 ) ) ;
#1291 = LINE ( 'NONE', #2133, #3273 ) ;
#1292 = ORIENTED_EDGE ( 'NONE', *, *, #2316, .T. ) ;
#1293 = ORIENTED_EDGE ( 'NONE', *, *, #2012, .F. ) ;
#1294 = EDGE_CURVE ( 'NONE', #1165, #1700, #2920, .T. ) ;
#1295 = DIRECTION ( 'NONE',  ( -1.000000000000000000, -0.000000000000000000, -2.731847993664263613E-15 ) ) ;
#1296 = ORIENTED_EDGE ( 'NONE', *, *, #2557, .T. ) ;
#1297 = ADVANCED_FACE ( 'NONE', ( #2331 ), #1946, .T. ) ;
#1298 = CARTESIAN_POINT ( 'NONE',  ( -4.064000000000003610, -1.270000000000000018, -9.271000000000009678 ) ) ;
#1299 = CIRCLE ( 'NONE', #2715, 1.270000000000000240 ) ;
#1300 = LINE ( 'NONE', #2417, #937 ) ;
#1301 = AXIS2_PLACEMENT_3D ( 'NONE', #1162, #643, #859 ) ;
#1302 = ORIENTED_EDGE ( 'NONE', *, *, #969, .T. ) ;
#1303 = VECTOR ( 'NONE', #2266, 1000.000000000000000 ) ;
#1304 = CARTESIAN_POINT ( 'NONE',  ( 4.064000000000061341, 18.03399999999999892, -30.48000000000000043 ) ) ;
#1305 = VERTEX_POINT ( 'NONE', #650 ) ;
#1306 = DIRECTION ( 'NONE',  ( -4.400024020954809650E-16, 6.829619984160666921E-15, 1.000000000000000000 ) ) ;
#1307 = LINE ( 'NONE', #744, #3498 ) ;
#1308 = VECTOR ( 'NONE', #3456, 1000.000000000000000 ) ;
#1309 = CARTESIAN_POINT ( 'NONE',  ( 1.308171906009277731E-16, 11.17599999999993088, -0.03199999999996608335 ) ) ;
#1310 = DIRECTION ( 'NONE',  ( 1.000000000000000000, -3.491481338843132961E-15, 0.000000000000000000 ) ) ;
#1311 = CARTESIAN_POINT ( 'NONE',  ( -1.524000000000006461, 1.269999999999999352, -26.16199999999999903 ) ) ;
#1312 = DIRECTION ( 'NONE',  ( -0.000000000000000000, -0.000000000000000000, -1.000000000000000000 ) ) ;
#1313 = EDGE_LOOP ( 'NONE', ( #2977, #2771, #478, #2966 ) ) ;
#1314 = ORIENTED_EDGE ( 'NONE', *, *, #1851, .T. ) ;
#1315 = FACE_OUTER_BOUND ( 'NONE', #169, .T. ) ;
#1316 = EDGE_LOOP ( 'NONE', ( #3027, #1894, #1373, #3595, #2891 ) ) ;
#1317 = EDGE_CURVE ( 'NONE', #2753, #3009, #1781, .T. ) ;
#1318 = VECTOR ( 'NONE', #1379, 1000.000000000000000 ) ;
#1319 = ORIENTED_EDGE ( 'NONE', *, *, #279, .T. ) ;
#1320 = AXIS2_PLACEMENT_3D ( 'NONE', #1512, #2293, #1729 ) ;
#1321 = CYLINDRICAL_SURFACE ( 'NONE', #3387, 2.032000000000000917 ) ;
#1322 = ORIENTED_EDGE ( 'NONE', *, *, #114, .T. ) ;
#1323 = AXIS2_PLACEMENT_3D ( 'NONE', #2164, #1056, #511 ) ;
#1324 = LINE ( 'NONE', #172, #2083 ) ;
#1325 = CARTESIAN_POINT ( 'NONE',  ( 2.540000000000003588, -1.270000000000000684, -18.03400000000001668 ) ) ;
#1326 = VECTOR ( 'NONE', #2889, 1000.000000000000000 ) ;
#1327 = CIRCLE ( 'NONE', #378, 2.540000000000000480 ) ;
#1328 = CARTESIAN_POINT ( 'NONE',  ( -2.760962509387274721, 1.371600000000000152, 29.97199999999997999 ) ) ;
#1329 = DIRECTION ( 'NONE',  ( 0.000000000000000000, 1.000000000000000000, 2.731847993664262824E-15 ) ) ;
#1330 = DIRECTION ( 'NONE',  ( -1.000000000000000000, 0.000000000000000000, 0.000000000000000000 ) ) ;
#1331 = EDGE_LOOP ( 'NONE', ( #1614, #3174, #3410, #800 ) ) ;
#1332 = VECTOR ( 'NONE', #1943, 1000.000000000000000 ) ;
#1333 = ORIENTED_EDGE ( 'NONE', *, *, #2294, .T. ) ;
#1334 = EDGE_CURVE ( 'NONE', #1000, #782, #1400, .T. ) ;
#1335 = LINE ( 'NONE', #1843, #953 ) ;
#1336 = ORIENTED_EDGE ( 'NONE', *, *, #2883, .T. ) ;
#1337 = VECTOR ( 'NONE', #892, 1000.000000000000000 ) ;
#1338 = LINE ( 'NONE', #1937, #2119 ) ;
#1339 = ORIENTED_EDGE ( 'NONE', *, *, #3437, .F. ) ;
#1340 = ORIENTED_EDGE ( 'NONE', *, *, #980, .T. ) ;
#1341 = ADVANCED_FACE ( 'NONE', ( #2644 ), #549, .T. ) ;
#1342 = CARTESIAN_POINT ( 'NONE',  ( 1.524000000000001798, -4.336808689942017736E-16, -31.24200000000000443 ) ) ;
#1343 = EDGE_LOOP ( 'NONE', ( #342, #1319, #3637, #486 ) ) ;
#1344 = DIRECTION ( 'NONE',  ( 3.414809992080328037E-16, -0.000000000000000000, 1.000000000000000000 ) ) ;
#1345 = EDGE_CURVE ( 'NONE', #388, #1936, #3086, .T. ) ;
#1346 = DIRECTION ( 'NONE',  ( 1.000000000000000000, 0.000000000000000000, 0.000000000000000000 ) ) ;
#1347 = DIRECTION ( 'NONE',  ( -0.8191520442889945741, 0.5735764363510419406, -0.000000000000000000 ) ) ;
#1348 = DIRECTION ( 'NONE',  ( 4.400024020954809157E-16, 0.000000000000000000, -1.000000000000000000 ) ) ;
#1349 = DIRECTION ( 'NONE',  ( -1.000000000000000000, 0.000000000000000000, 0.000000000000000000 ) ) ;
#1350 = ORIENTED_EDGE ( 'NONE', *, *, #670, .T. ) ;
#1351 = EDGE_LOOP ( 'NONE', ( #1898, #3321, #1918, #3132 ) ) ;
#1352 = DIRECTION ( 'NONE',  ( 0.000000000000000000, -1.000000000000000000, 0.000000000000000000 ) ) ;
#1353 = VECTOR ( 'NONE', #780, 1000.000000000000000 ) ;
#1354 = LINE ( 'NONE', #1067, #1084 ) ;
#1355 = ORIENTED_EDGE ( 'NONE', *, *, #1793, .T. ) ;
#1356 = VERTEX_POINT ( 'NONE', #608 ) ;
#1357 = ORIENTED_EDGE ( 'NONE', *, *, #222, .T. ) ;
#1358 = DIRECTION ( 'NONE',  ( 0.5735764363510420516, 0.8191520442889946851, 0.000000000000000000 ) ) ;
#1359 = VERTEX_POINT ( 'NONE', #1206 ) ;
#1360 = FACE_OUTER_BOUND ( 'NONE', #1667, .T. ) ;
#1361 = VECTOR ( 'NONE', #1582, 1000.000000000000000 ) ;
#1362 = EDGE_CURVE ( 'NONE', #3578, #3373, #3429, .T. ) ;
#1363 = ADVANCED_FACE ( 'NONE', ( #1697 ), #308, .F. ) ;
#1364 = DIRECTION ( 'NONE',  ( -3.491481338843134144E-15, -1.000000000000000000, -0.000000000000000000 ) ) ;
#1365 = CARTESIAN_POINT ( 'NONE',  ( -0.9704313166250194689, 7.779546356945792773, 16.52133202856827765 ) ) ;
#1366 = CARTESIAN_POINT ( 'NONE',  ( -2.760962509387274721, 0.7619999999999998996, 29.97199999999997999 ) ) ;
#1367 = ORIENTED_EDGE ( 'NONE', *, *, #633, .T. ) ;
#1368 = FACE_OUTER_BOUND ( 'NONE', #3426, .T. ) ;
#1369 = VERTEX_POINT ( 'NONE', #3160 ) ;
#1370 = AXIS2_PLACEMENT_3D ( 'NONE', #2388, #2090, #2670 ) ;
#1371 = SURFACE_SIDE_STYLE ('',( #125 ) ) ;
#1372 = CARTESIAN_POINT ( 'NONE',  ( -2.287121215343692615, -1.155939997104629580, -26.18523286739852907 ) ) ;
#1373 = ORIENTED_EDGE ( 'NONE', *, *, #3522, .F. ) ;
#1374 = EDGE_LOOP ( 'NONE', ( #163, #1393, #25, #1559, #3270, #715, #2543, #519 ) ) ;
#1375 = EDGE_CURVE ( 'NONE', #407, #24, #882, .T. ) ;
#1376 = ORIENTED_EDGE ( 'NONE', *, *, #1518, .T. ) ;
#1377 = DIRECTION ( 'NONE',  ( -0.5735764363510419406, -0.8191520442889946851, 0.000000000000000000 ) ) ;
#1378 = VECTOR ( 'NONE', #2363, 1000.000000000000000 ) ;
#1379 = DIRECTION ( 'NONE',  ( -3.414809992080328037E-16, 0.000000000000000000, -1.000000000000000000 ) ) ;
#1380 = CARTESIAN_POINT ( 'NONE',  ( -4.064000000000001833, 2.793999999999996486, 18.41499999999998138 ) ) ;
#1381 = EDGE_LOOP ( 'NONE', ( #121, #2802, #1515, #487 ) ) ;
#1382 = AXIS2_PLACEMENT_3D ( 'NONE', #1250, #3529, #597 ) ;
#1383 = AXIS2_PLACEMENT_3D ( 'NONE', #802, #1931, #1845 ) ;
#1384 = CARTESIAN_POINT ( 'NONE',  ( 4.064000000000061341, 18.03399999999999892, -19.55800000000000693 ) ) ;
#1385 = FACE_OUTER_BOUND ( 'NONE', #1202, .T. ) ;
#1386 = AXIS2_PLACEMENT_3D ( 'NONE', #232, #2533, #1062 ) ;
#1387 = DIRECTION ( 'NONE',  ( 6.829619984160656074E-16, -3.278217592397115073E-14, -1.000000000000000000 ) ) ;
#1388 = ADVANCED_FACE ( 'NONE', ( #3177 ), #2896, .F. ) ;
#1389 = VERTEX_POINT ( 'NONE', #72 ) ;
#1390 = ADVANCED_FACE ( 'NONE', ( #2023 ), #626, .T. ) ;
#1391 = ORIENTED_EDGE ( 'NONE', *, *, #3045, .T. ) ;
#1392 = PRESENTATION_LAYER_ASSIGNMENT (  '', '', ( #1273 ) ) ;
#1393 = ORIENTED_EDGE ( 'NONE', *, *, #3060, .F. ) ;
#1394 = DIRECTION ( 'NONE',  ( 1.000000000000000000, -3.414809992080328333E-15, 0.000000000000000000 ) ) ;
#1395 = EDGE_CURVE ( 'NONE', #1810, #1936, #1479, .T. ) ;
#1396 = PLANE ( 'NONE',  #532 ) ;
#1397 = DIRECTION ( 'NONE',  ( 0.000000000000000000, 0.000000000000000000, 1.000000000000000000 ) ) ;
#1398 = PRODUCT_RELATED_PRODUCT_CATEGORY ( 'part', '', ( #1997 ) ) ;
#1399 = DIRECTION ( 'NONE',  ( 3.594536833768769572E-16, -5.324407685019990225E-15, -1.000000000000000000 ) ) ;
#1400 = LINE ( 'NONE', #1524, #785 ) ;
#1401 = DIRECTION ( 'NONE',  ( 0.5713938048432658512, 0.8160349234517116912, -0.08715574274765182372 ) ) ;
#1402 = AXIS2_PLACEMENT_3D ( 'NONE', #1504, #33, #356 ) ;
#1403 = FACE_OUTER_BOUND ( 'NONE', #3609, .T. ) ;
#1404 = EDGE_LOOP ( 'NONE', ( #2141, #915, #209, #2876 ) ) ;
#1405 = ORIENTED_EDGE ( 'NONE', *, *, #3616, .F. ) ;
#1406 = ADVANCED_FACE ( 'NONE', ( #2043 ), #2285, .F. ) ;
#1407 = EDGE_CURVE ( 'NONE', #171, #166, #1225, .T. ) ;
#1408 = LINE ( 'NONE', #1098, #2721 ) ;
#1409 = DIRECTION ( 'NONE',  ( 1.000000000000000000, -3.491481338843134144E-15, 0.000000000000000000 ) ) ;
#1410 = DIRECTION ( 'NONE',  ( 0.8191520442889946851, -0.5735764363510419406, 0.000000000000000000 ) ) ;
#1411 = VECTOR ( 'NONE', #2689, 1000.000000000000000 ) ;
#1412 = PLANE ( 'NONE',  #1655 ) ;
#1413 = CARTESIAN_POINT ( 'NONE',  ( 2.165647298788187403, 0.1717107636482429478, -17.96457379977877267 ) ) ;
#1414 = FACE_OUTER_BOUND ( 'NONE', #668, .T. ) ;
#1415 = VECTOR ( 'NONE', #1788, 1000.000000000000114 ) ;
#1416 = ORIENTED_EDGE ( 'NONE', *, *, #2394, .F. ) ;
#1417 = ORIENTED_EDGE ( 'NONE', *, *, #2806, .F. ) ;
#1418 = PRODUCT ( 'PC5930T', 'PC5930T', '', ( #3289 ) ) ;
#1419 = CARTESIAN_POINT ( 'NONE',  ( -2.540000000000002256, -1.057948453037569569, -23.11400000000001143 ) ) ;
#1420 = ADVANCED_FACE ( 'NONE', ( #957 ), #2360, .F. ) ;
#1421 = ORIENTED_EDGE ( 'NONE', *, *, #827, .T. ) ;
#1422 = CARTESIAN_POINT ( 'NONE',  ( 3.472200306001972159, 3.873499999999999499, 28.74009999999998755 ) ) ;
#1423 = CARTESIAN_POINT ( 'NONE',  ( -2.771032309624704926, 2.993844207416579195, 14.60499999999998622 ) ) ;
#1424 = ORIENTED_EDGE ( 'NONE', *, *, #1507, .F. ) ;
#1425 = EDGE_CURVE ( 'NONE', #3155, #1356, #1482, .T. ) ;
#1426 = ORIENTED_EDGE ( 'NONE', *, *, #749, .F. ) ;
#1427 = AXIS2_PLACEMENT_3D ( 'NONE', #1760, #2587, #905 ) ;
#1428 = LINE ( 'NONE', #1783, #2591 ) ;
#1429 = CARTESIAN_POINT ( 'NONE',  ( -1.553184975957676128, 6.947287879948173206, 16.52133202856827765 ) ) ;
#1430 = LINE ( 'NONE', #1105, #2473 ) ;
#1431 = CARTESIAN_POINT ( 'NONE',  ( 1.586440883014094139, 0.001171114743146580740, -17.37613814955520297 ) ) ;
#1432 = DIRECTION ( 'NONE',  ( -0.8191520442889946851, 0.5735764363510418296, -0.000000000000000000 ) ) ;
#1433 = CARTESIAN_POINT ( 'NONE',  ( -1.531900039214418419, -7.001067658890571259E-05, -27.03217272933507331 ) ) ;
#1434 = CARTESIAN_POINT ( 'NONE',  ( -4.064000000000020485, 1.371600000000000152, 29.97199999999997999 ) ) ;
#1435 = VECTOR ( 'NONE', #2092, 1000.000000000000000 ) ;
#1436 = VECTOR ( 'NONE', #2306, 1000.000000000000000 ) ;
#1437 = VERTEX_POINT ( 'NONE', #1167 ) ;
#1438 = EDGE_CURVE ( 'NONE', #3538, #1255, #1610, .T. ) ;
#1439 = VECTOR ( 'NONE', #1526, 1000.000000000000000 ) ;
#1440 = CARTESIAN_POINT ( 'NONE',  ( 1.524000000000000909, -1.270000000000000018, -17.01800000000001489 ) ) ;
#1441 = EDGE_LOOP ( 'NONE', ( #2158, #330, #431, #569 ) ) ;
#1442 = DIRECTION ( 'NONE',  ( 4.400024020954809157E-16, 0.000000000000000000, -1.000000000000000000 ) ) ;
#1443 = UNCERTAINTY_MEASURE_WITH_UNIT (LENGTH_MEASURE( 1.000000000000000082E-05 ), #2924, 'distance_accuracy_value', 'NONE');
#1444 = ORIENTED_EDGE ( 'NONE', *, *, #252, .F. ) ;
#1445 = EDGE_CURVE ( 'NONE', #873, #1359, #1743, .T. ) ;
#1446 = CARTESIAN_POINT ( 'NONE',  ( -2.667000000000003368, 2.793999999999996930, 14.60499999999998622 ) ) ;
#1447 = DIRECTION ( 'NONE',  ( 1.000000000000000000, 0.000000000000000000, 4.400024020954809650E-16 ) ) ;
#1448 = ADVANCED_FACE ( 'NONE', ( #1778 ), #1522, .F. ) ;
#1449 = DIRECTION ( 'NONE',  ( 0.000000000000000000, 0.000000000000000000, 1.000000000000000000 ) ) ;
#1450 = DIRECTION ( 'NONE',  ( -1.000000000000000000, 0.000000000000000000, -2.731847993664263613E-15 ) ) ;
#1451 = DIRECTION ( 'NONE',  ( 0.000000000000000000, 0.000000000000000000, -1.000000000000000000 ) ) ;
#1452 = CARTESIAN_POINT ( 'NONE',  ( 1.523999999999999355, 0.000000000000000000, -22.09800000000000608 ) ) ;
#1453 = CARTESIAN_POINT ( 'NONE',  ( 1.734797220840275545, -1.263086752235425880, -21.46404620555168208 ) ) ;
#1454 = ORIENTED_EDGE ( 'NONE', *, *, #109, .T. ) ;
#1455 = ORIENTED_EDGE ( 'NONE', *, *, #2449, .T. ) ;
#1456 = CARTESIAN_POINT ( 'NONE',  ( 2.027727667516447951, 0.7619999999999987894, 31.24199999999998312 ) ) ;
#1457 = ORIENTED_EDGE ( 'NONE', *, *, #3489, .F. ) ;
#1458 = VERTEX_POINT ( 'NONE', #2898 ) ;
#1459 = DIRECTION ( 'NONE',  ( 4.400024020954809157E-16, 0.000000000000000000, -1.000000000000000000 ) ) ;
#1460 = DIRECTION ( 'NONE',  ( 0.000000000000000000, 1.000000000000000000, 0.000000000000000000 ) ) ;
#1461 = LINE ( 'NONE', #2304, #1071 ) ;
#1462 = EDGE_LOOP ( 'NONE', ( #3033, #1681, #1210, #2967 ) ) ;
#1463 = B_SPLINE_CURVE_WITH_KNOTS ( 'NONE', 3,
 ( #1021, #3559, #3222, #2105, #2724, #2146 ),
 .UNSPECIFIED., .F., .F.,
 ( 4, 2, 4 ),
 ( 0.000000000000000000, 0.5000000000000000000, 1.000000000000000000 ),
 .UNSPECIFIED. ) ;
#1464 = CARTESIAN_POINT ( 'NONE',  ( 4.063999999999998280, 0.7619999999999998996, -8.509000000000005670 ) ) ;
#1465 = DIRECTION ( 'NONE',  ( 4.400024020954809157E-16, 1.360482068557900432E-16, -1.000000000000000000 ) ) ;
#1466 = ADVANCED_FACE ( 'NONE', ( #2005 ), #3478, .F. ) ;
#1467 = CARTESIAN_POINT ( 'NONE',  ( 4.064000000000037360, 11.17599999999999660, -30.48000000000000398 ) ) ;
#1468 = EDGE_CURVE ( 'NONE', #3078, #1607, #2027, .T. ) ;
#1469 = CIRCLE ( 'NONE', #1478, 0.1269999999999999463 ) ;
#1470 = CARTESIAN_POINT ( 'NONE',  ( -4.064000000000040913, 11.17599999999996818, -23.11400000000001143 ) ) ;
#1471 = DIRECTION ( 'NONE',  ( 1.000000000000000000, 0.000000000000000000, 4.400024020954809650E-16 ) ) ;
#1472 = CARTESIAN_POINT ( 'NONE',  ( 4.064000000000003610, 1.269999999999993356, -29.71800000000000352 ) ) ;
#1473 = PLANE ( 'NONE',  #3085 ) ;
#1474 = ORIENTED_EDGE ( 'NONE', *, *, #3099, .T. ) ;
#1475 = CARTESIAN_POINT ( 'NONE',  ( 2.539999999999997815, 0.000000000000000000, -27.17800000000000082 ) ) ;
#1476 = ORIENTED_EDGE ( 'NONE', *, *, #3063, .F. ) ;
#1477 = VERTEX_POINT ( 'NONE', #3142 ) ;
#1478 = AXIS2_PLACEMENT_3D ( 'NONE', #2235, #2793, #2484 ) ;
#1479 = LINE ( 'NONE', #349, #1497 ) ;
#1480 = DIRECTION ( 'NONE',  ( 0.000000000000000000, 0.000000000000000000, 1.000000000000000000 ) ) ;
#1481 = ADVANCED_BREP_SHAPE_REPRESENTATION ( '', ( #3660, #1119, #3037 ), #389 ) ;
#1482 = LINE ( 'NONE', #3453, #661 ) ;
#1483 = ORIENTED_EDGE ( 'NONE', *, *, #3354, .F. ) ;
#1484 = CARTESIAN_POINT ( 'NONE',  ( 4.064000000000037360, 11.17599999999999660, -20.32000000000000739 ) ) ;
#1485 = FACE_OUTER_BOUND ( 'NONE', #201, .T. ) ;
#1486 = FACE_OUTER_BOUND ( 'NONE', #612, .T. ) ;
#1487 = CARTESIAN_POINT ( 'NONE',  ( 2.539999999999999147, -1.270000000000000018, -22.09800000000000608 ) ) ;
#1488 = DIRECTION ( 'NONE',  ( -3.491481338843133750E-15, -1.000000000000000000, 0.000000000000000000 ) ) ;
#1489 = DIRECTION ( 'NONE',  ( 4.710082747697006875E-16, 0.000000000000000000, -1.000000000000000000 ) ) ;
#1490 = CARTESIAN_POINT ( 'NONE',  ( -1.524000000000001354, -1.270000000000000018, -22.09800000000001319 ) ) ;
#1491 = ORIENTED_EDGE ( 'NONE', *, *, #630, .F. ) ;
#1492 = AXIS2_PLACEMENT_3D ( 'NONE', #385, #3153, #20 ) ;
#1493 = VECTOR ( 'NONE', #6, 1000.000000000000000 ) ;
#1494 = CARTESIAN_POINT ( 'NONE',  ( -4.064000000000019597, 0.1910848482187575970, 27.75163268950701223 ) ) ;
#1495 = ORIENTED_EDGE ( 'NONE', *, *, #1556, .F. ) ;
#1496 = VECTOR ( 'NONE', #524, 1000.000000000000000 ) ;
#1497 = VECTOR ( 'NONE', #644, 1000.000000000000000 ) ;
#1498 = LINE ( 'NONE', #570, #998 ) ;
#1499 = AXIS2_PLACEMENT_3D ( 'NONE', #3635, #3345, #1973 ) ;
#1500 = LINE ( 'NONE', #611, #2364 ) ;
#1501 = ORIENTED_EDGE ( 'NONE', *, *, #164, .F. ) ;
#1502 = CARTESIAN_POINT ( 'NONE',  ( -2.779570958578814643, 2.949180065790481198, 17.88921320984487906 ) ) ;
#1503 = DIRECTION ( 'NONE',  ( -8.537024980200913523E-16, -0.000000000000000000, 1.000000000000000000 ) ) ;
#1504 = CARTESIAN_POINT ( 'NONE',  ( -4.064000000000019597, 0.1910848482187575970, 27.75163268950701223 ) ) ;
#1505 = CARTESIAN_POINT ( 'NONE',  ( 4.064000000000000945, -1.270000000000000018, -16.00199999999999534 ) ) ;
#1506 = CARTESIAN_POINT ( 'NONE',  ( -4.044397713422622331, 3.265806144266213185, 17.88921320984488261 ) ) ;
#1507 = EDGE_CURVE ( 'NONE', #1638, #1075, #1500, .T. ) ;
#1508 = EDGE_CURVE ( 'NONE', #2002, #258, #1461, .T. ) ;
#1509 = CARTESIAN_POINT ( 'NONE',  ( 2.495917442623577287, 0.4492232568314345476, -21.08199999999999719 ) ) ;
#1510 = ADVANCED_FACE ( 'NONE', ( #331 ), #353, .T. ) ;
#1511 = AXIS2_PLACEMENT_3D ( 'NONE', #2998, #3304, #3050 ) ;
#1512 = CARTESIAN_POINT ( 'NONE',  ( -1.261808146291347743, 7.363417118446982101, 15.11299999999998533 ) ) ;
#1513 = CARTESIAN_POINT ( 'NONE',  ( 2.794000000000037343, 11.17600000000000193, -21.08200000000000074 ) ) ;
#1514 = VECTOR ( 'NONE', #842, 1000.000000000000000 ) ;
#1515 = ORIENTED_EDGE ( 'NONE', *, *, #3282, .T. ) ;
#1516 = DIRECTION ( 'NONE',  ( 4.710082747697006875E-16, 0.000000000000000000, -1.000000000000000000 ) ) ;
#1517 = ORIENTED_EDGE ( 'NONE', *, *, #3382, .F. ) ;
#1518 = EDGE_CURVE ( 'NONE', #2579, #2175, #52, .T. ) ;
#1519 = CARTESIAN_POINT ( 'NONE',  ( -2.413000000000001588, 2.793999999999996930, 17.90699999999998582 ) ) ;
#1520 = DIRECTION ( 'NONE',  ( 0.000000000000000000, 0.000000000000000000, -1.000000000000000000 ) ) ;
#1521 = ORIENTED_EDGE ( 'NONE', *, *, #2416, .F. ) ;
#1522 = CYLINDRICAL_SURFACE ( 'NONE', #2665, 1.015999999999999570 ) ;
#1523 = ORIENTED_EDGE ( 'NONE', *, *, #3323, .F. ) ;
#1524 = CARTESIAN_POINT ( 'NONE',  ( 4.064000000000000945, -1.270000000000000018, -16.00199999999999534 ) ) ;
#1525 = DIRECTION ( 'NONE',  ( 1.000000000000000000, 0.000000000000000000, 4.400024020954809650E-16 ) ) ;
#1526 = DIRECTION ( 'NONE',  ( 2.134256245050213836E-16, -0.000000000000000000, -1.000000000000000000 ) ) ;
#1527 = EDGE_CURVE ( 'NONE', #2683, #500, #1209, .T. ) ;
#1528 = CARTESIAN_POINT ( 'NONE',  ( -2.027727667516447951, 18.79599999999999937, 31.24199999999998312 ) ) ;
#1529 = CARTESIAN_POINT ( 'NONE',  ( 2.539999999999999147, 0.000000000000000000, -22.09800000000000608 ) ) ;
#1530 = CARTESIAN_POINT ( 'NONE',  ( 2.027727667516447951, 18.79599999999999937, 31.24199999999998312 ) ) ;
#1531 = DIRECTION ( 'NONE',  ( 0.000000000000000000, -0.9994883217683662169, 0.03198585075709088621 ) ) ;
#1532 = ORIENTED_EDGE ( 'NONE', *, *, #1468, .T. ) ;
#1533 = DIRECTION ( 'NONE',  ( -3.414809992080328037E-16, 0.000000000000000000, -1.000000000000000000 ) ) ;
#1534 = DIRECTION ( 'NONE',  ( -3.414809992080334249E-15, 1.000000000000000000, 0.000000000000000000 ) ) ;
#1535 = AXIS2_PLACEMENT_3D ( 'NONE', #2042, #918, #3195 ) ;
#1536 = ORIENTED_EDGE ( 'NONE', *, *, #3505, .F. ) ;
#1537 = DIRECTION ( 'NONE',  ( 8.537024980200913523E-16, -4.268512490100456762E-16, 1.000000000000000000 ) ) ;
#1538 = LINE ( 'NONE', #3237, #2529 ) ;
#1539 = ADVANCED_FACE ( 'NONE', ( #95 ), #863, .F. ) ;
#1540 = AXIS2_PLACEMENT_3D ( 'NONE', #1529, #318, #1451 ) ;
#1541 = ORIENTED_EDGE ( 'NONE', *, *, #3522, .T. ) ;
#1542 = EDGE_CURVE ( 'NONE', #31, #2852, #1686, .T. ) ;
#1543 = CYLINDRICAL_SURFACE ( 'NONE', #2614, 1.270000000000000240 ) ;
#1544 = LINE ( 'NONE', #2127, #903 ) ;
#1545 = CARTESIAN_POINT ( 'NONE',  ( -2.540000000000001368, -1.270000000000000018, -22.09800000000001319 ) ) ;
#1546 = LINE ( 'NONE', #134, #2770 ) ;
#1547 = DIRECTION ( 'NONE',  ( 0.000000000000000000, 0.000000000000000000, 1.000000000000000000 ) ) ;
#1548 = CARTESIAN_POINT ( 'NONE',  ( -1.261808146291348409, 7.363417118446982101, 14.60499999999998622 ) ) ;
#1549 = LINE ( 'NONE', #725, #3220 ) ;
#1550 = FACE_OUTER_BOUND ( 'NONE', #112, .T. ) ;
#1551 = ORIENTED_EDGE ( 'NONE', *, *, #1577, .F. ) ;
#1552 = ORIENTED_EDGE ( 'NONE', *, *, #270, .F. ) ;
#1553 = DIRECTION ( 'NONE',  ( 0.000000000000000000, 0.000000000000000000, -1.000000000000000000 ) ) ;
#1554 = VERTEX_POINT ( 'NONE', #2804 ) ;
#1555 = EDGE_CURVE ( 'NONE', #2391, #1936, #542, .T. ) ;
#1556 = EDGE_CURVE ( 'NONE', #3573, #3135, #247, .T. ) ;
#1557 = DIRECTION ( 'NONE',  ( 0.000000000000000000, 1.360482068557900432E-16, -1.000000000000000000 ) ) ;
#1558 = EDGE_LOOP ( 'NONE', ( #3467, #1065, #2638, #1339 ) ) ;
#1559 = ORIENTED_EDGE ( 'NONE', *, *, #848, .F. ) ;
#1560 = AXIS2_PLACEMENT_3D ( 'NONE', #985, #459, #3585 ) ;
#1561 = AXIS2_PLACEMENT_3D ( 'NONE', #1170, #2327, #1223 ) ;
#1562 = AXIS2_PLACEMENT_3D ( 'NONE', #776, #1906, #2350 ) ;
#1563 = CARTESIAN_POINT ( 'NONE',  ( 1.524000000000001798, -4.336808689942017736E-16, -31.24200000000000443 ) ) ;
#1564 = DIRECTION ( 'NONE',  ( 4.400024020954809157E-16, 1.326724403704322179E-16, -1.000000000000000000 ) ) ;
#1565 = CARTESIAN_POINT ( 'NONE',  ( 4.063999999999998280, -1.270000000000000018, -10.08820225350369171 ) ) ;
#1566 = ADVANCED_FACE ( 'NONE', ( #1360 ), #2791, .F. ) ;
#1567 =( LENGTH_UNIT ( ) NAMED_UNIT ( * ) SI_UNIT ( .MILLI., .METRE. ) );
#1568 = CARTESIAN_POINT ( 'NONE',  ( -4.064000000000001833, -1.270000000000000018, -21.08199999999999719 ) ) ;
#1569 = DIRECTION ( 'NONE',  ( -1.000000000000000000, -0.000000000000000000, -4.400024020954809157E-16 ) ) ;
#1570 = CARTESIAN_POINT ( 'NONE',  ( 2.539999999999996483, 0.000000000000000000, -23.11400000000000432 ) ) ;
#1571 = VERTEX_POINT ( 'NONE', #2517 ) ;
#1572 = ORIENTED_EDGE ( 'NONE', *, *, #544, .F. ) ;
#1573 = DIRECTION ( 'NONE',  ( 0.000000000000000000, 0.9974418052604091534, -0.07148318067109106499 ) ) ;
#1574 = ORIENTED_EDGE ( 'NONE', *, *, #1601, .F. ) ;
#1575 = DIRECTION ( 'NONE',  ( 1.000000000000000000, 0.000000000000000000, 4.400024020954809650E-16 ) ) ;
#1576 = CARTESIAN_POINT ( 'NONE',  ( -4.064000000000005386, 2.794000000000000039, -6.731000000000009642 ) ) ;
#1577 = EDGE_CURVE ( 'NONE', #886, #958, #292, .T. ) ;
#1578 = ORIENTED_EDGE ( 'NONE', *, *, #2798, .F. ) ;
#1579 = DIRECTION ( 'NONE',  ( 3.491481338843134144E-15, 1.000000000000000000, 5.058977766044931886E-16 ) ) ;
#1580 = ORIENTED_EDGE ( 'NONE', *, *, #2245, .T. ) ;
#1581 = DIRECTION ( 'NONE',  ( -4.400024020954809650E-16, 6.829619984160666921E-15, 1.000000000000000000 ) ) ;
#1582 = DIRECTION ( 'NONE',  ( -3.005049198429993906E-30, -1.000000000000000000, 6.829619984160666921E-15 ) ) ;
#1583 = CARTESIAN_POINT ( 'NONE',  ( 4.064000000000061341, 18.03399999999999892, -18.79600000000000648 ) ) ;
#1584 = LINE ( 'NONE', #763, #1275 ) ;
#1585 = CARTESIAN_POINT ( 'NONE',  ( 4.064000000000061341, 18.03399999999999892, -21.08200000000000429 ) ) ;
#1586 = ORIENTED_EDGE ( 'NONE', *, *, #1102, .F. ) ;
#1587 = ADVANCED_FACE ( 'NONE', ( #275 ), #3391, .T. ) ;
#1588 = ORIENTED_EDGE ( 'NONE', *, *, #3539, .F. ) ;
#1589 = CARTESIAN_POINT ( 'NONE',  ( -4.090443937361551541, 2.757456836973734671, 17.89277056787589970 ) ) ;
#1590 = DIRECTION ( 'NONE',  ( -3.491481338843133355E-15, 1.000000000000000000, 0.000000000000000000 ) ) ;
#1591 = VERTEX_POINT ( 'NONE', #3477 ) ;
#1592 = CYLINDRICAL_SURFACE ( 'NONE', #1733, 2.412999999999998479 ) ;
#1593 = AXIS2_PLACEMENT_3D ( 'NONE', #1617, #2458, #3611 ) ;
#1594 = DIRECTION ( 'NONE',  ( 5.986153781733049845E-32, -1.000000000000000000, -1.360482068557900432E-16 ) ) ;
#1595 = ORIENTED_EDGE ( 'NONE', *, *, #1877, .F. ) ;
#1596 = CIRCLE ( 'NONE', #1707, 0.7620000000000005658 ) ;
#1597 = LINE ( 'NONE', #704, #2549 ) ;
#1598 = ORIENTED_EDGE ( 'NONE', *, *, #109, .F. ) ;
#1599 = CARTESIAN_POINT ( 'NONE',  ( -2.667000000000003368, 2.793999999999996930, 17.90699999999998582 ) ) ;
#1600 = DIRECTION ( 'NONE',  ( 0.000000000000000000, -1.000000000000000000, 0.000000000000000000 ) ) ;
#1601 = EDGE_CURVE ( 'NONE', #2019, #1165, #1188, .T. ) ;
#1602 = VECTOR ( 'NONE', #2999, 1000.000000000000000 ) ;
#1603 = EDGE_CURVE ( 'NONE', #1183, #2871, #862, .T. ) ;
#1604 = CARTESIAN_POINT ( 'NONE',  ( -3.472200306001975267, 2.603499999999999481, 28.74009999999998399 ) ) ;
#1605 = CARTESIAN_POINT ( 'NONE',  ( -4.064000000000018709, 3.070944832876600028, 25.45578960498086829 ) ) ;
#1606 = CARTESIAN_POINT ( 'NONE',  ( -4.064000000000064894, 18.03399999999997050, -23.87600000000000477 ) ) ;
#1607 = VERTEX_POINT ( 'NONE', #884 ) ;
#1608 = VERTEX_POINT ( 'NONE', #2097 ) ;
#1609 = CARTESIAN_POINT ( 'NONE',  ( 2.105838894087762370, 0.1392538382162539501, -28.09905971977795502 ) ) ;
#1610 = CIRCLE ( 'NONE', #2426, 1.015999999999999570 ) ;
#1611 = ORIENTED_EDGE ( 'NONE', *, *, #1438, .F. ) ;
#1612 = ADVANCED_FACE ( 'NONE', ( #447 ), #290, .F. ) ;
#1613 = DIRECTION ( 'NONE',  ( -0.8191520442889945741, 0.5735764363510419406, -6.991803937564386093E-18 ) ) ;
#1614 = ORIENTED_EDGE ( 'NONE', *, *, #37, .F. ) ;
#1615 = ADVANCED_FACE ( 'NONE', ( #941 ), #2362, .F. ) ;
#1616 = AXIS2_PLACEMENT_3D ( 'NONE', #3579, #2383, #978 ) ;
#1617 = CARTESIAN_POINT ( 'NONE',  ( -4.064000000000019597, 2.603499999999999037, 27.68599999999998218 ) ) ;
#1618 = DIRECTION ( 'NONE',  ( -1.000000000000000000, 3.491481338843132961E-15, -0.000000000000000000 ) ) ;
#1619 = EDGE_LOOP ( 'NONE', ( #1734, #2830, #1182, #1924, #2581, #1770 ) ) ;
#1620 = CIRCLE ( 'NONE', #779, 1.015999999999999570 ) ;
#1621 = CARTESIAN_POINT ( 'NONE',  ( -1.524000000000005350, 1.269999999999999352, -23.11400000000001143 ) ) ;
#1622 = DIRECTION ( 'NONE',  ( 0.000000000000000000, -1.000000000000000000, 0.000000000000000000 ) ) ;
#1623 = AXIS2_PLACEMENT_3D ( 'NONE', #1712, #301, #2784 ) ;
#1624 = PLANE ( 'NONE',  #2418 ) ;
#1625 = CARTESIAN_POINT ( 'NONE',  ( -2.760962509387274721, 1.371600000000000152, 29.97199999999997999 ) ) ;
#1626 = DIRECTION ( 'NONE',  ( 4.268512490100409430E-16, 0.000000000000000000, -1.000000000000000000 ) ) ;
#1627 = VERTEX_POINT ( 'NONE', #1912 ) ;
#1628 = ADVANCED_FACE ( 'NONE', ( #1368 ), #437, .T. ) ;
#1629 = AXIS2_PLACEMENT_3D ( 'NONE', #58, #3459, #908 ) ;
#1630 = ORIENTED_EDGE ( 'NONE', *, *, #3332, .F. ) ;
#1631 = FACE_OUTER_BOUND ( 'NONE', #1033, .T. ) ;
#1632 = EDGE_CURVE ( 'NONE', #2432, #2683, #257, .T. ) ;
#1633 = CARTESIAN_POINT ( 'NONE',  ( -2.794000000000064876, 18.03399999999997405, -24.63800000000000523 ) ) ;
#1634 = ORIENTED_EDGE ( 'NONE', *, *, #3069, .F. ) ;
#1635 = EDGE_CURVE ( 'NONE', #2958, #3573, #2196, .T. ) ;
#1636 = ORIENTED_EDGE ( 'NONE', *, *, #2557, .F. ) ;
#1637 = CARTESIAN_POINT ( 'NONE',  ( 2.760962509387273389, 1.371600000000000152, 29.97199999999998354 ) ) ;
#1638 = VERTEX_POINT ( 'NONE', #1920 ) ;
#1639 = DIRECTION ( 'NONE',  ( 0.000000000000000000, 1.326724403704322426E-16, -1.000000000000000000 ) ) ;
#1640 = DIRECTION ( 'NONE',  ( -0.8191520442889946851, 0.5735764363510418296, -0.000000000000000000 ) ) ;
#1641 = CARTESIAN_POINT ( 'NONE',  ( -4.064000000000018709, 2.077889665753205328, 26.24745963412781435 ) ) ;
#1642 = ORIENTED_EDGE ( 'NONE', *, *, #1008, .F. ) ;
#1643 = DIRECTION ( 'NONE',  ( 1.000000000000000000, 0.000000000000000000, 4.400024020954809650E-16 ) ) ;
#1644 = EDGE_LOOP ( 'NONE', ( #2985, #3621, #3376, #3610 ) ) ;
#1645 = DIRECTION ( 'NONE',  ( 0.000000000000000000, 0.7819332024593657060, -0.6233622276747610158 ) ) ;
#1646 = VECTOR ( 'NONE', #812, 1000.000000000000000 ) ;
#1647 = PLANE ( 'NONE',  #11 ) ;
#1648 = CARTESIAN_POINT ( 'NONE',  ( 2.794000000000037343, 11.17600000000000193, -21.08200000000000074 ) ) ;
#1649 = ORIENTED_EDGE ( 'NONE', *, *, #738, .F. ) ;
#1650 = ADVANCED_FACE ( 'NONE', ( #1072 ), #3636, .T. ) ;
#1651 = EDGE_LOOP ( 'NONE', ( #70, #2415, #2393, #2197 ) ) ;
#1652 = EDGE_LOOP ( 'NONE', ( #312, #374, #529, #2560 ) ) ;
#1653 = CARTESIAN_POINT ( 'NONE',  ( -2.539999999999998259, 0.000000000000000000, -21.08200000000000074 ) ) ;
#1654 = EDGE_LOOP ( 'NONE', ( #602, #1037, #2714, #1930 ) ) ;
#1655 = AXIS2_PLACEMENT_3D ( 'NONE', #2535, #3683, #2256 ) ;
#1656 = AXIS2_PLACEMENT_3D ( 'NONE', #2585, #291, #50 ) ;
#1657 = ADVANCED_FACE ( 'NONE', ( #1046 ), #1029, .T. ) ;
#1658 = LINE ( 'NONE', #2532, #3370 ) ;
#1659 = FACE_OUTER_BOUND ( 'NONE', #1404, .T. ) ;
#1660 = CARTESIAN_POINT ( 'NONE',  ( -4.064000000000005386, 2.794000000000000483, -6.731000000000009642 ) ) ;
#1661 = ORIENTED_EDGE ( 'NONE', *, *, #1317, .T. ) ;
#1662 = PRODUCT_DEFINITION_SHAPE ( 'NONE', 'NONE',  #1286 ) ;
#1663 = CARTESIAN_POINT ( 'NONE',  ( 1.524000000000002020, 1.269999999999999796, -18.03400000000001668 ) ) ;
#1664 = CARTESIAN_POINT ( 'NONE',  ( 4.064000000000037360, 11.17599999999999660, -21.08200000000000074 ) ) ;
#1665 = ORIENTED_EDGE ( 'NONE', *, *, #2075, .F. ) ;
#1666 = EDGE_CURVE ( 'NONE', #679, #171, #1268, .T. ) ;
#1667 = EDGE_LOOP ( 'NONE', ( #327, #3550, #874, #1744, #572 ) ) ;
#1668 = ORIENTED_EDGE ( 'NONE', *, *, #2169, .T. ) ;
#1669 = CARTESIAN_POINT ( 'NONE',  ( 4.063999999999998280, -1.270000000000000018, -23.11400000000000787 ) ) ;
#1670 = CARTESIAN_POINT ( 'NONE',  ( -4.064000000000040025, 11.17599999999996996, -23.87600000000000477 ) ) ;
#1671 = CIRCLE ( 'NONE', #1137, 1.270000000000000240 ) ;
#1672 = CARTESIAN_POINT ( 'NONE',  ( 1.524000000000001798, -1.270000000000000684, -21.08199999999999719 ) ) ;
#1673 = FACE_OUTER_BOUND ( 'NONE', #878, .T. ) ;
#1674 = ORIENTED_EDGE ( 'NONE', *, *, #2457, .F. ) ;
#1675 = CARTESIAN_POINT ( 'NONE',  ( -4.064000000000019597, 1.333499999999998797, 27.71507286209165954 ) ) ;
#1676 = AXIS2_PLACEMENT_3D ( 'NONE', #1380, #3090, #3379 ) ;
#1677 = AXIS2_PLACEMENT_3D ( 'NONE', #1878, #3607, #224 ) ;
#1678 = CARTESIAN_POINT ( 'NONE',  ( -2.760962509387276942, 0.7619999999999998996, 29.97199999999997999 ) ) ;
#1679 = EDGE_CURVE ( 'NONE', #3100, #873, #2692, .T. ) ;
#1680 = CARTESIAN_POINT ( 'NONE',  ( -2.414972215164794989, -1.112515051892806417, -26.16200000000000259 ) ) ;
#1681 = ORIENTED_EDGE ( 'NONE', *, *, #395, .T. ) ;
#1682 = EDGE_LOOP ( 'NONE', ( #604, #3613, #2603, #2264 ) ) ;
#1683 = VECTOR ( 'NONE', #1749, 1000.000000000000000 ) ;
#1684 = ADVANCED_FACE ( 'NONE', ( #2172 ), #198, .F. ) ;
#1685 = ORIENTED_EDGE ( 'NONE', *, *, #3513, .F. ) ;
#1686 = LINE ( 'NONE', #1720, #3133 ) ;
#1687 = CARTESIAN_POINT ( 'NONE',  ( -3.927023348848048379, 3.557095339376810106, 14.60499999999998622 ) ) ;
#1688 = PLANE ( 'NONE',  #1842 ) ;
#1689 = CARTESIAN_POINT ( 'NONE',  ( 2.794000000000002260, 1.269999999999995577, -18.03400000000001313 ) ) ;
#1690 = LINE ( 'NONE', #1116, #3622 ) ;
#1691 = CARTESIAN_POINT ( 'NONE',  ( -0.2214850500443258929, 6.634975044281158141, 14.60499999999998622 ) ) ;
#1692 = ADVANCED_FACE ( 'NONE', ( #3603 ), #2983, .T. ) ;
#1693 = DIRECTION ( 'NONE',  ( -1.000000000000000000, -3.491481338843133355E-15, 2.845674993400288237E-16 ) ) ;
#1694 = VERTEX_POINT ( 'NONE', #3584 ) ;
#1695 = EDGE_LOOP ( 'NONE', ( #2547, #3353, #471, #796 ) ) ;
#1696 = ORIENTED_EDGE ( 'NONE', *, *, #2449, .F. ) ;
#1697 = FACE_OUTER_BOUND ( 'NONE', #325, .T. ) ;
#1698 = CARTESIAN_POINT ( 'NONE',  ( 4.064000000000061341, 18.03399999999999892, -18.79600000000000648 ) ) ;
#1699 = DIRECTION ( 'NONE',  ( -3.491481338843133355E-15, 1.000000000000000000, 2.181817341932299371E-32 ) ) ;
#1700 = VERTEX_POINT ( 'NONE', #746 ) ;
#1701 =( GEOMETRIC_REPRESENTATION_CONTEXT ( 3 ) GLOBAL_UNCERTAINTY_ASSIGNED_CONTEXT ( ( #3141 ) ) GLOBAL_UNIT_ASSIGNED_CONTEXT ( ( #686, #991, #2138 ) ) REPRESENTATION_CONTEXT ( 'NONE', 'WORKASPACE' ) );
#1702 = DIRECTION ( 'NONE',  ( 1.000000000000000000, 0.000000000000000000, 4.400024020954809650E-16 ) ) ;
#1703 = CARTESIAN_POINT ( 'NONE',  ( -1.524000000000001132, 0.000000000000000000, -28.19400000000000972 ) ) ;
#1704 = CARTESIAN_POINT ( 'NONE',  ( 4.063999999999981405, 2.603499999999999037, 27.71507286209166310 ) ) ;
#1705 = AXIS2_PLACEMENT_3D ( 'NONE', #963, #2088, #2312 ) ;
#1706 = EDGE_CURVE ( 'NONE', #221, #2019, #1549, .T. ) ;
#1707 = AXIS2_PLACEMENT_3D ( 'NONE', #2819, #2875, #1480 ) ;
#1708 = CARTESIAN_POINT ( 'NONE',  ( -4.064000000000067558, 18.79599999999997095, -24.63800000000000523 ) ) ;
#1709 = AXIS2_PLACEMENT_3D ( 'NONE', #138, #159, #3035 ) ;
#1710 = DIRECTION ( 'NONE',  ( -3.491481338843133355E-15, -1.000000000000000000, 0.000000000000000000 ) ) ;
#1711 = CARTESIAN_POINT ( 'NONE',  ( 4.063999999999983181, 4.063999999999994728, 24.66411957583392223 ) ) ;
#1712 = CARTESIAN_POINT ( 'NONE',  ( 2.539999999999999147, -1.270000000000000018, -22.09799999999999542 ) ) ;
#1713 = VECTOR ( 'NONE', #1645, 1000.000000000000000 ) ;
#1714 = ORIENTED_EDGE ( 'NONE', *, *, #3047, .F. ) ;
#1715 = LINE ( 'NONE', #2832, #3205 ) ;
#1716 = VERTEX_POINT ( 'NONE', #2408 ) ;
#1717 = EDGE_CURVE ( 'NONE', #2046, #3452, #2132, .T. ) ;
#1718 = DIRECTION ( 'NONE',  ( 0.000000000000000000, -1.000000000000000000, 5.058977766044943719E-16 ) ) ;
#1719 = VERTEX_POINT ( 'NONE', #1290 ) ;
#1720 = CARTESIAN_POINT ( 'NONE',  ( -4.064000000000064894, 18.03399999999997050, -23.87600000000000477 ) ) ;
#1721 = ORIENTED_EDGE ( 'NONE', *, *, #245, .F. ) ;
#1722 = AXIS2_PLACEMENT_3D ( 'NONE', #262, #2482, #1394 ) ;
#1723 = PLANE ( 'NONE',  #600 ) ;
#1724 = DIRECTION ( 'NONE',  ( 1.000000000000000000, 0.000000000000000000, -2.845674993400287744E-16 ) ) ;
#1725 = CARTESIAN_POINT ( 'NONE',  ( -4.064000000000001833, 0.000000000000000000, -21.08199999999999719 ) ) ;
#1726 = AXIS2_PLACEMENT_3D ( 'NONE', #528, #585, #1159 ) ;
#1727 = CARTESIAN_POINT ( 'NONE',  ( -4.064000000000001833, -1.270000000000000018, -31.24200000000000799 ) ) ;
#1728 = CARTESIAN_POINT ( 'NONE',  ( 2.109696295806977595, 0.1344537112199822304, -21.16948640163806417 ) ) ;
#1729 = DIRECTION ( 'NONE',  ( 0.5735764363510414965, 0.8191520442889947962, 0.000000000000000000 ) ) ;
#1730 = ADVANCED_FACE ( 'NONE', ( #3000 ), #1006, .T. ) ;
#1731 = CARTESIAN_POINT ( 'NONE',  ( -4.064000000000067558, 18.79599999999997095, -24.63800000000000523 ) ) ;
#1732 = CIRCLE ( 'NONE', #1203, 2.540000000000000480 ) ;
#1733 = AXIS2_PLACEMENT_3D ( 'NONE', #700, #3638, #716 ) ;
#1734 = ORIENTED_EDGE ( 'NONE', *, *, #792, .T. ) ;
#1735 = ORIENTED_EDGE ( 'NONE', *, *, #1666, .T. ) ;
#1736 = EDGE_CURVE ( 'NONE', #2296, #3103, #1584, .T. ) ;
#1737 = CIRCLE ( 'NONE', #2553, 0.7619999999999987894 ) ;
#1738 = CARTESIAN_POINT ( 'NONE',  ( -2.285776816887723495, -1.156331700885952163, -23.09034920881086705 ) ) ;
#1739 = ORIENTED_EDGE ( 'NONE', *, *, #2016, .T. ) ;
#1740 = EDGE_LOOP ( 'NONE', ( #3269, #2430, #3296, #1350 ) ) ;
#1741 = DIRECTION ( 'NONE',  ( 3.414809992080334249E-15, 1.000000000000000000, 0.000000000000000000 ) ) ;
#1742 = ADVANCED_FACE ( 'NONE', ( #119 ), #2711, .F. ) ;
#1743 = LINE ( 'NONE', #628, #593 ) ;
#1744 = ORIENTED_EDGE ( 'NONE', *, *, #1507, .T. ) ;
#1745 = STYLED_ITEM ( 'NONE', ( #3206 ), #1481 ) ;
#1746 = LINE ( 'NONE', #1227, #2219 ) ;
#1747 = DIRECTION ( 'NONE',  ( 1.000000000000000000, -3.491481338843132961E-15, 0.000000000000000000 ) ) ;
#1748 = DIRECTION ( 'NONE',  ( -1.000000000000000000, -0.000000000000000000, 4.268512490100411402E-16 ) ) ;
#1749 = DIRECTION ( 'NONE',  ( -1.000000000000000000, 3.491481338843133750E-15, -0.000000000000000000 ) ) ;
#1750 = DIRECTION ( 'NONE',  ( 1.000000000000000000, 3.491481338843132961E-15, -2.845674993400287744E-16 ) ) ;
#1751 = ORIENTED_EDGE ( 'NONE', *, *, #3165, .F. ) ;
#1752 = DIRECTION ( 'NONE',  ( -3.414809992080318866E-15, 1.000000000000000000, 0.000000000000000000 ) ) ;
#1753 = ORIENTED_EDGE ( 'NONE', *, *, #1635, .T. ) ;
#1754 = ORIENTED_EDGE ( 'NONE', *, *, #654, .T. ) ;
#1755 = EDGE_CURVE ( 'NONE', #3097, #3065, #966, .T. ) ;
#1756 = CARTESIAN_POINT ( 'NONE',  ( -4.064000000000001833, 0.000000000000000000, -28.19400000000000972 ) ) ;
#1757 = DIRECTION ( 'NONE',  ( 0.000000000000000000, 0.000000000000000000, 1.000000000000000000 ) ) ;
#1758 = LINE ( 'NONE', #3474, #2595 ) ;
#1759 = DIRECTION ( 'NONE',  ( 4.400024020954809157E-16, 0.000000000000000000, -1.000000000000000000 ) ) ;
#1760 = CARTESIAN_POINT ( 'NONE',  ( -4.064000000000005386, 1.015999999999999570, -6.731000000000009642 ) ) ;
#1761 = ORIENTED_EDGE ( 'NONE', *, *, #3543, .T. ) ;
#1762 = CARTESIAN_POINT ( 'NONE',  ( -4.064000000000018709, 2.793999999999995598, 24.66411957583391867 ) ) ;
#1763 = CARTESIAN_POINT ( 'NONE',  ( 2.539999999999995595, -1.270000000000000018, -26.16200000000000259 ) ) ;
#1764 = EDGE_CURVE ( 'NONE', #2198, #1160, #2091, .T. ) ;
#1765 = CIRCLE ( 'NONE', #1540, 1.015999999999999570 ) ;
#1766 = CYLINDRICAL_SURFACE ( 'NONE', #2856, 1.015999999999999570 ) ;
#1767 = CARTESIAN_POINT ( 'NONE',  ( -2.027727667516447507, 2.837179088298752649, 31.24199999999997601 ) ) ;
#1768 = LINE ( 'NONE', #1176, #1683 ) ;
#1769 = PLANE ( 'NONE',  #959 ) ;
#1770 = ORIENTED_EDGE ( 'NONE', *, *, #1527, .F. ) ;
#1771 = VECTOR ( 'NONE', #1520, 1000.000000000000000 ) ;
#1772 = CARTESIAN_POINT ( 'NONE',  ( -2.794000000000064876, 18.03399999999997405, -24.63800000000000523 ) ) ;
#1773 = ORIENTED_EDGE ( 'NONE', *, *, #3101, .T. ) ;
#1774 = VECTOR ( 'NONE', #2574, 1000.000000000000000 ) ;
#1775 = LINE ( 'NONE', #2835, #3242 ) ;
#1776 = DIRECTION ( 'NONE',  ( 3.491481338843133355E-15, -1.000000000000000000, 2.669161299432445820E-34 ) ) ;
#1777 = EDGE_CURVE ( 'NONE', #3219, #1554, #2730, .T. ) ;
#1778 = FACE_OUTER_BOUND ( 'NONE', #2209, .T. ) ;
#1779 = VERTEX_POINT ( 'NONE', #1858 ) ;
#1780 = CARTESIAN_POINT ( 'NONE',  ( -2.758688062385550310, 2.849868881357784378, 17.89810660492243599 ) ) ;
#1781 = LINE ( 'NONE', #2901, #136 ) ;
#1782 = LINE ( 'NONE', #2592, #1308 ) ;
#1783 = CARTESIAN_POINT ( 'NONE',  ( 4.064000000000061341, 18.03399999999999892, -20.32000000000000384 ) ) ;
#1784 = DIRECTION ( 'NONE',  ( 1.000000000000000000, 0.000000000000000000, 4.400024020954809650E-16 ) ) ;
#1785 = DIRECTION ( 'NONE',  ( 0.000000000000000000, 0.000000000000000000, -1.000000000000000000 ) ) ;
#1786 = SURFACE_STYLE_FILL_AREA ( #2053 ) ;
#1787 = VECTOR ( 'NONE', #3071, 1000.000000000000000 ) ;
#1788 = DIRECTION ( 'NONE',  ( 0.8191520442889946851, -0.5735764363510418296, 0.000000000000000000 ) ) ;
#1789 = CARTESIAN_POINT ( 'NONE',  ( -2.343437776823627861, 0.2893758411972711664, -26.17342899417281643 ) ) ;
#1790 = LINE ( 'NONE', #948, #671 ) ;
#1791 = ORIENTED_EDGE ( 'NONE', *, *, #2203, .F. ) ;
#1792 = VECTOR ( 'NONE', #930, 1000.000000000000000 ) ;
#1793 = EDGE_CURVE ( 'NONE', #1280, #3337, #761, .T. ) ;
#1794 = VECTOR ( 'NONE', #1579, 1000.000000000000000 ) ;
#1795 = DIRECTION ( 'NONE',  ( 1.490911129668486920E-16, 2.129241758065706643E-16, 1.000000000000000000 ) ) ;
#1796 = ORIENTED_EDGE ( 'NONE', *, *, #753, .F. ) ;
#1797 = AXIS2_PLACEMENT_3D ( 'NONE', #442, #1874, #2173 ) ;
#1798 = AXIS2_PLACEMENT_3D ( 'NONE', #144, #1533, #2655 ) ;
#1799 = ADVANCED_FACE ( 'NONE', ( #2945 ), #2671, .F. ) ;
#1800 = CIRCLE ( 'NONE', #2322, 2.412999999999998479 ) ;
#1801 = DIRECTION ( 'NONE',  ( -1.766332646376820356E-30, -5.058977766044931886E-16, 1.000000000000000000 ) ) ;
#1802 = EDGE_LOOP ( 'NONE', ( #1082, #1696, #2215, #1277 ) ) ;
#1803 = CARTESIAN_POINT ( 'NONE',  ( -2.782286135107032266, 2.907754477156698769, 17.89277056787589970 ) ) ;
#1804 = CARTESIAN_POINT ( 'NONE',  ( -4.064000000000002721, 2.793999999999996042, 20.06599999999998829 ) ) ;
#1805 = DIRECTION ( 'NONE',  ( 0.000000000000000000, 0.000000000000000000, -1.000000000000000000 ) ) ;
#1806 = CYLINDRICAL_SURFACE ( 'NONE', #1320, 0.5080000000000002292 ) ;
#1807 = DIRECTION ( 'NONE',  ( 0.000000000000000000, 1.000000000000000000, -0.000000000000000000 ) ) ;
#1808 = EDGE_LOOP ( 'NONE', ( #464, #443, #2028, #2469, #422, #877, #1237, #1222, #902, #3231, #970, #287 ) ) ;
#1809 = CARTESIAN_POINT ( 'NONE',  ( -1.985013435412110727, 0.08132958729164169176, -22.96080402501184281 ) ) ;
#1810 = VERTEX_POINT ( 'NONE', #2466 ) ;
#1811 = CARTESIAN_POINT ( 'NONE',  ( -2.795238192555097090, 2.906266381709342816, 17.89277056787589970 ) ) ;
#1812 = FACE_OUTER_BOUND ( 'NONE', #2267, .T. ) ;
#1813 = EDGE_CURVE ( 'NONE', #3100, #1608, #546, .T. ) ;
#1814 = ORIENTED_EDGE ( 'NONE', *, *, #1375, .F. ) ;
#1815 = CARTESIAN_POINT ( 'NONE',  ( -4.064000000000000945, 2.793999999999996930, 14.09699999999999065 ) ) ;
#1816 = ORIENTED_EDGE ( 'NONE', *, *, #875, .F. ) ;
#1817 = AXIS2_PLACEMENT_3D ( 'NONE', #3652, #219, #1348 ) ;
#1818 = FACE_OUTER_BOUND ( 'NONE', #3358, .T. ) ;
#1819 = DIRECTION ( 'NONE',  ( 4.400024020954809157E-16, -0.000000000000000000, -1.000000000000000000 ) ) ;
#1820 = CARTESIAN_POINT ( 'NONE',  ( -4.064000000000041801, 11.17599999999996996, -25.40000000000000213 ) ) ;
#1821 = CARTESIAN_POINT ( 'NONE',  ( 4.064000000000037360, 11.17599999999999660, -31.24200000000000443 ) ) ;
#1822 = CARTESIAN_POINT ( 'NONE',  ( -2.794000000000064876, 18.03399999999997405, -23.87600000000000477 ) ) ;
#1823 = DIRECTION ( 'NONE',  ( -1.000000000000000000, 0.000000000000000000, -4.400024020954809157E-16 ) ) ;
#1824 = EDGE_CURVE ( 'NONE', #3655, #858, #3089, .T. ) ;
#1825 = ORIENTED_EDGE ( 'NONE', *, *, #936, .F. ) ;
#1826 = ORIENTED_EDGE ( 'NONE', *, *, #573, .T. ) ;
#1827 = CARTESIAN_POINT ( 'NONE',  ( -4.056919510817373897, 3.268940745577722407, 17.88921320984487906 ) ) ;
#1828 = CARTESIAN_POINT ( 'NONE',  ( -2.540000000000001812, 0.5079999999999943450, -23.11400000000001143 ) ) ;
#1829 = ORIENTED_EDGE ( 'NONE', *, *, #1777, .F. ) ;
#1830 = CARTESIAN_POINT ( 'NONE',  ( 4.064000000000061341, 18.03399999999999892, -30.48000000000000043 ) ) ;
#1831 = DIRECTION ( 'NONE',  ( 4.353542619385281381E-16, 1.360482068557900432E-16, -1.000000000000000000 ) ) ;
#1832 = ADVANCED_FACE ( 'NONE', ( #3343 ), #1688, .F. ) ;
#1833 = ORIENTED_EDGE ( 'NONE', *, *, #2263, .F. ) ;
#1834 = DIRECTION ( 'NONE',  ( -0.000000000000000000, -0.000000000000000000, -1.000000000000000000 ) ) ;
#1835 = DIRECTION ( 'NONE',  ( 6.829619984160656074E-16, -3.278217592397115073E-14, -1.000000000000000000 ) ) ;
#1836 =( NAMED_UNIT ( * ) SI_UNIT ( $, .STERADIAN. ) SOLID_ANGLE_UNIT ( ) );
#1837 = PLANE ( 'NONE',  #416 ) ;
#1838 = CARTESIAN_POINT ( 'NONE',  ( -4.064000000000002721, 2.793999999999996042, 20.06599999999998829 ) ) ;
#1839 = CARTESIAN_POINT ( 'NONE',  ( -4.064000000000004498, 1.016000000000008230, -7.239000000000011426 ) ) ;
#1840 = VERTEX_POINT ( 'NONE', #2220 ) ;
#1841 = ORIENTED_EDGE ( 'NONE', *, *, #620, .F. ) ;
#1842 = AXIS2_PLACEMENT_3D ( 'NONE', #2518, #1409, #3681 ) ;
#1843 = CARTESIAN_POINT ( 'NONE',  ( -4.064000000000005386, 1.524000000000000021, -6.731000000000009642 ) ) ;
#1844 = VERTEX_POINT ( 'NONE', #3325 ) ;
#1845 = DIRECTION ( 'NONE',  ( 1.000000000000000000, 0.000000000000000000, -0.000000000000000000 ) ) ;
#1846 = CIRCLE ( 'NONE', #1323, 1.015999999999999570 ) ;
#1847 = CARTESIAN_POINT ( 'NONE',  ( 1.524000000000001798, -1.270000000000000684, -22.09799999999999542 ) ) ;
#1848 = ORIENTED_EDGE ( 'NONE', *, *, #3210, .T. ) ;
#1849 = CIRCLE ( 'NONE', #78, 2.540000000000000480 ) ;
#1850 = AXIS2_PLACEMENT_3D ( 'NONE', #49, #1186, #901 ) ;
#1851 = EDGE_CURVE ( 'NONE', #108, #2296, #1927, .T. ) ;
#1852 = VECTOR ( 'NONE', #86, 1000.000000000000000 ) ;
#1853 = VECTOR ( 'NONE', #1640, 1000.000000000000114 ) ;
#1854 = DIRECTION ( 'NONE',  ( -1.000000000000000000, -1.707404996040164166E-15, 0.000000000000000000 ) ) ;
#1855 = ORIENTED_EDGE ( 'NONE', *, *, #3446, .T. ) ;
#1856 = PLANE ( 'NONE',  #3460 ) ;
#1857 = CARTESIAN_POINT ( 'NONE',  ( -3.055566850817440283, 2.603499999999999037, 29.46173031251256447 ) ) ;
#1858 = CARTESIAN_POINT ( 'NONE',  ( 2.539999999999999591, -1.057948453037568903, -21.08199999999999719 ) ) ;
#1859 = CARTESIAN_POINT ( 'NONE',  ( 1.524000000000002020, 1.269999999999999796, -31.24200000000000443 ) ) ;
#1860 = VERTEX_POINT ( 'NONE', #1625 ) ;
#1861 = EDGE_LOOP ( 'NONE', ( #3449, #3038, #2217, #212 ) ) ;
#1862 = VECTOR ( 'NONE', #1710, 1000.000000000000000 ) ;
#1863 = LINE ( 'NONE', #732, #3590 ) ;
#1864 = EDGE_LOOP ( 'NONE', ( #2436, #3061, #396, #3630 ) ) ;
#1865 = CARTESIAN_POINT ( 'NONE',  ( 3.472200306001972159, 3.873499999999999499, 28.74009999999998755 ) ) ;
#1866 = ORIENTED_EDGE ( 'NONE', *, *, #432, .T. ) ;
#1867 = EDGE_CURVE ( 'NONE', #2609, #1719, #2746, .T. ) ;
#1868 = ORIENTED_EDGE ( 'NONE', *, *, #3125, .T. ) ;
#1869 = PLANE ( 'NONE',  #1079 ) ;
#1870 = EDGE_LOOP ( 'NONE', ( #977, #864, #1083, #1421 ) ) ;
#1871 = CARTESIAN_POINT ( 'NONE',  ( 4.063999999999981405, 1.333499999999998797, 27.71507286209166310 ) ) ;
#1872 = CYLINDRICAL_SURFACE ( 'NONE', #811, 1.270000000000000240 ) ;
#1873 = DIRECTION ( 'NONE',  ( -0.000000000000000000, -1.000000000000000000, -0.000000000000000000 ) ) ;
#1874 = DIRECTION ( 'NONE',  ( 1.000000000000000000, -3.491481338843134144E-15, 0.000000000000000000 ) ) ;
#1875 = VERTEX_POINT ( 'NONE', #825 ) ;
#1876 = ORIENTED_EDGE ( 'NONE', *, *, #3003, .F. ) ;
#1877 = EDGE_CURVE ( 'NONE', #2036, #1591, #1942, .T. ) ;
#1878 = CARTESIAN_POINT ( 'NONE',  ( -4.064000000000064894, 18.03399999999997050, -24.63800000000000523 ) ) ;
#1879 = CARTESIAN_POINT ( 'NONE',  ( -4.064000000000001833, 0.000000000000000000, -21.08199999999999719 ) ) ;
#1880 = ORIENTED_EDGE ( 'NONE', *, *, #2431, .F. ) ;
#1881 = VECTOR ( 'NONE', #927, 1000.000000000000000 ) ;
#1882 = ORIENTED_EDGE ( 'NONE', *, *, #243, .T. ) ;
#1883 = EDGE_CURVE ( 'NONE', #3140, #3425, #2248, .T. ) ;
#1884 = EDGE_CURVE ( 'NONE', #3448, #1719, #904, .T. ) ;
#1885 = AXIS2_PLACEMENT_3D ( 'NONE', #1932, #3402, #2508 ) ;
#1886 = CARTESIAN_POINT ( 'NONE',  ( -4.064000000000004498, 0.7620000000000085594, -7.239000000000009649 ) ) ;
#1887 = ORIENTED_EDGE ( 'NONE', *, *, #1010, .T. ) ;
#1888 = CARTESIAN_POINT ( 'NONE',  ( 4.064000000000019597, 2.603499999999998149, 27.71507286209165954 ) ) ;
#1889 =( NAMED_UNIT ( * ) SI_UNIT ( $, .STERADIAN. ) SOLID_ANGLE_UNIT ( ) );
#1890 = FACE_OUTER_BOUND ( 'NONE', #1351, .T. ) ;
#1891 = CARTESIAN_POINT ( 'NONE',  ( -1.261808146291348631, 7.363417118446982990, 15.11299999999998533 ) ) ;
#1892 = DIRECTION ( 'NONE',  ( -0.5000000000000009992, 3.563026749684933421E-16, 0.8660254037844380415 ) ) ;
#1893 = ORIENTED_EDGE ( 'NONE', *, *, #2960, .F. ) ;
#1894 = ORIENTED_EDGE ( 'NONE', *, *, #2915, .F. ) ;
#1895 = EDGE_CURVE ( 'NONE', #2421, #3643, #1099, .T. ) ;
#1896 = CARTESIAN_POINT ( 'NONE',  ( 1.523999999999997579, 0.000000000000000000, -26.16200000000000614 ) ) ;
#1897 = EDGE_CURVE ( 'NONE', #1477, #3140, #561, .T. ) ;
#1898 = ORIENTED_EDGE ( 'NONE', *, *, #956, .T. ) ;
#1899 = ORIENTED_EDGE ( 'NONE', *, *, #2662, .T. ) ;
#1900 = ORIENTED_EDGE ( 'NONE', *, *, #3045, .F. ) ;
#1901 = AXIS2_PLACEMENT_3D ( 'NONE', #2678, #2698, #165 ) ;
#1902 = ADVANCED_FACE ( 'NONE', ( #1659 ), #1129, .T. ) ;
#1903 = PLANE ( 'NONE',  #3144 ) ;
#1904 = EDGE_LOOP ( 'NONE', ( #3560, #3020, #3407, #2079, #976, #2201, #3081, #2057, #2695, #3046, #1929, #2959 ) ) ;
#1905 = VECTOR ( 'NONE', #220, 1000.000000000000000 ) ;
#1906 = DIRECTION ( 'NONE',  ( 4.400024020954809650E-16, 0.000000000000000000, -1.000000000000000000 ) ) ;
#1907 = VECTOR ( 'NONE', #1819, 1000.000000000000000 ) ;
#1908 = CARTESIAN_POINT ( 'NONE',  ( 4.063999999999998280, -1.084202172485504434E-16, -9.271000000000006125 ) ) ;
#1909 = CARTESIAN_POINT ( 'NONE',  ( -4.064000000000001833, -1.270000000000000018, -31.24200000000000799 ) ) ;
#1910 = DIRECTION ( 'NONE',  ( 0.000000000000000000, -1.000000000000000000, 0.000000000000000000 ) ) ;
#1911 = ORIENTED_EDGE ( 'NONE', *, *, #3661, .T. ) ;
#1912 = CARTESIAN_POINT ( 'NONE',  ( 1.523999999999999355, 0.000000000000000000, -22.09799999999999542 ) ) ;
#1913 = ORIENTED_EDGE ( 'NONE', *, *, #936, .T. ) ;
#1914 = LINE ( 'NONE', #1086, #836 ) ;
#1915 = CARTESIAN_POINT ( 'NONE',  ( 4.063999999999982293, 2.077889665753205328, 26.24745963412781791 ) ) ;
#1916 = DIRECTION ( 'NONE',  ( 0.000000000000000000, 0.000000000000000000, -1.000000000000000000 ) ) ;
#1917 = ORIENTED_EDGE ( 'NONE', *, *, #2788, .F. ) ;
#1918 = ORIENTED_EDGE ( 'NONE', *, *, #2160, .T. ) ;
#1919 = EDGE_CURVE ( 'NONE', #2305, #1875, #2502, .T. ) ;
#1920 = CARTESIAN_POINT ( 'NONE',  ( 2.794000000000002260, 1.269999999999995577, -28.19400000000000261 ) ) ;
#1921 = ORIENTED_EDGE ( 'NONE', *, *, #1244, .F. ) ;
#1922 = ADVANCED_FACE ( 'NONE', ( #3017 ), #249, .T. ) ;
#1923 = CARTESIAN_POINT ( 'NONE',  ( 1.524000000000000909, -1.270000000000000018, -17.01800000000001489 ) ) ;
#1924 = ORIENTED_EDGE ( 'NONE', *, *, #1883, .T. ) ;
#1925 = UNCERTAINTY_MEASURE_WITH_UNIT (LENGTH_MEASURE( 1.000000000000000082E-05 ), #2728, 'distance_accuracy_value', 'NONE');
#1926 = LINE ( 'NONE', #1908, #3562 ) ;
#1927 = LINE ( 'NONE', #1672, #3634 ) ;
#1928 = CARTESIAN_POINT ( 'NONE',  ( -2.794000000000041339, 11.17599999999997529, -26.16199999999999903 ) ) ;
#1929 = ORIENTED_EDGE ( 'NONE', *, *, #713, .T. ) ;
#1930 = ORIENTED_EDGE ( 'NONE', *, *, #2273, .F. ) ;
#1931 = DIRECTION ( 'NONE',  ( 0.000000000000000000, -0.000000000000000000, 1.000000000000000000 ) ) ;
#1932 = CARTESIAN_POINT ( 'NONE',  ( 4.063999999999982293, 2.793999999999995598, 24.66411957583392223 ) ) ;
#1933 = EDGE_CURVE ( 'NONE', #2763, #1014, #2188, .T. ) ;
#1934 = DIRECTION ( 'NONE',  ( 0.000000000000000000, -1.000000000000000000, 3.104372720073025936E-16 ) ) ;
#1935 = ORIENTED_EDGE ( 'NONE', *, *, #1118, .F. ) ;
#1936 = VERTEX_POINT ( 'NONE', #2760 ) ;
#1937 = CARTESIAN_POINT ( 'NONE',  ( 4.064000000000037360, 11.17599999999999660, -18.03400000000001313 ) ) ;
#1938 = ORIENTED_EDGE ( 'NONE', *, *, #1635, .F. ) ;
#1939 = EDGE_CURVE ( 'NONE', #2268, #1608, #1113, .T. ) ;
#1940 = EDGE_LOOP ( 'NONE', ( #3121, #445, #1848, #2954 ) ) ;
#1941 = LINE ( 'NONE', #2250, #640 ) ;
#1942 = LINE ( 'NONE', #264, #1787 ) ;
#1943 = DIRECTION ( 'NONE',  ( 0.000000000000000000, 1.000000000000000000, 0.000000000000000000 ) ) ;
#1944 = VERTEX_POINT ( 'NONE', #1909 ) ;
#1945 = VECTOR ( 'NONE', #2745, 1000.000000000000000 ) ;
#1946 = CYLINDRICAL_SURFACE ( 'NONE', #3147, 1.396999999999999575 ) ;
#1947 = PLANE ( 'NONE',  #2768 ) ;
#1948 = CARTESIAN_POINT ( 'NONE',  ( 4.063999999999997392, 0.7619999999999998996, -8.509000000000005670 ) ) ;
#1949 = DIRECTION ( 'NONE',  ( -1.810270601463845514E-31, -1.000000000000000000, 4.114228906120869484E-16 ) ) ;
#1950 = CARTESIAN_POINT ( 'NONE',  ( -2.539999999999998259, -1.270000000000000018, -21.08200000000000074 ) ) ;
#1951 = VERTEX_POINT ( 'NONE', #1365 ) ;
#1952 = CARTESIAN_POINT ( 'NONE',  ( -4.064000000000019597, 3.873499999999999055, 27.68599999999998218 ) ) ;
#1953 = VERTEX_POINT ( 'NONE', #2485 ) ;
#1954 = AXIS2_PLACEMENT_3D ( 'NONE', #947, #3208, #1489 ) ;
#1955 = EDGE_CURVE ( 'NONE', #96, #3452, #2707, .T. ) ;
#1956 = DIRECTION ( 'NONE',  ( 0.5735764363510416075, 0.8191520442889947962, 0.000000000000000000 ) ) ;
#1957 = AXIS2_PLACEMENT_3D ( 'NONE', #672, #3240, #942 ) ;
#1958 = DIRECTION ( 'NONE',  ( -0.8191520442889945741, 0.5735764363510419406, -0.000000000000000000 ) ) ;
#1959 = DIRECTION ( 'NONE',  ( 1.000000000000000000, 0.000000000000000000, 0.000000000000000000 ) ) ;
#1960 = AXIS2_PLACEMENT_3D ( 'NONE', #2797, #2243, #269 ) ;
#1961 = AXIS2_PLACEMENT_3D ( 'NONE', #1384, #730, #2861 ) ;
#1962 = CARTESIAN_POINT ( 'NONE',  ( -2.794000000000064876, 18.03399999999997405, -24.63800000000000523 ) ) ;
#1963 = LINE ( 'NONE', #1727, #843 ) ;
#1964 = VECTOR ( 'NONE', #3072, 1000.000000000000000 ) ;
#1965 = DIRECTION ( 'NONE',  ( -1.000000000000000000, 0.000000000000000000, -4.400024020954809157E-16 ) ) ;
#1966 =( BOUNDED_CURVE ( )  B_SPLINE_CURVE ( 3, ( #1214, #2885, #2865, #2009 ),
 .UNSPECIFIED., .F., .F. ) 
 B_SPLINE_CURVE_WITH_KNOTS ( ( 4, 4 ),
 ( 1.570796326794896558, 3.141592653589793116 ),
 .UNSPECIFIED. ) 
 CURVE ( )  GEOMETRIC_REPRESENTATION_ITEM ( )  RATIONAL_B_SPLINE_CURVE ( ( 1.000000000000000000, 0.8047378541243649375, 0.8047378541243649375, 1.000000000000000000 ) ) 
 REPRESENTATION_ITEM ( '' )  );
#1967 = ORIENTED_EDGE ( 'NONE', *, *, #3420, .F. ) ;
#1968 = VECTOR ( 'NONE', #2597, 1000.000000000000000 ) ;
#1969 = ORIENTED_EDGE ( 'NONE', *, *, #1542, .F. ) ;
#1970 = EDGE_CURVE ( 'NONE', #791, #1093, #15, .T. ) ;
#1971 = DIRECTION ( 'NONE',  ( 0.000000000000000000, 1.000000000000000000, 0.000000000000000000 ) ) ;
#1972 = FACE_OUTER_BOUND ( 'NONE', #2821, .T. ) ;
#1973 = DIRECTION ( 'NONE',  ( 0.000000000000000000, 0.000000000000000000, -1.000000000000000000 ) ) ;
#1974 = LINE ( 'NONE', #358, #348 ) ;
#1975 = CARTESIAN_POINT ( 'NONE',  ( 1.531900039214420639, -7.001067658859355723E-05, -17.16382727066494951 ) ) ;
#1976 = CARTESIAN_POINT ( 'NONE',  ( -4.064000000000005386, 2.794000000000000039, -6.731000000000009642 ) ) ;
#1977 = CARTESIAN_POINT ( 'NONE',  ( -4.064000000000019597, 1.333499999999998797, 27.71507286209165954 ) ) ;
#1978 = EDGE_CURVE ( 'NONE', #2607, #46, #3148, .T. ) ;
#1979 = ORIENTED_EDGE ( 'NONE', *, *, #506, .T. ) ;
#1980 = EDGE_CURVE ( 'NONE', #1389, #2281, #1428, .T. ) ;
#1981 = CARTESIAN_POINT ( 'NONE',  ( -4.064000000000020485, 1.371599999999999930, 28.74009999999998399 ) ) ;
#1982 = ORIENTED_EDGE ( 'NONE', *, *, #2806, .T. ) ;
#1983 = LINE ( 'NONE', #1207, #2950 ) ;
#1984 = CARTESIAN_POINT ( 'NONE',  ( 4.064000000000037360, 11.17599999999999660, -20.32000000000000739 ) ) ;
#1985 = ORIENTED_EDGE ( 'NONE', *, *, #252, .T. ) ;
#1986 = CARTESIAN_POINT ( 'NONE',  ( 1.523999999999998689, -1.270000000000000462, -27.31450764491808769 ) ) ;
#1987 = CARTESIAN_POINT ( 'NONE',  ( -4.064000000000018709, 4.063999999999994728, 24.66411957583392223 ) ) ;
#1988 = VECTOR ( 'NONE', #3218, 1000.000000000000000 ) ;
#1989 = DIRECTION ( 'NONE',  ( 1.000000000000000000, 0.000000000000000000, -0.000000000000000000 ) ) ;
#1990 = CARTESIAN_POINT ( 'NONE',  ( -2.920981767191269007, 1.523999999999998689, 17.90522132098447372 ) ) ;
#1991 = CARTESIAN_POINT ( 'NONE',  ( -2.626047824854002233, 3.873499999999999055, 30.20567908829873716 ) ) ;
#1992 = DIRECTION ( 'NONE',  ( -0.000000000000000000, 1.000000000000000000, 0.000000000000000000 ) ) ;
#1993 = LINE ( 'NONE', #3209, #899 ) ;
#1994 = CIRCLE ( 'NONE', #1112, 1.396999999999999797 ) ;
#1995 = VERTEX_POINT ( 'NONE', #3166 ) ;
#1996 = VERTEX_POINT ( 'NONE', #1464 ) ;
#1997 = PRODUCT ( 'PC5930T', 'PC5930T', '', ( #513 ) ) ;
#1998 = EDGE_CURVE ( 'NONE', #1049, #203, #2007, .T. ) ;
#1999 = EDGE_CURVE ( 'NONE', #535, #3065, #3355, .T. ) ;
#2000 = CARTESIAN_POINT ( 'NONE',  ( -1.551390284832021793, -1.270398347317642562, -22.36858858524356819 ) ) ;
#2001 = VERTEX_POINT ( 'NONE', #2551 ) ;
#2002 = VERTEX_POINT ( 'NONE', #80 ) ;
#2003 = FACE_OUTER_BOUND ( 'NONE', #3388, .T. ) ;
#2004 = EDGE_LOOP ( 'NONE', ( #1011, #2399, #1855, #188 ) ) ;
#2005 = FACE_OUTER_BOUND ( 'NONE', #3333, .T. ) ;
#2006 = ORIENTED_EDGE ( 'NONE', *, *, #481, .F. ) ;
#2007 = LINE ( 'NONE', #2611, #3482 ) ;
#2008 = CYLINDRICAL_SURFACE ( 'NONE', #3530, 1.015999999999999570 ) ;
#2009 = CARTESIAN_POINT ( 'NONE',  ( 2.760962509387273389, 1.371600000000000152, 29.97199999999998354 ) ) ;
#2010 = VECTOR ( 'NONE', #2060, 1000.000000000000000 ) ;
#2011 = CARTESIAN_POINT ( 'NONE',  ( 2.343437776823631413, 0.2893758411972788269, -18.02257100582719218 ) ) ;
#2012 = EDGE_CURVE ( 'NONE', #3135, #2607, #1746, .T. ) ;
#2013 = LINE ( 'NONE', #61, #993 ) ;
#2014 = LINE ( 'NONE', #1472, #1216 ) ;
#2015 = DIRECTION ( 'NONE',  ( -0.000000000000000000, -1.000000000000000000, -0.000000000000000000 ) ) ;
#2016 = EDGE_CURVE ( 'NONE', #1389, #261, #631, .T. ) ;
#2017 = AXIS2_PLACEMENT_3D ( 'NONE', #1977, #3111, #1387 ) ;
#2018 = CIRCLE ( 'NONE', #3645, 1.778000000000001801 ) ;
#2019 = VERTEX_POINT ( 'NONE', #1762 ) ;
#2020 = DIRECTION ( 'NONE',  ( 1.000000000000000000, 0.000000000000000000, 4.400024020954809650E-16 ) ) ;
#2021 = ORIENTED_EDGE ( 'NONE', *, *, #2957, .F. ) ;
#2022 = VERTEX_POINT ( 'NONE', #575 ) ;
#2023 = FACE_OUTER_BOUND ( 'NONE', #3531, .T. ) ;
#2024 = DIRECTION ( 'NONE',  ( -3.491481338843133355E-15, -1.000000000000000000, -0.000000000000000000 ) ) ;
#2025 = ORIENTED_EDGE ( 'NONE', *, *, #2203, .T. ) ;
#2026 = ADVANCED_FACE ( 'NONE', ( #1972 ), #2824, .F. ) ;
#2027 = LINE ( 'NONE', #3433, #3016 ) ;
#2028 = ORIENTED_EDGE ( 'NONE', *, *, #3066, .F. ) ;
#2029 = VECTOR ( 'NONE', #3226, 1000.000000000000000 ) ;
#2030 = CARTESIAN_POINT ( 'NONE',  ( 1.551812151076885637, -1.270391329219224597, -27.44985317257363278 ) ) ;
#2031 = FACE_OUTER_BOUND ( 'NONE', #1870, .T. ) ;
#2032 = CARTESIAN_POINT ( 'NONE',  ( 2.539999999999996483, -1.270000000000000018, -23.11400000000000432 ) ) ;
#2033 = PLANE ( 'NONE',  #3571 ) ;
#2034 = CARTESIAN_POINT ( 'NONE',  ( -1.677468199064678034, 0.007839183142354436834, -26.62174233723003525 ) ) ;
#2035 = CARTESIAN_POINT ( 'NONE',  ( -4.064000000000003610, 0.000000000000000000, -10.08820225350369526 ) ) ;
#2036 = VERTEX_POINT ( 'NONE', #1446 ) ;
#2037 = ADVANCED_FACE ( 'NONE', ( #613 ), #3183, .T. ) ;
#2038 = EDGE_CURVE ( 'NONE', #171, #1014, #3082, .T. ) ;
#2039 = CARTESIAN_POINT ( 'NONE',  ( 0.06989177962200442129, 7.051104282779968813, 14.60499999999998622 ) ) ;
#2040 = ORIENTED_EDGE ( 'NONE', *, *, #1445, .T. ) ;
#2041 = CARTESIAN_POINT ( 'NONE',  ( -2.784284520296934851, 2.974918089160107026, 17.88743570735841359 ) ) ;
#2042 = CARTESIAN_POINT ( 'NONE',  ( 4.063999999999998280, -4.434181300330783148E-15, -31.24200000000000443 ) ) ;
#2043 = FACE_OUTER_BOUND ( 'NONE', #1695, .T. ) ;
#2044 = DIRECTION ( 'NONE',  ( 1.000000000000000000, 0.000000000000000000, 4.400024020954809650E-16 ) ) ;
#2045 = CARTESIAN_POINT ( 'NONE',  ( -3.811355405871729385, 3.722286281582402712, 14.60499999999998622 ) ) ;
#2046 = VERTEX_POINT ( 'NONE', #334 ) ;
#2047 = CARTESIAN_POINT ( 'NONE',  ( 4.063999999999996504, 2.794000000000000039, -6.731000000000006089 ) ) ;
#2048 = DIRECTION ( 'NONE',  ( -0.000000000000000000, -0.000000000000000000, 1.000000000000000000 ) ) ;
#2049 = DIRECTION ( 'NONE',  ( 3.466812174700844446E-16, 0.000000000000000000, -1.000000000000000000 ) ) ;
#2050 = EDGE_CURVE ( 'NONE', #1093, #3448, #846, .T. ) ;
#2051 = DIRECTION ( 'NONE',  ( 0.000000000000000000, -0.000000000000000000, -1.000000000000000000 ) ) ;
#2052 = AXIS2_PLACEMENT_3D ( 'NONE', #889, #2507, #3656 ) ;
#2053 = FILL_AREA_STYLE ('',( #2070 ) ) ;
#2054 = CARTESIAN_POINT ( 'NONE',  ( 4.063999999999998280, -1.084202172485504434E-16, -9.271000000000006125 ) ) ;
#2055 = CARTESIAN_POINT ( 'NONE',  ( -1.768119946944235465, 0.01871612752450218381, -26.50235612193675649 ) ) ;
#2056 = CARTESIAN_POINT ( 'NONE',  ( -4.064000000000000945, 2.793999999999996930, 14.60499999999998622 ) ) ;
#2057 = ORIENTED_EDGE ( 'NONE', *, *, #3330, .F. ) ;
#2058 = ADVANCED_FACE ( 'NONE', ( #1149 ), #3414, .T. ) ;
#2059 = VECTOR ( 'NONE', #3278, 1000.000000000000000 ) ;
#2060 = DIRECTION ( 'NONE',  ( -1.000000000000000000, -0.000000000000000000, -2.731847993664263613E-15 ) ) ;
#2061 = ORIENTED_EDGE ( 'NONE', *, *, #1706, .T. ) ;
#2062 = AXIS2_PLACEMENT_3D ( 'NONE', #218, #1347, #1061 ) ;
#2063 = PLANE ( 'NONE',  #1301 ) ;
#2064 = PLANE ( 'NONE',  #474 ) ;
#2065 = DIRECTION ( 'NONE',  ( -3.491481338843133750E-15, -1.000000000000000000, 0.000000000000000000 ) ) ;
#2066 = EDGE_LOOP ( 'NONE', ( #3479, #2930, #1649, #1336 ) ) ;
#2067 = FACE_OUTER_BOUND ( 'NONE', #3553, .T. ) ;
#2068 = PLANE ( 'NONE',  #2204 ) ;
#2069 = ADVANCED_FACE ( 'NONE', ( #590 ), #1723, .T. ) ;
#2070 = FILL_AREA_STYLE_COLOUR ( '', #3346 ) ;
#2071 = CARTESIAN_POINT ( 'NONE',  ( 1.523999999999999133, -4.285986713106758730E-16, -21.95082802828585500 ) ) ;
#2072 = LINE ( 'NONE', #2577, #1792 ) ;
#2073 = LINE ( 'NONE', #1731, #2842 ) ;
#2074 = EDGE_LOOP ( 'NONE', ( #1416, #1022, #2515, #1880, #2878, #3471 ) ) ;
#2075 = EDGE_CURVE ( 'NONE', #3628, #2198, #2437, .T. ) ;
#2076 = ORIENTED_EDGE ( 'NONE', *, *, #1180, .T. ) ;
#2077 = VECTOR ( 'NONE', #1795, 1000.000000000000000 ) ;
#2078 = CARTESIAN_POINT ( 'NONE',  ( 1.524000000000002020, 1.269999999999999796, -21.08199999999999719 ) ) ;
#2079 = ORIENTED_EDGE ( 'NONE', *, *, #2075, .T. ) ;
#2080 = CARTESIAN_POINT ( 'NONE',  ( -2.771032309624704482, 2.993844207416579195, 17.88565585181385842 ) ) ;
#2081 = CIRCLE ( 'NONE', #503, 2.540000000000000480 ) ;
#2082 = LINE ( 'NONE', #3217, #2373 ) ;
#2083 = VECTOR ( 'NONE', #1564, 1000.000000000000000 ) ;
#2084 = DIRECTION ( 'NONE',  ( -1.707404996040165152E-15, 0.000000000000000000, -1.000000000000000000 ) ) ;
#2085 = ORIENTED_EDGE ( 'NONE', *, *, #2294, .F. ) ;
#2086 = LINE ( 'NONE', #2995, #8 ) ;
#2087 = CARTESIAN_POINT ( 'NONE',  ( -2.413000000000001588, 2.793999999999996930, 17.90699999999998582 ) ) ;
#2088 = DIRECTION ( 'NONE',  ( 1.000000000000000000, 0.000000000000000000, -2.845674993400285279E-16 ) ) ;
#2089 = SURFACE_SIDE_STYLE ('',( #3508 ) ) ;
#2090 = DIRECTION ( 'NONE',  ( 1.000000000000000000, 0.000000000000000000, 4.400024020954809650E-16 ) ) ;
#2091 = LINE ( 'NONE', #1838, #3672 ) ;
#2092 = DIRECTION ( 'NONE',  ( -1.000000000000000000, -3.491481338843132961E-15, 2.845674993400287744E-16 ) ) ;
#2093 = ORIENTED_EDGE ( 'NONE', *, *, #3239, .T. ) ;
#2094 = ORIENTED_EDGE ( 'NONE', *, *, #603, .T. ) ;
#2095 = VERTEX_POINT ( 'NONE', #3519 ) ;
#2096 = ADVANCED_FACE ( 'NONE', ( #2961 ), #1869, .T. ) ;
#2097 = CARTESIAN_POINT ( 'NONE',  ( -4.064000000000007162, 1.269999999999990470, -26.16199999999999903 ) ) ;
#2098 = CARTESIAN_POINT ( 'NONE',  ( -4.064000000000005386, 2.794000000000000483, -6.731000000000009642 ) ) ;
#2099 = ORIENTED_EDGE ( 'NONE', *, *, #992, .T. ) ;
#2100 = CARTESIAN_POINT ( 'NONE',  ( -2.768988945923859912, 2.841877509852930750, 17.89810660492243599 ) ) ;
#2101 = EDGE_CURVE ( 'NONE', #858, #2111, #3202, .T. ) ;
#2102 = ORIENTED_EDGE ( 'NONE', *, *, #3664, .T. ) ;
#2103 = ORIENTED_EDGE ( 'NONE', *, *, #1867, .T. ) ;
#2104 = VECTOR ( 'NONE', #3378, 1000.000000000000000 ) ;
#2105 = CARTESIAN_POINT ( 'NONE',  ( -2.758327516034082549, 2.821397093586712312, 17.89988528393794454 ) ) ;
#2106 = LINE ( 'NONE', #705, #2680 ) ;
#2107 = CARTESIAN_POINT ( 'NONE',  ( 2.539999999999997815, -1.270000000000000018, -27.17800000000000082 ) ) ;
#2108 = DIRECTION ( 'NONE',  ( 2.845674993400288237E-16, -1.751623080406021339E-46, 1.000000000000000000 ) ) ;
#2109 = LINE ( 'NONE', #2693, #2912 ) ;
#2110 = EDGE_LOOP ( 'NONE', ( #2626, #2738, #2892, #775 ) ) ;
#2111 = VERTEX_POINT ( 'NONE', #3262 ) ;
#2112 = LINE ( 'NONE', #2764, #3390 ) ;
#2113 = AXIS2_PLACEMENT_3D ( 'NONE', #26, #3159, #2282 ) ;
#2114 = VECTOR ( 'NONE', #2881, 1000.000000000000000 ) ;
#2115 = CARTESIAN_POINT ( 'NONE',  ( 1.531900039214414866, -7.001067658847436276E-05, -27.32382727066492478 ) ) ;
#2116 = ORIENTED_EDGE ( 'NONE', *, *, #351, .F. ) ;
#2117 = ADVANCED_FACE ( 'NONE', ( #2939 ), #433, .F. ) ;
#2118 = CARTESIAN_POINT ( 'NONE',  ( -4.064000000000005386, 1.015999999999999570, -6.731000000000009642 ) ) ;
#2119 = VECTOR ( 'NONE', #3064, 1000.000000000000000 ) ;
#2120 = EDGE_CURVE ( 'NONE', #221, #1160, #2086, .T. ) ;
#2121 = DIRECTION ( 'NONE',  ( -1.000000000000000000, -3.500180241882336472E-15, 0.000000000000000000 ) ) ;
#2122 = EDGE_LOOP ( 'NONE', ( #3192, #755, #2061, #2938 ) ) ;
#2123 = AXIS2_PLACEMENT_3D ( 'NONE', #1962, #592, #3056 ) ;
#2124 = ORIENTED_EDGE ( 'NONE', *, *, #920, .T. ) ;
#2125 = DIRECTION ( 'NONE',  ( 5.986153781733049845E-32, -1.000000000000000000, -1.360482068557900432E-16 ) ) ;
#2126 = EDGE_LOOP ( 'NONE', ( #1938, #2116, #720, #2516 ) ) ;
#2127 = CARTESIAN_POINT ( 'NONE',  ( -4.064000000000005386, 2.794000000000000039, -6.731000000000009642 ) ) ;
#2128 = CARTESIAN_POINT ( 'NONE',  ( -1.524000000000005350, 1.269999999999999352, -23.11400000000001143 ) ) ;
#2129 = CARTESIAN_POINT ( 'NONE',  ( -2.794000000000041339, 11.17599999999997529, -25.40000000000000213 ) ) ;
#2130 = CARTESIAN_POINT ( 'NONE',  ( -2.413000000000001144, 1.523999999999996469, 18.41499999999998138 ) ) ;
#2131 = DIRECTION ( 'NONE',  ( 0.000000000000000000, 0.000000000000000000, -1.000000000000000000 ) ) ;
#2132 = LINE ( 'NONE', #3307, #740 ) ;
#2133 = CARTESIAN_POINT ( 'NONE',  ( -4.064000000000019597, 2.602850168645823636, 27.67445083163015696 ) ) ;
#2134 = ORIENTED_EDGE ( 'NONE', *, *, #2696, .T. ) ;
#2135 = ORIENTED_EDGE ( 'NONE', *, *, #4, .F. ) ;
#2136 = CARTESIAN_POINT ( 'NONE',  ( 1.562894303191603607, 0.0005010926279382577802, -27.46574221287476547 ) ) ;
#2137 = ORIENTED_EDGE ( 'NONE', *, *, #243, .F. ) ;
#2138 =( NAMED_UNIT ( * ) SI_UNIT ( $, .STERADIAN. ) SOLID_ANGLE_UNIT ( ) );
#2139 = VECTOR ( 'NONE', #621, 1000.000000000000000 ) ;
#2140 = LINE ( 'NONE', #1016, #3006 ) ;
#2141 = ORIENTED_EDGE ( 'NONE', *, *, #3589, .F. ) ;
#2142 = VECTOR ( 'NONE', #2211, 1000.000000000000000 ) ;
#2143 = AXIS2_PLACEMENT_3D ( 'NONE', #1519, #1557, #2397 ) ;
#2144 = CIRCLE ( 'NONE', #609, 0.5080000000000015614 ) ;
#2145 = EDGE_CURVE ( 'NONE', #771, #1638, #1671, .T. ) ;
#2146 = CARTESIAN_POINT ( 'NONE',  ( -2.667000000000003368, 2.793999999999996930, 17.90699999999998582 ) ) ;
#2147 = EDGE_LOOP ( 'NONE', ( #3620, #1586, #520, #1355 ) ) ;
#2148 = B_SPLINE_CURVE_WITH_KNOTS ( 'NONE', 3,
 ( #2559, #1680, #1372, #2491, #3639, #817, #2522, #2277, #2814, #21 ),
 .UNSPECIFIED., .F., .F.,
 ( 4, 2, 2, 2, 4 ),
 ( 0.000000000000000000, 0.0004038507326828776707, 0.0008077014653657553413, 0.001211552198048632470, 0.001615402930731509598 ),
 .UNSPECIFIED. ) ;
#2149 = DIRECTION ( 'NONE',  ( -1.000000000000000000, 0.000000000000000000, -4.400024020954809157E-16 ) ) ;
#2150 = LINE ( 'NONE', #175, #1411 ) ;
#2151 = APPLICATION_PROTOCOL_DEFINITION ( 'draft international standard', 'automotive_design', 1998, #645 ) ;
#2152 = FACE_OUTER_BOUND ( 'NONE', #2636, .T. ) ;
#2153 = DIRECTION ( 'NONE',  ( 0.8660254037844380415, 0.000000000000000000, 0.5000000000000009992 ) ) ;
#2154 = PLANE ( 'NONE',  #3389 ) ;
#2155 = ORIENTED_EDGE ( 'NONE', *, *, #211, .T. ) ;
#2156 = EDGE_LOOP ( 'NONE', ( #3356, #2321, #1665, #765 ) ) ;
#2157 = CARTESIAN_POINT ( 'NONE',  ( 1.987378498550996131, 0.08576871003060917986, -28.03325221392326227 ) ) ;
#2158 = ORIENTED_EDGE ( 'NONE', *, *, #1089, .T. ) ;
#2159 = ADVANCED_FACE ( 'NONE', ( #2067 ), #1543, .F. ) ;
#2160 = EDGE_CURVE ( 'NONE', #2579, #3279, #152, .T. ) ;
#2161 = CARTESIAN_POINT ( 'NONE',  ( -4.076588918566077524, 2.603499999999999037, 27.69326821552290241 ) ) ;
#2162 = ADVANCED_FACE ( 'NONE', ( #3541 ), #999, .T. ) ;
#2163 = ORIENTED_EDGE ( 'NONE', *, *, #2509, .T. ) ;
#2164 = CARTESIAN_POINT ( 'NONE',  ( -2.540000000000000924, 0.000000000000000000, -22.09799999999999898 ) ) ;
#2165 = ORIENTED_EDGE ( 'NONE', *, *, #2640, .F. ) ;
#2166 = VECTOR ( 'NONE', #3105, 1000.000000000000000 ) ;
#2167 = CARTESIAN_POINT ( 'NONE',  ( 4.064000000000037360, 11.17599999999999660, -19.55800000000000693 ) ) ;
#2168 = DIRECTION ( 'NONE',  ( 0.000000000000000000, -1.000000000000000000, 0.000000000000000000 ) ) ;
#2169 = EDGE_CURVE ( 'NONE', #2190, #3084, #1597, .T. ) ;
#2170 = EDGE_CURVE ( 'NONE', #2432, #3347, #1463, .T. ) ;
#2171 = DIRECTION ( 'NONE',  ( -3.491481338843132961E-15, -1.000000000000000000, 0.000000000000000000 ) ) ;
#2172 = FACE_OUTER_BOUND ( 'NONE', #3119, .T. ) ;
#2173 = DIRECTION ( 'NONE',  ( 3.491481338843134144E-15, 1.000000000000000000, 0.000000000000000000 ) ) ;
#2174 = ORIENTED_EDGE ( 'NONE', *, *, #944, .F. ) ;
#2175 = VERTEX_POINT ( 'NONE', #3283 ) ;
#2176 = LINE ( 'NONE', #1896, #131 ) ;
#2177 = ORIENTED_EDGE ( 'NONE', *, *, #2798, .T. ) ;
#2178 = AXIS2_PLACEMENT_3D ( 'NONE', #881, #2858, #1459 ) ;
#2179 = ADVANCED_FACE ( 'NONE', ( #1818 ), #1321, .T. ) ;
#2180 = VECTOR ( 'NONE', #438, 1000.000000000000000 ) ;
#2181 = ORIENTED_EDGE ( 'NONE', *, *, #2809, .F. ) ;
#2182 = LINE ( 'NONE', #3030, #2351 ) ;
#2183 = CARTESIAN_POINT ( 'NONE',  ( 1.656861828038652007, -1.267067077546427223, -17.53808301397220504 ) ) ;
#2184 = ORIENTED_EDGE ( 'NONE', *, *, #1895, .T. ) ;
#2185 = FACE_OUTER_BOUND ( 'NONE', #589, .T. ) ;
#2186 = CYLINDRICAL_SURFACE ( 'NONE', #582, 1.015999999999999570 ) ;
#2187 = LINE ( 'NONE', #1111, #1122 ) ;
#2188 = LINE ( 'NONE', #3361, #1646 ) ;
#2189 = PLANE ( 'NONE',  #1019 ) ;
#2190 = VERTEX_POINT ( 'NONE', #1563 ) ;
#2191 = ORIENTED_EDGE ( 'NONE', *, *, #2451, .F. ) ;
#2192 = PLANE ( 'NONE',  #1677 ) ;
#2193 = FACE_OUTER_BOUND ( 'NONE', #1861, .T. ) ;
#2194 = ADVANCED_FACE ( 'NONE', ( #2685 ), #3502, .T. ) ;
#2195 = ORIENTED_EDGE ( 'NONE', *, *, #104, .T. ) ;
#2196 = LINE ( 'NONE', #3336, #323 ) ;
#2197 = ORIENTED_EDGE ( 'NONE', *, *, #1180, .F. ) ;
#2198 = VERTEX_POINT ( 'NONE', #1804 ) ;
#2199 = VECTOR ( 'NONE', #504, 1000.000000000000000 ) ;
#2200 = CARTESIAN_POINT ( 'NONE',  ( -2.667000000000012250, 1.523999999999997135, 17.90699999999998582 ) ) ;
#2201 = ORIENTED_EDGE ( 'NONE', *, *, #1601, .T. ) ;
#2202 = VECTOR ( 'NONE', #1460, 1000.000000000000000 ) ;
#2203 = EDGE_CURVE ( 'NONE', #822, #1779, #76, .T. ) ;
#2204 = AXIS2_PLACEMENT_3D ( 'NONE', #3203, #399, #1747 ) ;
#2205 = CARTESIAN_POINT ( 'NONE',  ( 4.063999999999998280, -1.084202172485504434E-16, -9.271000000000006125 ) ) ;
#2206 = CARTESIAN_POINT ( 'NONE',  ( 2.287121215343689506, -1.155939997104629580, -28.17076713260146903 ) ) ;
#2207 = CARTESIAN_POINT ( 'NONE',  ( -2.794000000000006700, 1.269999999999995133, -26.16199999999999903 ) ) ;
#2208 = CARTESIAN_POINT ( 'NONE',  ( 1.524000000000002020, 1.269999999999999796, -18.03400000000001668 ) ) ;
#2209 = EDGE_LOOP ( 'NONE', ( #3421, #1121, #2448, #1611 ) ) ;
#2210 = DIRECTION ( 'NONE',  ( -1.000000000000000000, 0.000000000000000000, -4.400024020954809157E-16 ) ) ;
#2211 = DIRECTION ( 'NONE',  ( 1.000000000000000000, -0.000000000000000000, -2.731847993664263613E-15 ) ) ;
#2212 = ORIENTED_EDGE ( 'NONE', *, *, #754, .F. ) ;
#2213 = EDGE_CURVE ( 'NONE', #388, #2296, #2657, .T. ) ;
#2214 = AXIS2_PLACEMENT_3D ( 'NONE', #1311, #3291, #1249 ) ;
#2215 = ORIENTED_EDGE ( 'NONE', *, *, #1425, .F. ) ;
#2216 = DIRECTION ( 'NONE',  ( 0.000000000000000000, -6.829619984160655877E-15, -1.000000000000000000 ) ) ;
#2217 = ORIENTED_EDGE ( 'NONE', *, *, #792, .F. ) ;
#2218 = CYLINDRICAL_SURFACE ( 'NONE', #56, 3.682999999999998941 ) ;
#2219 = VECTOR ( 'NONE', #3123, 1000.000000000000000 ) ;
#2220 = CARTESIAN_POINT ( 'NONE',  ( -2.413000000000000700, 2.793999999999996930, 14.09699999999999065 ) ) ;
#2221 = LINE ( 'NONE', #1660, #2500 ) ;
#2222 = ORIENTED_EDGE ( 'NONE', *, *, #3503, .T. ) ;
#2223 = CARTESIAN_POINT ( 'NONE',  ( 1.524000000000002020, 1.269999999999999796, -21.08199999999999719 ) ) ;
#2224 = CARTESIAN_POINT ( 'NONE',  ( -4.064000000000040913, 11.17599999999996818, -23.11400000000001143 ) ) ;
#2225 = DIRECTION ( 'NONE',  ( 0.000000000000000000, 1.360482068557900432E-16, -1.000000000000000000 ) ) ;
#2226 = LINE ( 'NONE', #3057, #3025 ) ;
#2227 =( BOUNDED_CURVE ( )  B_SPLINE_CURVE ( 3, ( #39, #1767, #1991, #1175 ),
 .UNSPECIFIED., .F., .F. ) 
 B_SPLINE_CURVE_WITH_KNOTS ( ( 4, 4 ),
 ( 0.000000000000000000, 1.570796326794896780 ),
 .UNSPECIFIED. ) 
 CURVE ( )  GEOMETRIC_REPRESENTATION_ITEM ( )  RATIONAL_B_SPLINE_CURVE ( ( 1.000000000000000000, 0.8047378541243649375, 0.8047378541243649375, 1.000000000000000000 ) ) 
 REPRESENTATION_ITEM ( '' )  );
#2228 = ORIENTED_EDGE ( 'NONE', *, *, #3313, .T. ) ;
#2229 = CARTESIAN_POINT ( 'NONE',  ( -2.771032309624704482, 2.993844207416579195, 17.88565585181385842 ) ) ;
#2230 = VERTEX_POINT ( 'NONE', #1637 ) ;
#2231 = EDGE_CURVE ( 'NONE', #2190, #2046, #2772, .T. ) ;
#2232 = ORIENTED_EDGE ( 'NONE', *, *, #699, .F. ) ;
#2233 = VECTOR ( 'NONE', #515, 1000.000000000000000 ) ;
#2234 = EDGE_LOOP ( 'NONE', ( #2400, #2767, #684, #3431 ) ) ;
#2235 = CARTESIAN_POINT ( 'NONE',  ( -2.667000000000002480, 2.920999999999997154, 14.60499999999998622 ) ) ;
#2236 = CARTESIAN_POINT ( 'NONE',  ( -4.064000000000007162, 1.269999999999990692, -26.16199999999999903 ) ) ;
#2237 = DIRECTION ( 'NONE',  ( 0.000000000000000000, 1.000000000000000000, 0.000000000000000000 ) ) ;
#2238 = PRODUCT_DEFINITION_SHAPE ( 'NONE', 'NONE',  #2769 ) ;
#2239 = DIRECTION ( 'NONE',  ( 6.829619984160656074E-16, 0.000000000000000000, -1.000000000000000000 ) ) ;
#2240 = VECTOR ( 'NONE', #635, 1000.000000000000227 ) ;
#2241 = PLANE ( 'NONE',  #2052 ) ;
#2242 = DIRECTION ( 'NONE',  ( 0.8191520442889946851, -0.5735764363510420516, 0.000000000000000000 ) ) ;
#2243 = DIRECTION ( 'NONE',  ( 5.463695987328525648E-15, 0.000000000000000000, -1.000000000000000000 ) ) ;
#2244 = EDGE_LOOP ( 'NONE', ( #1661, #2757, #750, #1197 ) ) ;
#2245 = EDGE_CURVE ( 'NONE', #1095, #822, #2756, .T. ) ;
#2246 = ADVANCED_FACE ( 'NONE', ( #3320 ), #795, .T. ) ;
#2247 = EDGE_LOOP ( 'NONE', ( #153, #3587, #7, #1735 ) ) ;
#2248 = CIRCLE ( 'NONE', #1130, 0.5080000000000002292 ) ;
#2249 = DIRECTION ( 'NONE',  ( 0.000000000000000000, -1.000000000000000000, -5.058977766044931886E-16 ) ) ;
#2250 = CARTESIAN_POINT ( 'NONE',  ( 4.063999999999997392, -1.270000000000000018, -26.16199999999999903 ) ) ;
#2251 = AXIS2_PLACEMENT_3D ( 'NONE', #1494, #916, #1516 ) ;
#2252 = DIRECTION ( 'NONE',  ( 0.000000000000000000, 0.000000000000000000, -1.000000000000000000 ) ) ;
#2253 = CARTESIAN_POINT ( 'NONE',  ( -4.064000000000000945, 1.523999999999997135, 14.60499999999998622 ) ) ;
#2254 = CIRCLE ( 'NONE', #554, 0.7620000000000022311 ) ;
#2255 = CARTESIAN_POINT ( 'NONE',  ( 2.027727667516447951, 1.371600000000000597, 31.24199999999998312 ) ) ;
#2256 = DIRECTION ( 'NONE',  ( -4.400024020954809157E-16, 0.000000000000000000, 1.000000000000000000 ) ) ;
#2257 = CARTESIAN_POINT ( 'NONE',  ( -4.077620118106041858, 2.758930198802802547, 17.89277056787589615 ) ) ;
#2258 = AXIS2_PLACEMENT_3D ( 'NONE', #1192, #1784, #2049 ) ;
#2259 = CARTESIAN_POINT ( 'NONE',  ( 4.063999999999998280, 0.000000000000000000, -23.11400000000000787 ) ) ;
#2260 = VERTEX_POINT ( 'NONE', #856 ) ;
#2261 = DIRECTION ( 'NONE',  ( 1.000000000000000000, 0.000000000000000000, 4.400024020954809650E-16 ) ) ;
#2262 = AXIS2_PLACEMENT_3D ( 'NONE', #2291, #3526, #2349 ) ;
#2263 = EDGE_CURVE ( 'NONE', #2609, #2301, #1846, .T. ) ;
#2264 = ORIENTED_EDGE ( 'NONE', *, *, #2358, .T. ) ;
#2265 = PLANE ( 'NONE',  #2413 ) ;
#2266 = DIRECTION ( 'NONE',  ( 0.000000000000000000, -1.000000000000000000, 6.829619984160666921E-15 ) ) ;
#2267 = EDGE_LOOP ( 'NONE', ( #423, #1866, #555, #1523 ) ) ;
#2268 = VERTEX_POINT ( 'NONE', #3597 ) ;
#2269 = DIRECTION ( 'NONE',  ( -1.000000000000000000, 0.000000000000000000, -4.400024020954809157E-16 ) ) ;
#2270 = DIRECTION ( 'NONE',  ( 0.000000000000000000, -1.000000000000000000, -2.731847993664262824E-15 ) ) ;
#2271 = ADVANCED_FACE ( 'NONE', ( #1141 ), #1903, .T. ) ;
#2272 = CARTESIAN_POINT ( 'NONE',  ( -2.413000000000001144, 2.793999999999996930, 14.60499999999998622 ) ) ;
#2273 = EDGE_CURVE ( 'NONE', #2260, #883, #2440, .T. ) ;
#2274 = CARTESIAN_POINT ( 'NONE',  ( -3.608858269356554960, 1.858447065549070132, 17.89988528393794454 ) ) ;
#2275 = CARTESIAN_POINT ( 'NONE',  ( -4.064000000000003610, 0.7619999999999998996, -8.509000000000009223 ) ) ;
#2276 = CYLINDRICAL_SURFACE ( 'NONE', #2385, 2.540000000000000480 ) ;
#2277 = CARTESIAN_POINT ( 'NONE',  ( -1.551812151076888968, -1.270391329219224819, -26.90614682742637243 ) ) ;
#2278 = ORIENTED_EDGE ( 'NONE', *, *, #3029, .F. ) ;
#2279 = CARTESIAN_POINT ( 'NONE',  ( -2.042577771392986907, -1.219671973672192378, -22.99352080129214215 ) ) ;
#2280 = ORIENTED_EDGE ( 'NONE', *, *, #681, .F. ) ;
#2281 = VERTEX_POINT ( 'NONE', #601 ) ;
#2282 = DIRECTION ( 'NONE',  ( 0.000000000000000000, 0.000000000000000000, 1.000000000000000000 ) ) ;
#2283 = DIRECTION ( 'NONE',  ( -2.845674993400288237E-16, 2.980686340760904187E-30, -1.000000000000000000 ) ) ;
#2284 = ORIENTED_EDGE ( 'NONE', *, *, #712, .F. ) ;
#2285 = CYLINDRICAL_SURFACE ( 'NONE', #365, 1.651000000000003132 ) ;
#2286 = ORIENTED_EDGE ( 'NONE', *, *, #2853, .F. ) ;
#2287 = DIRECTION ( 'NONE',  ( 0.000000000000000000, -0.000000000000000000, -1.000000000000000000 ) ) ;
#2288 = FACE_OUTER_BOUND ( 'NONE', #65, .T. ) ;
#2289 = VECTOR ( 'NONE', #1785, 1000.000000000000000 ) ;
#2290 = CARTESIAN_POINT ( 'NONE',  ( -2.413000000000001144, 2.793999999999996930, 14.60499999999998622 ) ) ;
#2291 = CARTESIAN_POINT ( 'NONE',  ( 2.540000000000003588, 1.269999999999999796, -17.01800000000001489 ) ) ;
#2292 = CARTESIAN_POINT ( 'NONE',  ( 1.556043737695752993, -0.001076011466441283366, -21.80567378966597758 ) ) ;
#2293 = DIRECTION ( 'NONE',  ( 0.8191520442889947962, -0.5735764363510419406, -0.000000000000000000 ) ) ;
#2294 = EDGE_CURVE ( 'NONE', #3315, #3279, #304, .T. ) ;
#2295 = PLANE ( 'NONE',  #3334 ) ;
#2296 = VERTEX_POINT ( 'NONE', #1440 ) ;
#2297 = ORIENTED_EDGE ( 'NONE', *, *, #1666, .F. ) ;
#2298 = ADVANCED_FACE ( 'NONE', ( #2479 ), #876, .F. ) ;
#2299 = LINE ( 'NONE', #3233, #2139 ) ;
#2300 = EDGE_LOOP ( 'NONE', ( #501, #3386, #1969, #2094 ) ) ;
#2301 = VERTEX_POINT ( 'NONE', #1653 ) ;
#2302 = CARTESIAN_POINT ( 'NONE',  ( 4.063999999999996504, 1.015999999999999570, -6.731000000000006089 ) ) ;
#2303 = DIRECTION ( 'NONE',  ( 0.000000000000000000, 0.000000000000000000, 1.000000000000000000 ) ) ;
#2304 = CARTESIAN_POINT ( 'NONE',  ( -2.413000000000001588, 2.793999999999996930, 17.90699999999998582 ) ) ;
#2305 = VERTEX_POINT ( 'NONE', #3629 ) ;
#2306 = DIRECTION ( 'NONE',  ( 4.353542619385281381E-16, 1.360482068557900432E-16, -1.000000000000000000 ) ) ;
#2307 = CARTESIAN_POINT ( 'NONE',  ( -4.064000000000018709, 3.070944832876600028, 25.45578960498086829 ) ) ;
#2308 = CARTESIAN_POINT ( 'NONE',  ( -4.064000000000001833, 2.793999999999996486, 18.41499999999998138 ) ) ;
#2309 = CARTESIAN_POINT ( 'NONE',  ( -4.064000000000002721, -1.270000000000000018, -10.08820225350369526 ) ) ;
#2310 = EDGE_CURVE ( 'NONE', #106, #987, #3114, .T. ) ;
#2311 = EDGE_CURVE ( 'NONE', #1437, #772, #508, .T. ) ;
#2312 = DIRECTION ( 'NONE',  ( -2.845674993400285279E-16, 0.000000000000000000, -1.000000000000000000 ) ) ;
#2313 = VECTOR ( 'NONE', #2854, 1000.000000000000000 ) ;
#2314 = LINE ( 'NONE', #3462, #2979 ) ;
#2315 = DIRECTION ( 'NONE',  ( 3.414809992080328037E-16, -0.000000000000000000, 1.000000000000000000 ) ) ;
#2316 = EDGE_CURVE ( 'NONE', #2281, #1844, #1715, .T. ) ;
#2317 = CARTESIAN_POINT ( 'NONE',  ( -1.586440883014092362, 0.001171114743146030616, -26.81986185044481275 ) ) ;
#2318 = DIRECTION ( 'NONE',  ( -2.845674993400287744E-16, -9.717439401676431393E-31, -1.000000000000000000 ) ) ;
#2319 = VECTOR ( 'NONE', #2911, 1000.000000000000000 ) ;
#2320 = AXIS2_PLACEMENT_3D ( 'NONE', #3473, #1757, #2874 ) ;
#2321 = ORIENTED_EDGE ( 'NONE', *, *, #1764, .F. ) ;
#2322 = AXIS2_PLACEMENT_3D ( 'NONE', #3619, #847, #1399 ) ;
#2323 = AXIS2_PLACEMENT_3D ( 'NONE', #3666, #2252, #3395 ) ;
#2324 = DIRECTION ( 'NONE',  ( 1.000000000000000000, 3.491481338843132961E-15, -2.845674993400287744E-16 ) ) ;
#2325 = ORIENTED_EDGE ( 'NONE', *, *, #2926, .T. ) ;
#2326 = VERTEX_POINT ( 'NONE', #2200 ) ;
#2327 = DIRECTION ( 'NONE',  ( 0.000000000000000000, 0.000000000000000000, 1.000000000000000000 ) ) ;
#2328 = EDGE_CURVE ( 'NONE', #3444, #629, #2542, .T. ) ;
#2329 = ORIENTED_EDGE ( 'NONE', *, *, #260, .T. ) ;
#2330 = AXIS2_PLACEMENT_3D ( 'NONE', #1193, #338, #1450 ) ;
#2331 = FACE_OUTER_BOUND ( 'NONE', #3058, .T. ) ;
#2332 = DIRECTION ( 'NONE',  ( 3.491481338843133355E-15, 1.000000000000000000, 0.000000000000000000 ) ) ;
#2333 = PLANE ( 'NONE',  #141 ) ;
#2334 = CARTESIAN_POINT ( 'NONE',  ( -4.064000000000005386, 1.524000000000000687, -6.731000000000009642 ) ) ;
#2335 = PLANE ( 'NONE',  #1240 ) ;
#2336 = CARTESIAN_POINT ( 'NONE',  ( -2.540000000000001812, 0.5079999999999929017, -26.16199999999999903 ) ) ;
#2337 = CARTESIAN_POINT ( 'NONE',  ( 1.656675358695482769, -1.267079273486031887, -21.57809142202415131 ) ) ;
#2338 = ORIENTED_EDGE ( 'NONE', *, *, #506, .F. ) ;
#2339 = FACE_OUTER_BOUND ( 'NONE', #806, .T. ) ;
#2340 = ORIENTED_EDGE ( 'NONE', *, *, #1126, .F. ) ;
#2341 = DIRECTION ( 'NONE',  ( 3.491481338843133355E-15, 1.000000000000000000, 5.058977766044931886E-16 ) ) ;
#2342 = EDGE_CURVE ( 'NONE', #1359, #3219, #3340, .T. ) ;
#2343 = DIRECTION ( 'NONE',  ( 0.000000000000000000, 2.626776916984863397E-16, -1.000000000000000000 ) ) ;
#2344 = VERTEX_POINT ( 'NONE', #366 ) ;
#2345 = CARTESIAN_POINT ( 'NONE',  ( -4.023429862737526896, 2.501221766239054567, 17.89454924689141180 ) ) ;
#2346 = CARTESIAN_POINT ( 'NONE',  ( -2.708484290757786184, 2.812623847440347991, 17.90344264196896518 ) ) ;
#2347 = CARTESIAN_POINT ( 'NONE',  ( 2.794000000000061323, 18.03400000000000247, -19.55800000000000693 ) ) ;
#2348 = DIRECTION ( 'NONE',  ( 0.000000000000000000, -1.000000000000000000, 0.000000000000000000 ) ) ;
#2349 = DIRECTION ( 'NONE',  ( 0.000000000000000000, 0.000000000000000000, 1.000000000000000000 ) ) ;
#2350 = DIRECTION ( 'NONE',  ( -1.000000000000000000, 0.000000000000000000, -4.400024020954809650E-16 ) ) ;
#2351 = VECTOR ( 'NONE', #3493, 1000.000000000000000 ) ;
#2352 = DIRECTION ( 'NONE',  ( 1.000000000000000000, 0.000000000000000000, 4.400024020954809650E-16 ) ) ;
#2353 = VERTEX_POINT ( 'NONE', #3514 ) ;
#2354 = VECTOR ( 'NONE', #3297, 1000.000000000000000 ) ;
#2355 = AXIS2_PLACEMENT_3D ( 'NONE', #1711, #299, #3042 ) ;
#2356 = LINE ( 'NONE', #2870, #669 ) ;
#2357 = ORIENTED_EDGE ( 'NONE', *, *, #2934, .T. ) ;
#2358 = EDGE_CURVE ( 'NONE', #1554, #1458, #721, .T. ) ;
#2359 = DIRECTION ( 'NONE',  ( -1.000000000000000000, 0.000000000000000000, -4.400024020954809157E-16 ) ) ;
#2360 = PLANE ( 'NONE',  #3075 ) ;
#2361 = ORIENTED_EDGE ( 'NONE', *, *, #851, .F. ) ;
#2362 = CYLINDRICAL_SURFACE ( 'NONE', #2452, 1.270000000000000240 ) ;
#2363 = DIRECTION ( 'NONE',  ( -1.000000000000000000, 3.491481338843133750E-15, 0.000000000000000000 ) ) ;
#2364 = VECTOR ( 'NONE', #2877, 1000.000000000000000 ) ;
#2365 = DIRECTION ( 'NONE',  ( 5.986153781733049845E-32, -1.000000000000000000, -1.360482068557900432E-16 ) ) ;
#2366 = ADVANCED_FACE ( 'NONE', ( #2656 ), #1254, .T. ) ;
#2367 = DIRECTION ( 'NONE',  ( -6.829619984160656074E-16, -6.829619984160656074E-16, 1.000000000000000000 ) ) ;
#2368 = CARTESIAN_POINT ( 'NONE',  ( -2.794000000000006700, 1.269999999999995133, -26.16199999999999903 ) ) ;
#2369 = DIRECTION ( 'NONE',  ( -1.000000000000000000, 3.491481338843132961E-15, -0.000000000000000000 ) ) ;
#2370 = VERTEX_POINT ( 'NONE', #2098 ) ;
#2371 = VECTOR ( 'NONE', #491, 1000.000000000000000 ) ;
#2372 = AXIS2_PLACEMENT_3D ( 'NONE', #1839, #2984, #2965 ) ;
#2373 = VECTOR ( 'NONE', #424, 1000.000000000000000 ) ;
#2374 = CARTESIAN_POINT ( 'NONE',  ( -1.678367417933323225, 0.007925624881183144718, -22.65586542543619686 ) ) ;
#2375 = ORIENTED_EDGE ( 'NONE', *, *, #1919, .T. ) ;
#2376 = VECTOR ( 'NONE', #962, 1000.000000000000000 ) ;
#2377 = CARTESIAN_POINT ( 'NONE',  ( -4.064000000000019597, 1.333499999999998797, 27.71507286209165954 ) ) ;
#2378 = DIRECTION ( 'NONE',  ( 0.000000000000000000, 1.000000000000000000, -0.000000000000000000 ) ) ;
#2379 = EDGE_LOOP ( 'NONE', ( #2184, #454, #2735, #3040 ) ) ;
#2380 = EDGE_CURVE ( 'NONE', #2763, #3097, #3520, .T. ) ;
#2381 = ORIENTED_EDGE ( 'NONE', *, *, #404, .F. ) ;
#2382 = EDGE_CURVE ( 'NONE', #2851, #553, #2356, .T. ) ;
#2383 = DIRECTION ( 'NONE',  ( 4.400024020954809650E-16, 0.000000000000000000, -1.000000000000000000 ) ) ;
#2384 = DIRECTION ( 'NONE',  ( 0.000000000000000000, 1.000000000000000000, 0.000000000000000000 ) ) ;
#2385 = AXIS2_PLACEMENT_3D ( 'NONE', #3129, #596, #3418 ) ;
#2386 = LINE ( 'NONE', #3544, #2651 ) ;
#2387 = CARTESIAN_POINT ( 'NONE',  ( -2.794000000000005812, 1.269999999999995133, -23.11400000000001143 ) ) ;
#2388 = CARTESIAN_POINT ( 'NONE',  ( -4.064000000000019597, 1.333499999999998797, 27.71507286209165954 ) ) ;
#2389 = CARTESIAN_POINT ( 'NONE',  ( 4.063999999999996504, 1.015999999999999570, -6.731000000000006089 ) ) ;
#2390 = PLANE ( 'NONE',  #439 ) ;
#2391 = VERTEX_POINT ( 'NONE', #2623 ) ;
#2392 = EDGE_CURVE ( 'NONE', #2852, #1554, #122, .T. ) ;
#2393 = ORIENTED_EDGE ( 'NONE', *, *, #1043, .F. ) ;
#2394 = EDGE_CURVE ( 'NONE', #2820, #1477, #107, .T. ) ;
#2395 = LINE ( 'NONE', #1879, #784 ) ;
#2396 = EDGE_LOOP ( 'NONE', ( #387, #1302, #2278, #189 ) ) ;
#2397 = DIRECTION ( 'NONE',  ( 0.000000000000000000, 1.000000000000000000, 1.360482068557900432E-16 ) ) ;
#2398 = CARTESIAN_POINT ( 'NONE',  ( -2.667000000000003368, 2.793999999999996930, 17.90699999999998582 ) ) ;
#2399 = ORIENTED_EDGE ( 'NONE', *, *, #190, .T. ) ;
#2400 = ORIENTED_EDGE ( 'NONE', *, *, #3513, .T. ) ;
#2401 = CARTESIAN_POINT ( 'NONE',  ( 2.540000000000004032, -1.057948453037567127, -18.03400000000001668 ) ) ;
#2402 = VERTEX_POINT ( 'NONE', #3173 ) ;
#2403 = CARTESIAN_POINT ( 'NONE',  ( -4.064000000000004498, 0.7620000000000085594, -7.239000000000009649 ) ) ;
#2404 = EDGE_CURVE ( 'NONE', #1095, #2540, #1199, .T. ) ;
#2405 = CARTESIAN_POINT ( 'NONE',  ( -4.064000000000001833, -1.270000000000000018, -21.08199999999999719 ) ) ;
#2406 =( LENGTH_UNIT ( ) NAMED_UNIT ( * ) SI_UNIT ( .MILLI., .METRE. ) );
#2407 = CARTESIAN_POINT ( 'NONE',  ( 1.524000000000002020, 1.269999999999999796, -21.08199999999999719 ) ) ;
#2408 = CARTESIAN_POINT ( 'NONE',  ( -2.413000000000001144, 2.793999999999996930, 14.60499999999998622 ) ) ;
#2409 = DIRECTION ( 'NONE',  ( -4.400024020954809157E-16, 0.000000000000000000, 1.000000000000000000 ) ) ;
#2410 = VERTEX_POINT ( 'NONE', #1456 ) ;
#2411 = ORIENTED_EDGE ( 'NONE', *, *, #2382, .T. ) ;
#2412 = CIRCLE ( 'NONE', #3435, 0.5080000000000002292 ) ;
#2413 = AXIS2_PLACEMENT_3D ( 'NONE', #3472, #3408, #1718 ) ;
#2414 = CYLINDRICAL_SURFACE ( 'NONE', #2739, 0.7620000000000005658 ) ;
#2415 = ORIENTED_EDGE ( 'NONE', *, *, #2273, .T. ) ;
#2416 = EDGE_CURVE ( 'NONE', #2402, #2609, #3412, .T. ) ;
#2417 = CARTESIAN_POINT ( 'NONE',  ( 1.524000000000000687, 0.000000000000000000, -16.00200000000000955 ) ) ;
#2418 = AXIS2_PLACEMENT_3D ( 'NONE', #3583, #2171, #1310 ) ;
#2419 = EDGE_LOOP ( 'NONE', ( #717, #3606, #2228, #2817 ) ) ;
#2420 = DIRECTION ( 'NONE',  ( -1.000000000000000000, 0.000000000000000000, -0.000000000000000000 ) ) ;
#2421 = VERTEX_POINT ( 'NONE', #1221 ) ;
#2422 = LINE ( 'NONE', #743, #3087 ) ;
#2423 = DIRECTION ( 'NONE',  ( 0.000000000000000000, -1.000000000000000000, 0.000000000000000000 ) ) ;
#2424 = ITEM_DEFINED_TRANSFORMATION ( 'NONE', 'NONE', #266,  #3037 ) ;
#2425 = DIRECTION ( 'NONE',  ( -0.8191520442889954623, 0.5735764363510410524, 0.000000000000000000 ) ) ;
#2426 = AXIS2_PLACEMENT_3D ( 'NONE', #3517, #667, #2084 ) ;
#2427 = DIRECTION ( 'NONE',  ( 3.491481338843132961E-15, -1.000000000000000000, -3.974248454347870148E-30 ) ) ;
#2428 = DIRECTION ( 'NONE',  ( -0.000000000000000000, -0.000000000000000000, -1.000000000000000000 ) ) ;
#2429 = EDGE_CURVE ( 'NONE', #3054, #886, #2299, .T. ) ;
#2430 = ORIENTED_EDGE ( 'NONE', *, *, #326, .T. ) ;
#2431 = EDGE_CURVE ( 'NONE', #66, #2432, #3156, .T. ) ;
#2432 = VERTEX_POINT ( 'NONE', #2953 ) ;
#2433 = ADVANCED_FACE ( 'NONE', ( #2339 ), #2580, .T. ) ;
#2434 = CYLINDRICAL_SURFACE ( 'NONE', #2789, 0.5080000000000015614 ) ;
#2435 = AXIS2_PLACEMENT_3D ( 'NONE', #3510, #2910, #2556 ) ;
#2436 = ORIENTED_EDGE ( 'NONE', *, *, #1395, .T. ) ;
#2437 = CIRCLE ( 'NONE', #1257, 1.651000000000003132 ) ;
#2438 = ORIENTED_EDGE ( 'NONE', *, *, #1043, .T. ) ;
#2439 = AXIS2_PLACEMENT_3D ( 'NONE', #832, #1965, #282 ) ;
#2440 = LINE ( 'NONE', #286, #1023 ) ;
#2441 = ORIENTED_EDGE ( 'NONE', *, *, #3110, .T. ) ;
#2442 = PLANE ( 'NONE',  #2622 ) ;
#2443 = APPLICATION_PROTOCOL_DEFINITION ( 'draft international standard', 'automotive_design', 1998, #1264 ) ;
#2444 = CYLINDRICAL_SURFACE ( 'NONE', #355, 1.015999999999999570 ) ;
#2445 = DIRECTION ( 'NONE',  ( -4.400024020954809157E-16, 0.000000000000000000, 1.000000000000000000 ) ) ;
#2446 = CARTESIAN_POINT ( 'NONE',  ( -3.472200306001976156, 3.873499999999999499, 28.74009999999998399 ) ) ;
#2447 = VECTOR ( 'NONE', #3109, 1000.000000000000000 ) ;
#2448 = ORIENTED_EDGE ( 'NONE', *, *, #3368, .F. ) ;
#2449 = EDGE_CURVE ( 'NONE', #1356, #2046, #1620, .T. ) ;
#2450 = ORIENTED_EDGE ( 'NONE', *, *, #326, .F. ) ;
#2451 = EDGE_CURVE ( 'NONE', #246, #3155, #895, .T. ) ;
#2452 = AXIS2_PLACEMENT_3D ( 'NONE', #1675, #1643, #2239 ) ;
#2453 = DIRECTION ( 'NONE',  ( -0.04999048033272630170, -0.07139380484326472709, -0.9961946980917461003 ) ) ;
#2454 = EDGE_LOOP ( 'NONE', ( #3263, #2481, #696, #1491 ) ) ;
#2455 = ORIENTED_EDGE ( 'NONE', *, *, #133, .F. ) ;
#2456 = CARTESIAN_POINT ( 'NONE',  ( -4.064000000000003610, 0.000000000000000000, -10.08820225350369526 ) ) ;
#2457 = EDGE_CURVE ( 'NONE', #2111, #3044, #3271, .T. ) ;
#2458 = DIRECTION ( 'NONE',  ( -1.810270601463845295E-31, -1.000000000000000000, 4.114228906120868991E-16 ) ) ;
#2459 = DIRECTION ( 'NONE',  ( 0.000000000000000000, 0.000000000000000000, 1.000000000000000000 ) ) ;
#2460 = ORIENTED_EDGE ( 'NONE', *, *, #1998, .T. ) ;
#2461 = FACE_OUTER_BOUND ( 'NONE', #1654, .T. ) ;
#2462 = CARTESIAN_POINT ( 'NONE',  ( 4.063999999999998280, 0.000000000000000000, -10.08820225350369171 ) ) ;
#2463 = ADVANCED_FACE ( 'NONE', ( #2751 ), #3254, .T. ) ;
#2464 = SHAPE_DEFINITION_REPRESENTATION ( #1662, #2987 ) ;
#2465 = DIRECTION ( 'NONE',  ( 0.000000000000000000, 1.000000000000000000, 0.000000000000000000 ) ) ;
#2466 = CARTESIAN_POINT ( 'NONE',  ( 2.794000000000002260, 1.269999999999995577, -18.03400000000001668 ) ) ;
#2467 = LINE ( 'NONE', #139, #1435 ) ;
#2468 = ORIENTED_EDGE ( 'NONE', *, *, #1755, .F. ) ;
#2469 = ORIENTED_EDGE ( 'NONE', *, *, #1317, .F. ) ;
#2470 = FACE_OUTER_BOUND ( 'NONE', #75, .T. ) ;
#2471 = LINE ( 'NONE', #1648, #939 ) ;
#2472 = ORIENTED_EDGE ( 'NONE', *, *, #2736, .F. ) ;
#2473 = VECTOR ( 'NONE', #3416, 1000.000000000000000 ) ;
#2474 = ORIENTED_EDGE ( 'NONE', *, *, #270, .T. ) ;
#2475 = EDGE_CURVE ( 'NONE', #2046, #771, #1127, .T. ) ;
#2476 = ADVANCED_FACE ( 'NONE', ( #2193 ), #769, .F. ) ;
#2477 = ORIENTED_EDGE ( 'NONE', *, *, #3186, .F. ) ;
#2478 = AXIS2_PLACEMENT_3D ( 'NONE', #2208, #2303, #1144 ) ;
#2479 = FACE_OUTER_BOUND ( 'NONE', #1652, .T. ) ;
#2480 = VECTOR ( 'NONE', #3380, 1000.000000000000000 ) ;
#2481 = ORIENTED_EDGE ( 'NONE', *, *, #1425, .T. ) ;
#2482 = DIRECTION ( 'NONE',  ( -0.000000000000000000, -0.000000000000000000, -1.000000000000000000 ) ) ;
#2483 =( NAMED_UNIT ( * ) SI_UNIT ( $, .STERADIAN. ) SOLID_ANGLE_UNIT ( ) );
#2484 = DIRECTION ( 'NONE',  ( 1.000000000000000000, 0.000000000000000000, 0.000000000000000000 ) ) ;
#2485 = CARTESIAN_POINT ( 'NONE',  ( 4.063999999999981405, 2.602850168645823636, 27.67445083163016051 ) ) ;
#2486 = DIRECTION ( 'NONE',  ( 3.414809992080328037E-16, -0.000000000000000000, 1.000000000000000000 ) ) ;
#2487 = ORIENTED_EDGE ( 'NONE', *, *, #469, .F. ) ;
#2488 = ORIENTED_EDGE ( 'NONE', *, *, #1679, .F. ) ;
#2489 = EDGE_CURVE ( 'NONE', #2353, #841, #1335, .T. ) ;
#2490 = ADVANCED_FACE ( 'NONE', ( #789 ), #3608, .T. ) ;
#2491 = CARTESIAN_POINT ( 'NONE',  ( -2.042794389452225357, -1.219656851924082241, -26.28227635950433339 ) ) ;
#2492 = ORIENTED_EDGE ( 'NONE', *, *, #1294, .F. ) ;
#2493 = ORIENTED_EDGE ( 'NONE', *, *, #260, .F. ) ;
#2494 = B_SPLINE_CURVE_WITH_KNOTS ( 'NONE', 3,
 ( #870, #2867, #1433, #340, #2317, #2034, #2055, #2634, #1231, #40, #62, #1789, #103, #2336 ),
 .UNSPECIFIED., .F., .F.,
 ( 4, 2, 2, 2, 2, 2, 4 ),
 ( 0.000000000000000000, 0.0002176480050979878419, 0.0004352960101959756837, 0.0008705920203919417181, 0.001088240025489920805, 0.001305888030587899892, 0.001741184040783858283 ),
 .UNSPECIFIED. ) ;
#2495 = EDGE_LOOP ( 'NONE', ( #748, #917, #235, #3294 ) ) ;
#2496 = AXIS2_PLACEMENT_3D ( 'NONE', #2969, #2453, #1573 ) ;
#2497 = ORIENTED_EDGE ( 'NONE', *, *, #83, .F. ) ;
#2498 = VECTOR ( 'NONE', #537, 1000.000000000000000 ) ;
#2499 = VECTOR ( 'NONE', #1575, 1000.000000000000000 ) ;
#2500 = VECTOR ( 'NONE', #1910, 1000.000000000000000 ) ;
#2501 = DIRECTION ( 'NONE',  ( -1.000000000000000000, -0.000000000000000000, 4.268512490100411402E-16 ) ) ;
#2502 = LINE ( 'NONE', #2779, #1353 ) ;
#2503 = DIRECTION ( 'NONE',  ( -3.491481338843133355E-15, 1.000000000000000000, -2.669161299434197443E-34 ) ) ;
#2504 = ORIENTED_EDGE ( 'NONE', *, *, #3349, .F. ) ;
#2505 = CARTESIAN_POINT ( 'NONE',  ( -3.957130290352283364, 3.514098170878434235, 17.88743571428234347 ) ) ;
#2506 = CARTESIAN_POINT ( 'NONE',  ( -2.540000000000002256, -1.270000000000000018, -28.19400000000000972 ) ) ;
#2507 = DIRECTION ( 'NONE',  ( 1.000000000000000000, 1.760062318612725634E-31, -8.537024980200912537E-16 ) ) ;
#2508 = DIRECTION ( 'NONE',  ( 4.400024020954809157E-16, 0.000000000000000000, -1.000000000000000000 ) ) ;
#2509 = EDGE_CURVE ( 'NONE', #46, #1356, #2176, .T. ) ;
#2510 = CARTESIAN_POINT ( 'NONE',  ( -4.064000000000001833, -1.270000000000000018, -31.24200000000000799 ) ) ;
#2511 = EDGE_CURVE ( 'NONE', #3044, #143, #3295, .T. ) ;
#2512 = EDGE_LOOP ( 'NONE', ( #2713, #1754, #3157, #2642 ) ) ;
#2513 = FACE_OUTER_BOUND ( 'NONE', #2840, .T. ) ;
#2514 = SHAPE_REPRESENTATION ( 'PC5930T', ( #3094, #266 ), #2918 ) ;
#2515 = ORIENTED_EDGE ( 'NONE', *, *, #857, .F. ) ;
#2516 = ORIENTED_EDGE ( 'NONE', *, *, #3490, .F. ) ;
#2517 = CARTESIAN_POINT ( 'NONE',  ( 4.064000000000037360, 11.17599999999999660, -21.08200000000000074 ) ) ;
#2518 = CARTESIAN_POINT ( 'NONE',  ( 2.794000000000061323, 18.03400000000000247, -29.71800000000000352 ) ) ;
#2519 = LINE ( 'NONE', #1114, #1143 ) ;
#2520 = DIRECTION ( 'NONE',  ( -0.000000000000000000, -0.000000000000000000, -1.000000000000000000 ) ) ;
#2521 = LINE ( 'NONE', #564, #2480 ) ;
#2522 = CARTESIAN_POINT ( 'NONE',  ( -1.656861828038650897, -1.267067077546428555, -26.65791698602781423 ) ) ;
#2523 = ORIENTED_EDGE ( 'NONE', *, *, #2736, .T. ) ;
#2524 = ORIENTED_EDGE ( 'NONE', *, *, #2758, .T. ) ;
#2525 = ADVANCED_FACE ( 'NONE', ( #2734 ), #2414, .F. ) ;
#2526 = VECTOR ( 'NONE', #2168, 1000.000000000000000 ) ;
#2527 = ORIENTED_EDGE ( 'NONE', *, *, #67, .F. ) ;
#2528 = EDGE_CURVE ( 'NONE', #695, #958, #1863, .T. ) ;
#2529 = VECTOR ( 'NONE', #2701, 1000.000000000000000 ) ;
#2530 = CARTESIAN_POINT ( 'NONE',  ( -4.064000000000018709, 2.793999999999995598, 24.66411957583391867 ) ) ;
#2531 = VECTOR ( 'NONE', #1831, 1000.000000000000000 ) ;
#2532 = CARTESIAN_POINT ( 'NONE',  ( -4.064000000000001833, 0.000000000000000000, -31.24200000000000799 ) ) ;
#2533 = DIRECTION ( 'NONE',  ( 0.000000000000000000, -1.000000000000000000, 0.000000000000000000 ) ) ;
#2534 = CARTESIAN_POINT ( 'NONE',  ( -4.064000000000002721, 0.000000000000000000, -10.08820225350369526 ) ) ;
#2535 = CARTESIAN_POINT ( 'NONE',  ( -4.064000000000018709, 3.070944832876600028, 25.45578960498086829 ) ) ;
#2536 = CARTESIAN_POINT ( 'NONE',  ( 2.794000000000037343, 11.17600000000000193, -30.48000000000000398 ) ) ;
#2537 = ADVANCED_FACE ( 'NONE', ( #2470 ), #3624, .T. ) ;
#2538 = EDGE_CURVE ( 'NONE', #1233, #624, #1354, .T. ) ;
#2539 = DIRECTION ( 'NONE',  ( 0.5000000000000009992, -0.000000000000000000, -0.8660254037844380415 ) ) ;
#2540 = VERTEX_POINT ( 'NONE', #183 ) ;
#2541 = ORIENTED_EDGE ( 'NONE', *, *, #63, .T. ) ;
#2542 = LINE ( 'NONE', #324, #1493 ) ;
#2543 = ORIENTED_EDGE ( 'NONE', *, *, #1272, .T. ) ;
#2544 = CARTESIAN_POINT ( 'NONE',  ( 2.626047824854000456, 3.873499999999997723, 30.20567908829874071 ) ) ;
#2545 = ADVANCED_FACE ( 'NONE', ( #1315 ), #2434, .F. ) ;
#2546 = ORIENTED_EDGE ( 'NONE', *, *, #2548, .F. ) ;
#2547 = ORIENTED_EDGE ( 'NONE', *, *, #1166, .T. ) ;
#2548 = EDGE_CURVE ( 'NONE', #2301, #711, #2395, .T. ) ;
#2549 = VECTOR ( 'NONE', #2704, 1000.000000000000000 ) ;
#2550 = AXIS2_PLACEMENT_3D ( 'NONE', #1859, #2428, #1349 ) ;
#2551 = CARTESIAN_POINT ( 'NONE',  ( 4.063999999999982293, 2.077889665753205328, 26.24745963412781791 ) ) ;
#2552 = DIRECTION ( 'NONE',  ( 0.000000000000000000, 1.000000000000000000, 0.000000000000000000 ) ) ;
#2553 = AXIS2_PLACEMENT_3D ( 'NONE', #472, #132, #1041 ) ;
#2554 = DIRECTION ( 'NONE',  ( -8.537024980200913523E-16, -0.000000000000000000, 1.000000000000000000 ) ) ;
#2555 = CARTESIAN_POINT ( 'NONE',  ( 2.540000000000003588, 0.5080000000000016724, -18.03400000000001668 ) ) ;
#2556 = DIRECTION ( 'NONE',  ( 0.000000000000000000, 0.000000000000000000, -1.000000000000000000 ) ) ;
#2557 = EDGE_CURVE ( 'NONE', #1369, #535, #1140, .T. ) ;
#2558 = VECTOR ( 'NONE', #3653, 1000.000000000000000 ) ;
#2559 = CARTESIAN_POINT ( 'NONE',  ( -2.540000000000001812, -1.057948453037570014, -26.16199999999999903 ) ) ;
#2560 = ORIENTED_EDGE ( 'NONE', *, *, #823, .T. ) ;
#2561 = CARTESIAN_POINT ( 'NONE',  ( -1.524000000000003796, -1.270000000000001128, -22.23451436352759103 ) ) ;
#2562 = ORIENTED_EDGE ( 'NONE', *, *, #2548, .T. ) ;
#2563 =( GEOMETRIC_REPRESENTATION_CONTEXT ( 3 ) GLOBAL_UNCERTAINTY_ASSIGNED_CONTEXT ( ( #3302 ) ) GLOBAL_UNIT_ASSIGNED_CONTEXT ( ( #1567, #383, #1836 ) ) REPRESENTATION_CONTEXT ( 'NONE', 'WORKASPACE' ) );
#2564 = ORIENTED_EDGE ( 'NONE', *, *, #923, .T. ) ;
#2565 = CARTESIAN_POINT ( 'NONE',  ( -2.540000000000001812, -1.057948453037570014, -26.16199999999999903 ) ) ;
#2566 = DIRECTION ( 'NONE',  ( 0.000000000000000000, 0.000000000000000000, 1.000000000000000000 ) ) ;
#2567 = CARTESIAN_POINT ( 'NONE',  ( 4.063999999999997392, 0.000000000000000000, -26.16199999999999903 ) ) ;
#2568 = DIRECTION ( 'NONE',  ( 0.000000000000000000, -1.000000000000000000, 0.000000000000000000 ) ) ;
#2569 = ORIENTED_EDGE ( 'NONE', *, *, #3332, .T. ) ;
#2570 = EDGE_CURVE ( 'NONE', #1944, #1995, #2765, .T. ) ;
#2571 = DIRECTION ( 'NONE',  ( 0.000000000000000000, -1.000000000000000000, 0.000000000000000000 ) ) ;
#2572 = DIRECTION ( 'NONE',  ( 0.000000000000000000, 0.000000000000000000, 1.000000000000000000 ) ) ;
#2573 = ADVANCED_FACE ( 'NONE', ( #1136 ), #2829, .T. ) ;
#2574 = DIRECTION ( 'NONE',  ( 0.000000000000000000, -1.707404996040164018E-16, -1.000000000000000000 ) ) ;
#2575 = CARTESIAN_POINT ( 'NONE',  ( -3.811355405871729385, 3.722286281582404044, 17.88565585181385842 ) ) ;
#2576 = FACE_OUTER_BOUND ( 'NONE', #1940, .T. ) ;
#2577 = CARTESIAN_POINT ( 'NONE',  ( -4.064000000000019597, 2.603499999999999037, 27.71507286209165954 ) ) ;
#2578 = CARTESIAN_POINT ( 'NONE',  ( 1.926914854779126829, -1.239705875688009273, -21.27679628972376236 ) ) ;
#2579 = VERTEX_POINT ( 'NONE', #1157 ) ;
#2580 = CYLINDRICAL_SURFACE ( 'NONE', #2737, 0.7620000000000022311 ) ;
#2581 = ORIENTED_EDGE ( 'NONE', *, *, #610, .T. ) ;
#2582 = ORIENTED_EDGE ( 'NONE', *, *, #1362, .F. ) ;
#2583 = PLANE ( 'NONE',  #2178 ) ;
#2584 = DIRECTION ( 'NONE',  ( -1.000000000000000000, 3.491481338843132961E-15, -0.000000000000000000 ) ) ;
#2585 = CARTESIAN_POINT ( 'NONE',  ( -4.064000000000003610, 0.000000000000000000, -10.08820225350369526 ) ) ;
#2586 = CARTESIAN_POINT ( 'NONE',  ( 4.063999999999998280, 0.7620000000000001217, -7.239000000000006096 ) ) ;
#2587 = DIRECTION ( 'NONE',  ( 1.000000000000000000, 0.000000000000000000, 4.400024020954809650E-16 ) ) ;
#2588 = ORIENTED_EDGE ( 'NONE', *, *, #851, .T. ) ;
#2589 = VECTOR ( 'NONE', #1078, 1000.000000000000000 ) ;
#2590 = AXIS2_PLACEMENT_3D ( 'NONE', #2302, #900, #347 ) ;
#2591 = VECTOR ( 'NONE', #2593, 1000.000000000000000 ) ;
#2592 = CARTESIAN_POINT ( 'NONE',  ( 2.794000000000002260, 1.269999999999995577, -31.24200000000000443 ) ) ;
#2593 = DIRECTION ( 'NONE',  ( 3.491481338843133355E-15, 1.000000000000000000, 5.058977766044931886E-16 ) ) ;
#2594 = CARTESIAN_POINT ( 'NONE',  ( -2.794000000000040451, 11.17599999999997529, -23.87600000000000477 ) ) ;
#2595 = VECTOR ( 'NONE', #1776, 1000.000000000000000 ) ;
#2596 = PLANE ( 'NONE',  #1059 ) ;
#2597 = DIRECTION ( 'NONE',  ( -3.491481338843133355E-15, -1.000000000000000000, 0.000000000000000000 ) ) ;
#2598 = CARTESIAN_POINT ( 'NONE',  ( 2.284684096392049391, 0.2506074913374941593, -21.11269269544412097 ) ) ;
#2599 = DIRECTION ( 'NONE',  ( 0.000000000000000000, 0.000000000000000000, -1.000000000000000000 ) ) ;
#2600 = CARTESIAN_POINT ( 'NONE',  ( -4.064000000000001833, -1.270000000000000018, -28.19400000000000972 ) ) ;
#2601 = EDGE_CURVE ( 'NONE', #2958, #2607, #238, .T. ) ;
#2602 = VECTOR ( 'NONE', #2554, 1000.000000000000000 ) ;
#2603 = ORIENTED_EDGE ( 'NONE', *, *, #2392, .T. ) ;
#2604 = EDGE_CURVE ( 'NONE', #1860, #2230, #3095, .T. ) ;
#2605 = CARTESIAN_POINT ( 'NONE',  ( -1.769627390361339758, 0.01894527586399672239, -22.77547096968669393 ) ) ;
#2606 = ORIENTED_EDGE ( 'NONE', *, *, #3313, .F. ) ;
#2607 = VERTEX_POINT ( 'NONE', #3352 ) ;
#2608 = LINE ( 'NONE', #73, #1303 ) ;
#2609 = VERTEX_POINT ( 'NONE', #803 ) ;
#2610 = CARTESIAN_POINT ( 'NONE',  ( -4.064000000000001833, -1.270000000000000018, -21.08199999999999719 ) ) ;
#2611 = CARTESIAN_POINT ( 'NONE',  ( -4.064000000000064894, 18.03399999999997050, -25.40000000000000568 ) ) ;
#2612 = PLANE ( 'NONE',  #13 ) ;
#2613 = DIRECTION ( 'NONE',  ( 0.000000000000000000, -1.000000000000000000, 0.000000000000000000 ) ) ;
#2614 = AXIS2_PLACEMENT_3D ( 'NONE', #2663, #1525, #115 ) ;
#2615 = DIRECTION ( 'NONE',  ( 0.000000000000000000, 0.000000000000000000, -1.000000000000000000 ) ) ;
#2616 = LINE ( 'NONE', #3152, #2240 ) ;
#2617 = LINE ( 'NONE', #3464, #1852 ) ;
#2618 = CARTESIAN_POINT ( 'NONE',  ( -4.064000000000064006, 18.03399999999997050, -23.87600000000000477 ) ) ;
#2619 = AXIS2_PLACEMENT_3D ( 'NONE', #2510, #3077, #1106 ) ;
#2620 = ORIENTED_EDGE ( 'NONE', *, *, #969, .F. ) ;
#2621 = ADVANCED_FACE ( 'NONE', ( #3658 ), #854, .F. ) ;
#2622 = AXIS2_PLACEMENT_3D ( 'NONE', #2706, #1306, #3599 ) ;
#2623 = CARTESIAN_POINT ( 'NONE',  ( 4.064000000000037360, 11.17599999999999660, -18.03400000000001313 ) ) ;
#2624 = ORIENTED_EDGE ( 'NONE', *, *, #3029, .T. ) ;
#2625 = PLANE ( 'NONE',  #3178 ) ;
#2626 = ORIENTED_EDGE ( 'NONE', *, *, #1235, .F. ) ;
#2627 = CARTESIAN_POINT ( 'NONE',  ( -2.743975507650142642, 2.834160446538962042, 17.89988528393794454 ) ) ;
#2628 = DIRECTION ( 'NONE',  ( 0.000000000000000000, 1.000000000000000000, 0.000000000000000000 ) ) ;
#2629 = DIRECTION ( 'NONE',  ( -1.000000000000000000, 0.000000000000000000, -4.400024020954809157E-16 ) ) ;
#2630 = CARTESIAN_POINT ( 'NONE',  ( -0.9704313166250194689, 7.779546356945792773, 15.11299999999998533 ) ) ;
#2631 = FACE_OUTER_BOUND ( 'NONE', #1374, .T. ) ;
#2632 = DIRECTION ( 'NONE',  ( 1.000000000000000000, 0.000000000000000000, 0.000000000000000000 ) ) ;
#2633 = DIRECTION ( 'NONE',  ( 4.400024020954809157E-16, 0.000000000000000000, -1.000000000000000000 ) ) ;
#2634 = CARTESIAN_POINT ( 'NONE',  ( -1.928678801534830178, 0.06491222846977914851, -26.36341313607784897 ) ) ;
#2635 = LINE ( 'NONE', #2056, #2319 ) ;
#2636 = EDGE_LOOP ( 'NONE', ( #2546, #3674, #3670, #1868 ) ) ;
#2637 = CARTESIAN_POINT ( 'NONE',  ( -1.556043737695752105, -0.001076011466441688640, -22.39032621033402037 ) ) ;
#2638 = ORIENTED_EDGE ( 'NONE', *, *, #1955, .F. ) ;
#2639 = LINE ( 'NONE', #1576, #2531 ) ;
#2640 = EDGE_CURVE ( 'NONE', #1057, #3538, #2148, .T. ) ;
#2641 = DIRECTION ( 'NONE',  ( 0.000000000000000000, -1.000000000000000000, -5.058977766044931886E-16 ) ) ;
#2642 = ORIENTED_EDGE ( 'NONE', *, *, #2169, .F. ) ;
#2643 = CARTESIAN_POINT ( 'NONE',  ( -2.713144928540362599, 2.800448106162789941, 17.90344264196896518 ) ) ;
#2644 = FACE_OUTER_BOUND ( 'NONE', #3663, .T. ) ;
#2645 = ADVANCED_FACE ( 'NONE', ( #1414 ), #1647, .F. ) ;
#2646 = CARTESIAN_POINT ( 'NONE',  ( 1.524000000000002020, 1.269999999999999796, -21.08199999999999719 ) ) ;
#2647 = CARTESIAN_POINT ( 'NONE',  ( 4.064000000000000945, 0.000000000000000000, -16.00199999999999534 ) ) ;
#2648 = FILL_AREA_STYLE ('',( #1288 ) ) ;
#2649 = DIRECTION ( 'NONE',  ( 1.000000000000000000, 0.000000000000000000, 4.400024020954809157E-16 ) ) ;
#2650 = CARTESIAN_POINT ( 'NONE',  ( 4.064000000000061341, 18.03399999999999892, -19.55800000000000693 ) ) ;
#2651 = VECTOR ( 'NONE', #2423, 1000.000000000000000 ) ;
#2652 = CYLINDRICAL_SURFACE ( 'NONE', #1382, 0.7619999999999953477 ) ;
#2653 = ORIENTED_EDGE ( 'NONE', *, *, #1219, .F. ) ;
#2654 = CLOSED_SHELL ( 'NONE', ( #2433, #2069, #871, #2573, #2816, #3554, #838, #2463, #913, #2703, #289, #2490, #2058, #390, #2246, #692, #1363, #1341, #462, #2862, #2645, #1281, #2026, #3137, #1539, #1730, #1034, #468, #1390, #734, #3499, #1566, #451, #1020, #2903, #1832, #1420, #1466, #2805, #2117, #372, #1657, #1742, #1628, #3399, #3232, #770, #1253, #2537, #3113, #2740, #2366, #1052, #1684, #3640, #434, #94, #3615, #2621, #935, #3176, #1448, #3198 ) ) ;
#2655 = DIRECTION ( 'NONE',  ( 1.000000000000000000, 0.000000000000000000, 0.000000000000000000 ) ) ;
#2656 = FACE_OUTER_BOUND ( 'NONE', #1682, .T. ) ;
#2657 = B_SPLINE_CURVE_WITH_KNOTS ( 'NONE', 3,
 ( #2401, #413, #130, #1262, #1039, #2742, #2183, #214, #228, #1923 ),
 .UNSPECIFIED., .F., .F.,
 ( 4, 2, 2, 2, 4 ),
 ( 4.336808689942017255E-19, 0.0004038507326828781586, 0.0008077014653657558834, 0.001211552198048633554, 0.001615402930731511333 ),
 .UNSPECIFIED. ) ;
#2658 = EDGE_LOOP ( 'NONE', ( #3454, #1887, #1146, #3605, #223, #752, #2872, #1454 ) ) ;
#2659 = LINE ( 'NONE', #2973, #2499 ) ;
#2660 = LINE ( 'NONE', #2937, #1988 ) ;
#2661 = VERTEX_POINT ( 'NONE', #872 ) ;
#2662 = EDGE_CURVE ( 'NONE', #2766, #3655, #254, .T. ) ;
#2663 = CARTESIAN_POINT ( 'NONE',  ( -4.064000000000017820, 4.063999999999994728, 24.66411957583392223 ) ) ;
#2664 = EDGE_CURVE ( 'NONE', #2852, #801, #2254, .T. ) ;
#2665 = AXIS2_PLACEMENT_3D ( 'NONE', #311, #2568, #921 ) ;
#2666 = DIRECTION ( 'NONE',  ( 0.000000000000000000, -1.000000000000000000, 6.829619984160666921E-15 ) ) ;
#2667 = LINE ( 'NONE', #3303, #412 ) ;
#2668 = DIRECTION ( 'NONE',  ( -0.000000000000000000, 1.000000000000000000, -0.000000000000000000 ) ) ;
#2669 =( NAMED_UNIT ( * ) PLANE_ANGLE_UNIT ( ) SI_UNIT ( $, .RADIAN. ) );
#2670 = DIRECTION ( 'NONE',  ( 3.414809992080328037E-16, 0.000000000000000000, -1.000000000000000000 ) ) ;
#2671 = PLANE ( 'NONE',  #1709 ) ;
#2672 = CARTESIAN_POINT ( 'NONE',  ( -4.064000000000003610, -1.084202172485504434E-16, -9.271000000000009678 ) ) ;
#2673 = EDGE_LOOP ( 'NONE', ( #739, #343, #1674, #3007 ) ) ;
#2674 = ORIENTED_EDGE ( 'NONE', *, *, #567, .F. ) ;
#2675 = CIRCLE ( 'NONE', #3524, 2.032000000000000917 ) ;
#2676 = AXIS2_PLACEMENT_3D ( 'NONE', #3450, #2566, #369 ) ;
#2677 = CARTESIAN_POINT ( 'NONE',  ( -3.617420617259795801, 1.848787493417698435, 17.89988528393794454 ) ) ;
#2678 = CARTESIAN_POINT ( 'NONE',  ( 4.063999999999998280, -1.270000000000000018, -10.08820225350370237 ) ) ;
#2679 = ORIENTED_EDGE ( 'NONE', *, *, #3069, .T. ) ;
#2680 = VECTOR ( 'NONE', #3561, 1000.000000000000114 ) ;
#2681 = CARTESIAN_POINT ( 'NONE',  ( 4.063999999999982293, 2.793999999999995598, 24.66411957583392223 ) ) ;
#2682 = CARTESIAN_POINT ( 'NONE',  ( -4.064000000000003610, -1.270000000000000018, -10.08820225350369526 ) ) ;
#2683 = VERTEX_POINT ( 'NONE', #580 ) ;
#2684 = ORIENTED_EDGE ( 'NONE', *, *, #980, .F. ) ;
#2685 = FACE_OUTER_BOUND ( 'NONE', #3230, .T. ) ;
#2686 = ORIENTED_EDGE ( 'NONE', *, *, #3382, .T. ) ;
#2687 = CARTESIAN_POINT ( 'NONE',  ( -2.667000000000003368, 2.793999999999996930, 17.90699999999998582 ) ) ;
#2688 = MECHANICAL_DESIGN_GEOMETRIC_PRESENTATION_REPRESENTATION (  '', ( #1745 ), #213 ) ;
#2689 = DIRECTION ( 'NONE',  ( -0.000000000000000000, 1.000000000000000000, -0.000000000000000000 ) ) ;
#2690 = LINE ( 'NONE', #2130, #972 ) ;
#2691 = DIRECTION ( 'NONE',  ( -1.000000000000000000, 0.000000000000000000, -0.000000000000000000 ) ) ;
#2692 = LINE ( 'NONE', #2368, #845 ) ;
#2693 = CARTESIAN_POINT ( 'NONE',  ( 1.523999999999998467, 0.000000000000000000, -23.11400000000000432 ) ) ;
#2694 = ORIENTED_EDGE ( 'NONE', *, *, #3673, .T. ) ;
#2695 = ORIENTED_EDGE ( 'NONE', *, *, #3259, .F. ) ;
#2696 = EDGE_CURVE ( 'NONE', #2410, #3216, #2226, .T. ) ;
#2697 = EDGE_CURVE ( 'NONE', #2301, #3023, #1, .T. ) ;
#2698 = DIRECTION ( 'NONE',  ( 8.537024980200822804E-16, -0.000000000000000000, 1.000000000000000000 ) ) ;
#2699 = ORIENTED_EDGE ( 'NONE', *, *, #2245, .F. ) ;
#2700 = LINE ( 'NONE', #1298, #79 ) ;
#2701 = DIRECTION ( 'NONE',  ( 1.000000000000000000, -0.000000000000000000, -8.537024980200822804E-16 ) ) ;
#2702 = EDGE_LOOP ( 'NONE', ( #1751, #2137, #2493, #3131 ) ) ;
#2703 = ADVANCED_FACE ( 'NONE', ( #3669 ), #3369, .T. ) ;
#2704 = DIRECTION ( 'NONE',  ( -1.707404996040164018E-16, -1.000000000000000000, 0.000000000000000000 ) ) ;
#2705 = ORIENTED_EDGE ( 'NONE', *, *, #1527, .T. ) ;
#2706 = CARTESIAN_POINT ( 'NONE',  ( -4.064000000000004498, 0.7619999999999998996, -8.509000000000009223 ) ) ;
#2707 = B_SPLINE_CURVE_WITH_KNOTS ( 'NONE', 3,
 ( #3633, #1080, #2206, #3436, #314, #907, #925, #2030, #1986, #887 ),
 .UNSPECIFIED., .F., .F.,
 ( 4, 2, 2, 2, 4 ),
 ( 0.000000000000000000, 0.0004038507326828775622, 0.0008077014653657551245, 0.001211552198048632687, 0.001615402930731510249 ),
 .UNSPECIFIED. ) ;
#2708 = ADVANCED_FACE ( 'NONE', ( #1403 ), #3383, .T. ) ;
#2709 = DIRECTION ( 'NONE',  ( -6.938893903907228378E-18, -2.164934898019055254E-15, 1.000000000000000000 ) ) ;
#2710 = DIRECTION ( 'NONE',  ( -0.000000000000000000, -0.000000000000000000, 1.000000000000000000 ) ) ;
#2711 = PLANE ( 'NONE',  #1215 ) ;
#2712 = CARTESIAN_POINT ( 'NONE',  ( -2.413000000000001144, 1.523999999999997135, 14.60499999999998622 ) ) ;
#2713 = ORIENTED_EDGE ( 'NONE', *, *, #2936, .F. ) ;
#2714 = ORIENTED_EDGE ( 'NONE', *, *, #997, .F. ) ;
#2715 = AXIS2_PLACEMENT_3D ( 'NONE', #475, #3266, #2367 ) ;
#2716 = CIRCLE ( 'NONE', #2590, 1.778000000000001801 ) ;
#2717 = DIRECTION ( 'NONE',  ( 1.000000000000000000, 0.000000000000000000, 4.400024020954809650E-16 ) ) ;
#2718 = ORIENTED_EDGE ( 'NONE', *, *, #27, .T. ) ;
#2719 = FILL_AREA_STYLE ('',( #1087 ) ) ;
#2720 = LINE ( 'NONE', #3536, #2059 ) ;
#2721 = VECTOR ( 'NONE', #1639, 1000.000000000000000 ) ;
#2722 = ORIENTED_EDGE ( 'NONE', *, *, #3201, .F. ) ;
#2723 = EDGE_CURVE ( 'NONE', #1716, #2036, #2635, .T. ) ;
#2724 = CARTESIAN_POINT ( 'NONE',  ( -2.713178503125686536, 2.793999999999997375, 17.90344264196896518 ) ) ;
#2725 = EDGE_LOOP ( 'NONE', ( #1376, #1541, #1899, #180, #1220, #272, #3112, #346 ) ) ;
#2726 = DIRECTION ( 'NONE',  ( 1.000000000000000000, -0.000000000000000000, -0.000000000000000000 ) ) ;
#2727 = CARTESIAN_POINT ( 'NONE',  ( 4.064000000000000945, -1.270000000000000018, -16.00199999999999534 ) ) ;
#2728 =( LENGTH_UNIT ( ) NAMED_UNIT ( * ) SI_UNIT ( .MILLI., .METRE. ) );
#2729 = CYLINDRICAL_SURFACE ( 'NONE', #1370, 2.540000000000000480 ) ;
#2730 = LINE ( 'NONE', #1822, #1239 ) ;
#2731 = CARTESIAN_POINT ( 'NONE',  ( 4.063999999999999169, 0.7619999999999998996, -9.271000000000006125 ) ) ;
#2732 = ORIENTED_EDGE ( 'NONE', *, *, #1235, .T. ) ;
#2733 = VERTEX_POINT ( 'NONE', #3171 ) ;
#2734 = FACE_OUTER_BOUND ( 'NONE', #1441, .T. ) ;
#2735 = ORIENTED_EDGE ( 'NONE', *, *, #1824, .F. ) ;
#2736 = EDGE_CURVE ( 'NONE', #1049, #3549, #1790, .T. ) ;
#2737 = AXIS2_PLACEMENT_3D ( 'NONE', #68, #1181, #3447 ) ;
#2738 = ORIENTED_EDGE ( 'NONE', *, *, #754, .T. ) ;
#2739 = AXIS2_PLACEMENT_3D ( 'NONE', #3274, #1012, #1553 ) ;
#2740 = ADVANCED_FACE ( 'NONE', ( #3154 ), #2295, .F. ) ;
#2741 = VECTOR ( 'NONE', #2810, 1000.000000000000000 ) ;
#2742 = CARTESIAN_POINT ( 'NONE',  ( 1.735228130548571057, -1.263056436707933772, -17.65252094912901271 ) ) ;
#2743 = EDGE_LOOP ( 'NONE', ( #2620, #3164, #2181, #1521 ) ) ;
#2744 = CARTESIAN_POINT ( 'NONE',  ( 4.064000000000037360, 11.17599999999999838, -29.71800000000000352 ) ) ;
#2745 = DIRECTION ( 'NONE',  ( 1.000000000000000000, -0.000000000000000000, -0.000000000000000000 ) ) ;
#2746 = LINE ( 'NONE', #277, #1318 ) ;
#2747 = LINE ( 'NONE', #160, #1905 ) ;
#2748 = ORIENTED_EDGE ( 'NONE', *, *, #898, .T. ) ;
#2749 = ORIENTED_EDGE ( 'NONE', *, *, #753, .T. ) ;
#2750 = AXIS2_PLACEMENT_3D ( 'NONE', #3246, #2427, #177 ) ;
#2751 = FACE_OUTER_BOUND ( 'NONE', #1142, .T. ) ;
#2752 = ORIENTED_EDGE ( 'NONE', *, *, #2528, .T. ) ;
#2753 = VERTEX_POINT ( 'NONE', #617 ) ;
#2754 = VERTEX_POINT ( 'NONE', #1513 ) ;
#2755 = ADVANCED_FACE ( 'NONE', ( #658 ), #1769, .F. ) ;
#2756 = LINE ( 'NONE', #774, #303 ) ;
#2757 = ORIENTED_EDGE ( 'NONE', *, *, #718, .F. ) ;
#2758 = EDGE_CURVE ( 'NONE', #801, #1458, #2073, .T. ) ;
#2759 = CARTESIAN_POINT ( 'NONE',  ( -4.064000000000019597, 2.602850168645823636, 27.67445083163015696 ) ) ;
#2760 = CARTESIAN_POINT ( 'NONE',  ( 4.064000000000002721, 1.269999999999990914, -18.03400000000001668 ) ) ;
#2761 = LINE ( 'NONE', #1704, #1332 ) ;
#2762 = EDGE_LOOP ( 'NONE', ( #2468, #548, #968, #922 ) ) ;
#2763 = VERTEX_POINT ( 'NONE', #120 ) ;
#2764 = CARTESIAN_POINT ( 'NONE',  ( -4.064000000000004498, 1.016000000000008230, -7.239000000000011426 ) ) ;
#2765 = LINE ( 'NONE', #3404, #1496 ) ;
#2766 = VERTEX_POINT ( 'NONE', #3130 ) ;
#2767 = ORIENTED_EDGE ( 'NONE', *, *, #3368, .T. ) ;
#2768 = AXIS2_PLACEMENT_3D ( 'NONE', #2224, #3365, #280 ) ;
#2769 = PRODUCT_DEFINITION ( 'UNKNOWN', '', #3596, #2803 ) ;
#2770 = VECTOR ( 'NONE', #337, 1000.000000000000000 ) ;
#2771 = ORIENTED_EDGE ( 'NONE', *, *, #1736, .F. ) ;
#2772 = LINE ( 'NONE', #1342, #3455 ) ;
#2773 = VECTOR ( 'NONE', #3145, 1000.000000000000000 ) ;
#2774 = ORIENTED_EDGE ( 'NONE', *, *, #3649, .F. ) ;
#2775 = ADVANCED_FACE ( 'NONE', ( #1232 ), #3465, .F. ) ;
#2776 = SHAPE_REPRESENTATION_RELATIONSHIP ( 'NONE' , 'NONE' ,  #2987, #1481 ) ;
#2777 = EDGE_CURVE ( 'NONE', #627, #3078, #1993, .T. ) ;
#2778 = DIRECTION ( 'NONE',  ( -1.000000000000000000, 0.000000000000000000, -4.400024020954809157E-16 ) ) ;
#2779 = CARTESIAN_POINT ( 'NONE',  ( -4.064000000000002721, -1.270000000000000018, -10.08820225350369526 ) ) ;
#2780 = CYLINDRICAL_SURFACE ( 'NONE', #1676, 1.651000000000003132 ) ;
#2781 = ORIENTED_EDGE ( 'NONE', *, *, #200, .F. ) ;
#2782 = DIRECTION ( 'NONE',  ( 1.000000000000000000, -0.000000000000000000, -8.537024980200822804E-16 ) ) ;
#2783 = VECTOR ( 'NONE', #3665, 1000.000000000000000 ) ;
#2784 = DIRECTION ( 'NONE',  ( 0.000000000000000000, 0.000000000000000000, -1.000000000000000000 ) ) ;
#2785 = ORIENTED_EDGE ( 'NONE', *, *, #3213, .T. ) ;
#2786 = ORIENTED_EDGE ( 'NONE', *, *, #1556, .T. ) ;
#2787 = AXIS2_PLACEMENT_3D ( 'NONE', #1772, #1234, #1534 ) ;
#2788 = EDGE_CURVE ( 'NONE', #790, #3216, #403, .T. ) ;
#2789 = AXIS2_PLACEMENT_3D ( 'NONE', #146, #1276, #1916 ) ;
#2790 = CIRCLE ( 'NONE', #3335, 1.651000000000003132 ) ;
#2791 = CYLINDRICAL_SURFACE ( 'NONE', #1722, 1.270000000000000240 ) ;
#2792 = VECTOR ( 'NONE', #866, 1000.000000000000000 ) ;
#2793 = DIRECTION ( 'NONE',  ( 0.000000000000000000, 0.000000000000000000, -1.000000000000000000 ) ) ;
#2794 = CARTESIAN_POINT ( 'NONE',  ( 2.794000000000037343, 11.17600000000000193, -31.24200000000000443 ) ) ;
#2795 = DIRECTION ( 'NONE',  ( 3.491481338843132566E-15, -1.000000000000000000, -2.276539994720243212E-15 ) ) ;
#2796 = CARTESIAN_POINT ( 'NONE',  ( -4.064000000000001833, 0.000000000000000000, -31.24200000000000799 ) ) ;
#2797 = CARTESIAN_POINT ( 'NONE',  ( 1.524000000000000687, -1.270000000000000018, -16.00200000000000955 ) ) ;
#2798 = EDGE_CURVE ( 'NONE', #1014, #1953, #914, .T. ) ;
#2799 = AXIS2_PLACEMENT_3D ( 'NONE', #2650, #693, #708 ) ;
#2800 = ORIENTED_EDGE ( 'NONE', *, *, #2170, .T. ) ;
#2801 = AXIS2_PLACEMENT_3D ( 'NONE', #1530, #2153, #3547 ) ;
#2802 = ORIENTED_EDGE ( 'NONE', *, *, #619, .T. ) ;
#2803 = PRODUCT_DEFINITION_CONTEXT ( 'detailed design', #1264, 'design' ) ;
#2804 = CARTESIAN_POINT ( 'NONE',  ( -2.794000000000064876, 18.03399999999997405, -23.87600000000000477 ) ) ;
#2805 = ADVANCED_FACE ( 'NONE', ( #87 ), #2652, .T. ) ;
#2806 = EDGE_CURVE ( 'NONE', #108, #1779, #646, .T. ) ;
#2807 = CARTESIAN_POINT ( 'NONE',  ( -0.2214850500443252268, 6.634975044281159029, 15.11299999999998533 ) ) ;
#2808 = CARTESIAN_POINT ( 'NONE',  ( -4.064000000000007162, 1.269999999999990692, -26.16199999999999903 ) ) ;
#2809 = EDGE_CURVE ( 'NONE', #2609, #1437, #893, .T. ) ;
#2810 = DIRECTION ( 'NONE',  ( -7.889555165455265717E-17, -0.000000000000000000, 1.000000000000000000 ) ) ;
#2811 = CARTESIAN_POINT ( 'NONE',  ( -4.044397713422622331, 3.265806144266211408, 17.88921320984487906 ) ) ;
#2812 = FACE_OUTER_BOUND ( 'NONE', #2762, .T. ) ;
#2813 = LINE ( 'NONE', #3168, #1862 ) ;
#2814 = CARTESIAN_POINT ( 'NONE',  ( -1.524000000000002242, -1.270000000000000684, -27.04149235508191396 ) ) ;
#2815 = ORIENTED_EDGE ( 'NONE', *, *, #328, .T. ) ;
#2816 = ADVANCED_FACE ( 'NONE', ( #341 ), #1473, .T. ) ;
#2817 = ORIENTED_EDGE ( 'NONE', *, *, #3649, .T. ) ;
#2818 = AXIS2_PLACEMENT_3D ( 'NONE', #1528, #400, #2942 ) ;
#2819 = CARTESIAN_POINT ( 'NONE',  ( -4.064000000000003610, 0.7619999999999998996, -9.271000000000009678 ) ) ;
#2820 = VERTEX_POINT ( 'NONE', #3190 ) ;
#2821 = EDGE_LOOP ( 'NONE', ( #1900, #226, #452, #1588, #274, #3515, #3371, #538 ) ) ;
#2822 = EDGE_CURVE ( 'NONE', #1161, #1160, #723, .T. ) ;
#2823 = VECTOR ( 'NONE', #3169, 1000.000000000000000 ) ;
#2824 = PLANE ( 'NONE',  #1204 ) ;
#2825 = CARTESIAN_POINT ( 'NONE',  ( -2.539999999999998259, -1.270000000000000018, -21.08200000000000074 ) ) ;
#2826 = PLANE ( 'NONE',  #3067 ) ;
#2827 = CARTESIAN_POINT ( 'NONE',  ( 1.928678801534835063, 0.06491222846978282612, -17.83258686392217740 ) ) ;
#2828 = PLANE ( 'NONE',  #3316 ) ;
#2829 = PLANE ( 'NONE',  #2619 ) ;
#2830 = ORIENTED_EDGE ( 'NONE', *, *, #567, .T. ) ;
#2831 = AXIS2_PLACEMENT_3D ( 'NONE', #1984, #571, #2249 ) ;
#2832 = CARTESIAN_POINT ( 'NONE',  ( 4.064000000000061341, 18.03399999999999892, -20.32000000000000384 ) ) ;
#2833 = EDGE_CURVE ( 'NONE', #3373, #3103, #2109, .T. ) ;
#2834 = ORIENTED_EDGE ( 'NONE', *, *, #469, .T. ) ;
#2835 = CARTESIAN_POINT ( 'NONE',  ( 2.794000000000037343, 11.17600000000000193, -20.32000000000000739 ) ) ;
#2836 = ORIENTED_EDGE ( 'NONE', *, *, #1603, .T. ) ;
#2837 = ADVANCED_FACE ( 'NONE', ( #3292 ), #2390, .T. ) ;
#2838 = DIRECTION ( 'NONE',  ( 0.000000000000000000, 1.000000000000000000, 0.000000000000000000 ) ) ;
#2839 = CARTESIAN_POINT ( 'NONE',  ( 4.064000000000061341, 18.03399999999999892, -18.03400000000001313 ) ) ;
#2840 = EDGE_LOOP ( 'NONE', ( #1501, #2076, #3659, #2297 ) ) ;
#2841 = AXIS2_PLACEMENT_3D ( 'NONE', #3193, #2916, #1050 ) ;
#2842 = VECTOR ( 'NONE', #1750, 1000.000000000000000 ) ;
#2843 = CARTESIAN_POINT ( 'NONE',  ( -4.064000000000004498, 1.016000000000008230, -7.239000000000011426 ) ) ;
#2844 = CARTESIAN_POINT ( 'NONE',  ( 4.063999999999982293, 2.793999999999995598, 24.66411957583392223 ) ) ;
#2845 = FACE_OUTER_BOUND ( 'NONE', #934, .T. ) ;
#2846 = FACE_OUTER_BOUND ( 'NONE', #1313, .T. ) ;
#2847 = CARTESIAN_POINT ( 'NONE',  ( 2.794000000000061323, 18.03400000000000247, -28.95600000000000662 ) ) ;
#2848 = LINE ( 'NONE', #319, #3654 ) ;
#2849 = DIRECTION ( 'NONE',  ( 0.000000000000000000, -4.114228906120869484E-16, -1.000000000000000000 ) ) ;
#2850 = CARTESIAN_POINT ( 'NONE',  ( 1.524000000000001576, -1.270000000000000906, -21.96148563647242824 ) ) ;
#2851 = VERTEX_POINT ( 'NONE', #2672 ) ;
#2852 = VERTEX_POINT ( 'NONE', #1606 ) ;
#2853 = EDGE_CURVE ( 'NONE', #3298, #629, #3001, .T. ) ;
#2854 = DIRECTION ( 'NONE',  ( 0.000000000000000000, 0.000000000000000000, 1.000000000000000000 ) ) ;
#2855 = ORIENTED_EDGE ( 'NONE', *, *, #3201, .T. ) ;
#2856 = AXIS2_PLACEMENT_3D ( 'NONE', #1487, #359, #2615 ) ;
#2857 = ORIENTED_EDGE ( 'NONE', *, *, #1008, .T. ) ;
#2858 = DIRECTION ( 'NONE',  ( 1.000000000000000000, 0.000000000000000000, 4.400024020954809157E-16 ) ) ;
#2859 = DIRECTION ( 'NONE',  ( 5.986153781733049845E-32, -1.000000000000000000, -1.360482068557900432E-16 ) ) ;
#2860 = EDGE_LOOP ( 'NONE', ( #2564, #1642, #2338, #2411 ) ) ;
#2861 = DIRECTION ( 'NONE',  ( 3.491481338843133355E-15, 1.000000000000000000, 0.000000000000000000 ) ) ;
#2862 = ADVANCED_FACE ( 'NONE', ( #1269 ), #2154, .F. ) ;
#2863 = DIRECTION ( 'NONE',  ( -4.400024020954809157E-16, 0.000000000000000000, 1.000000000000000000 ) ) ;
#2864 = CARTESIAN_POINT ( 'NONE',  ( -2.540000000000000924, -1.270000000000000018, -22.09799999999999898 ) ) ;
#2865 = CARTESIAN_POINT ( 'NONE',  ( 2.760962509387272945, 2.093230312512583513, 29.97199999999998354 ) ) ;
#2866 = PLANE ( 'NONE',  #2330 ) ;
#2867 = CARTESIAN_POINT ( 'NONE',  ( -1.524000000000006683, -8.673617379884476248E-16, -27.10441774904758105 ) ) ;
#2868 = CARTESIAN_POINT ( 'NONE',  ( 1.524000000000001798, -1.270000000000000684, -22.09799999999999542 ) ) ;
#2869 = ORIENTED_EDGE ( 'NONE', *, *, #2380, .F. ) ;
#2870 = CARTESIAN_POINT ( 'NONE',  ( -4.064000000000003610, -1.084202172485504434E-16, -9.271000000000009678 ) ) ;
#2871 = VERTEX_POINT ( 'NONE', #178 ) ;
#2872 = ORIENTED_EDGE ( 'NONE', *, *, #55, .T. ) ;
#2873 = CARTESIAN_POINT ( 'NONE',  ( 4.063999999999981405, 3.872200337291648697, 27.63382880116865437 ) ) ;
#2874 = DIRECTION ( 'NONE',  ( 1.000000000000000000, 0.000000000000000000, -0.000000000000000000 ) ) ;
#2875 = DIRECTION ( 'NONE',  ( 1.000000000000000000, 0.000000000000000000, 4.400024020954809157E-16 ) ) ;
#2876 = ORIENTED_EDGE ( 'NONE', *, *, #681, .T. ) ;
#2877 = DIRECTION ( 'NONE',  ( -0.000000000000000000, -0.000000000000000000, -1.000000000000000000 ) ) ;
#2878 = ORIENTED_EDGE ( 'NONE', *, *, #333, .F. ) ;
#2879 = VECTOR ( 'NONE', #1364, 1000.000000000000000 ) ;
#2880 = VECTOR ( 'NONE', #2923, 1000.000000000000000 ) ;
#2881 = DIRECTION ( 'NONE',  ( -2.845674993400285279E-16, -0.000000000000000000, -1.000000000000000000 ) ) ;
#2882 = LINE ( 'NONE', #2309, #674 ) ;
#2883 = EDGE_CURVE ( 'NONE', #2095, #624, #206, .T. ) ;
#2884 = CIRCLE ( 'NONE', #2478, 1.270000000000000240 ) ;
#2885 = CARTESIAN_POINT ( 'NONE',  ( 3.055566850817438951, 2.603499999999998593, 29.46173031251257157 ) ) ;
#2886 = CARTESIAN_POINT ( 'NONE',  ( 1.768119946944239906, 0.01871612752450424813, -17.69364387806325212 ) ) ;
#2887 = CARTESIAN_POINT ( 'NONE',  ( -0.4620715516926034994, 6.291381911503107993, 17.53346584182949286 ) ) ;
#2888 = CARTESIAN_POINT ( 'NONE',  ( -1.524000000000001132, -1.270000000000000018, -28.19400000000000972 ) ) ;
#2889 = DIRECTION ( 'NONE',  ( 1.000000000000000000, 0.000000000000000000, 4.400024020954809650E-16 ) ) ;
#2890 = AXIS2_PLACEMENT_3D ( 'NONE', #1663, #1449, #316 ) ;
#2891 = ORIENTED_EDGE ( 'NONE', *, *, #1955, .T. ) ;
#2892 = ORIENTED_EDGE ( 'NONE', *, *, #2960, .T. ) ;
#2893 = DIRECTION ( 'NONE',  ( -0.000000000000000000, -0.000000000000000000, -1.000000000000000000 ) ) ;
#2894 = ORIENTED_EDGE ( 'NONE', *, *, #1978, .F. ) ;
#2895 = DIRECTION ( 'NONE',  ( 1.000000000000000000, -3.491481338843133355E-15, 0.000000000000000000 ) ) ;
#2896 = PLANE ( 'NONE',  #1850 ) ;
#2897 = CARTESIAN_POINT ( 'NONE',  ( -3.086721882040463161, 0.7619999999999998996, 29.40776821552289988 ) ) ;
#2898 = CARTESIAN_POINT ( 'NONE',  ( -2.794000000000067097, 18.79599999999997095, -24.63800000000000523 ) ) ;
#2899 = EDGE_LOOP ( 'NONE', ( #1578, #271, #1138, #2569 ) ) ;
#2900 = CARTESIAN_POINT ( 'NONE',  ( -2.760525046352609646, 2.986486942467504679, 17.88565585181385842 ) ) ;
#2901 = CARTESIAN_POINT ( 'NONE',  ( -2.413000000000001144, 1.523999999999997135, 14.60499999999998622 ) ) ;
#2902 = EDGE_CURVE ( 'NONE', #2001, #642, #1732, .T. ) ;
#2903 = ADVANCED_FACE ( 'NONE', ( #3018 ), #1007, .T. ) ;
#2904 = CARTESIAN_POINT ( 'NONE',  ( -4.064000000000001833, 0.000000000000000000, -28.19400000000000972 ) ) ;
#2905 = CARTESIAN_POINT ( 'NONE',  ( -2.540000000000002256, 1.269999999999999352, -27.17799999999999727 ) ) ;
#2906 = LINE ( 'NONE', #382, #1236 ) ;
#2907 = AXIS2_PLACEMENT_3D ( 'NONE', #961, #719, #2420 ) ;
#2908 = SURFACE_SIDE_STYLE ('',( #1786 ) ) ;
#2909 = FACE_OUTER_BOUND ( 'NONE', #2066, .T. ) ;
#2910 = DIRECTION ( 'NONE',  ( -0.000000000000000000, 1.000000000000000000, -0.000000000000000000 ) ) ;
#2911 = DIRECTION ( 'NONE',  ( -1.000000000000000000, -0.000000000000000000, -0.000000000000000000 ) ) ;
#2912 = VECTOR ( 'NONE', #1030, 1000.000000000000000 ) ;
#2913 = VERTEX_POINT ( 'NONE', #764 ) ;
#2914 = AXIS2_PLACEMENT_3D ( 'NONE', #2905, #2552, #2572 ) ;
#2915 = EDGE_CURVE ( 'NONE', #2766, #3084, #2081, .T. ) ;
#2916 = DIRECTION ( 'NONE',  ( 1.000000000000000000, -3.491481338843134144E-15, 0.000000000000000000 ) ) ;
#2917 = VERTEX_POINT ( 'NONE', #2446 ) ;
#2918 =( GEOMETRIC_REPRESENTATION_CONTEXT ( 3 ) GLOBAL_UNCERTAINTY_ASSIGNED_CONTEXT ( ( #1925 ) ) GLOBAL_UNIT_ASSIGNED_CONTEXT ( ( #2728, #3650, #2483 ) ) REPRESENTATION_CONTEXT ( 'NONE', 'WORKASPACE' ) );
#2919 = ORIENTED_EDGE ( 'NONE', *, *, #2697, .F. ) ;
#2920 = LINE ( 'NONE', #2047, #1436 ) ;
#2921 = DIRECTION ( 'NONE',  ( 4.268512490100409430E-16, 0.000000000000000000, -1.000000000000000000 ) ) ;
#2922 = CYLINDRICAL_SURFACE ( 'NONE', #2914, 1.015999999999999570 ) ;
#2923 = DIRECTION ( 'NONE',  ( 1.000000000000000000, 0.000000000000000000, 4.400024020954809650E-16 ) ) ;
#2924 =( LENGTH_UNIT ( ) NAMED_UNIT ( * ) SI_UNIT ( .MILLI., .METRE. ) );
#2925 = CARTESIAN_POINT ( 'NONE',  ( 1.523999999999999355, 0.000000000000000000, -22.09799999999999542 ) ) ;
#2926 = EDGE_CURVE ( 'NONE', #987, #1233, #2675, .T. ) ;
#2927 = DIRECTION ( 'NONE',  ( -3.491481338843133355E-15, 1.000000000000000000, 2.181817341932299371E-32 ) ) ;
#2928 = DIRECTION ( 'NONE',  ( -4.400024020954809650E-16, 0.000000000000000000, 1.000000000000000000 ) ) ;
#2929 = EDGE_LOOP ( 'NONE', ( #2455, #986, #1048, #2836 ) ) ;
#2930 = ORIENTED_EDGE ( 'NONE', *, *, #1089, .F. ) ;
#2931 = CARTESIAN_POINT ( 'NONE',  ( -4.064000000000003610, -1.270000000000000018, -9.271000000000009678 ) ) ;
#2932 = CARTESIAN_POINT ( 'NONE',  ( -2.109696295806977151, 0.1344537112199796214, -23.02651359836194445 ) ) ;
#2933 = ORIENTED_EDGE ( 'NONE', *, *, #2511, .T. ) ;
#2934 = EDGE_CURVE ( 'NONE', #1694, #3337, #2747, .T. ) ;
#2935 = LINE ( 'NONE', #450, #3591 ) ;
#2936 = EDGE_CURVE ( 'NONE', #1075, #2190, #502, .T. ) ;
#2937 = CARTESIAN_POINT ( 'NONE',  ( 4.064000000000037360, 11.17599999999999660, -19.55800000000000693 ) ) ;
#2938 = ORIENTED_EDGE ( 'NONE', *, *, #124, .T. ) ;
#2939 = FACE_OUTER_BOUND ( 'NONE', #932, .T. ) ;
#2940 = LINE ( 'NONE', #117, #310 ) ;
#2941 = DIRECTION ( 'NONE',  ( 1.000000000000000000, 0.000000000000000000, -8.537024980200854359E-16 ) ) ;
#2942 = DIRECTION ( 'NONE',  ( 0.5000000000000009992, 0.000000000000000000, 0.8660254037844380415 ) ) ;
#2943 = PRESENTATION_STYLE_ASSIGNMENT (( #945 ) ) ;
#2944 = FACE_OUTER_BOUND ( 'NONE', #1158, .T. ) ;
#2945 = FACE_OUTER_BOUND ( 'NONE', #2244, .T. ) ;
#2946 = VECTOR ( 'NONE', #3243, 1000.000000000000000 ) ;
#2947 = LINE ( 'NONE', #1585, #3146 ) ;
#2948 = ORIENTED_EDGE ( 'NONE', *, *, #2358, .F. ) ;
#2949 = ORIENTED_EDGE ( 'NONE', *, *, #3466, .F. ) ;
#2950 = VECTOR ( 'NONE', #2044, 1000.000000000000000 ) ;
#2951 = EDGE_CURVE ( 'NONE', #873, #2268, #2467, .T. ) ;
#2952 = VECTOR ( 'NONE', #1471, 1000.000000000000000 ) ;
#2953 = CARTESIAN_POINT ( 'NONE',  ( -2.771032309624704926, 2.993844207416579195, 17.88565585181385842 ) ) ;
#2954 = ORIENTED_EDGE ( 'NONE', *, *, #1334, .T. ) ;
#2955 = CARTESIAN_POINT ( 'NONE',  ( -2.752623479032416220, 2.824404278686276193, 17.89988528393794454 ) ) ;
#2956 = DIRECTION ( 'NONE',  ( 1.000000000000000000, 0.000000000000000000, 4.400024020954809157E-16 ) ) ;
#2957 = EDGE_CURVE ( 'NONE', #822, #1571, #2947, .T. ) ;
#2958 = VERTEX_POINT ( 'NONE', #1570 ) ;
#2959 = ORIENTED_EDGE ( 'NONE', *, *, #2723, .T. ) ;
#2960 = EDGE_CURVE ( 'NONE', #1057, #1608, #306, .T. ) ;
#2961 = FACE_OUTER_BOUND ( 'NONE', #1808, .T. ) ;
#2962 = LINE ( 'NONE', #2167, #960 ) ;
#2963 = DIRECTION ( 'NONE',  ( 0.000000000000000000, 0.000000000000000000, -1.000000000000000000 ) ) ;
#2964 = DIRECTION ( 'NONE',  ( -1.000000000000000000, 0.000000000000000000, -4.400024020954809157E-16 ) ) ;
#2965 = DIRECTION ( 'NONE',  ( -4.400024020954809157E-16, 0.000000000000000000, 1.000000000000000000 ) ) ;
#2966 = ORIENTED_EDGE ( 'NONE', *, *, #920, .F. ) ;
#2967 = ORIENTED_EDGE ( 'NONE', *, *, #3589, .T. ) ;
#2968 = VECTOR ( 'NONE', #1892, 1000.000000000000000 ) ;
#2969 = CARTESIAN_POINT ( 'NONE',  ( -0.9704313166250178035, 7.779546356945791885, 17.45232450136998992 ) ) ;
#2970 = EDGE_LOOP ( 'NONE', ( #1340, #2361, #2472, #2460 ) ) ;
#2971 = ADVANCED_FACE ( 'NONE', ( #1550 ), #709, .T. ) ;
#2972 = AXIS2_PLACEMENT_3D ( 'NONE', #278, #2486, #1959 ) ;
#2973 = CARTESIAN_POINT ( 'NONE',  ( -4.064000000000020485, 3.873499999999999499, 28.74009999999998399 ) ) ;
#2974 = LINE ( 'NONE', #2398, #1771 ) ;
#2975 = ORIENTED_EDGE ( 'NONE', *, *, #898, .F. ) ;
#2976 = CARTESIAN_POINT ( 'NONE',  ( -4.064000000000005386, 1.524000000000000021, -6.731000000000009642 ) ) ;
#2977 = ORIENTED_EDGE ( 'NONE', *, *, #3532, .F. ) ;
#2978 = CARTESIAN_POINT ( 'NONE',  ( -4.064000000000003610, 0.7619999999999998996, -8.509000000000009223 ) ) ;
#2979 = VECTOR ( 'NONE', #1174, 999.9999999999998863 ) ;
#2980 = FACE_OUTER_BOUND ( 'NONE', #2743, .T. ) ;
#2981 = AXIS2_PLACEMENT_3D ( 'NONE', #420, #2964, #2445 ) ;
#2982 = PLANE ( 'NONE',  #3677 ) ;
#2983 = PLANE ( 'NONE',  #2981 ) ;
#2984 = DIRECTION ( 'NONE',  ( -1.000000000000000000, 0.000000000000000000, -4.400024020954809157E-16 ) ) ;
#2985 = ORIENTED_EDGE ( 'NONE', *, *, #3101, .F. ) ;
#2986 = ORIENTED_EDGE ( 'NONE', *, *, #3576, .F. ) ;
#2987 = SHAPE_REPRESENTATION ( 'PC5930T', ( #3037 ), #389 ) ;
#2988 = CARTESIAN_POINT ( 'NONE',  ( -3.968858748052837004, 3.519489971695617836, 17.88743571435158586 ) ) ;
#2989 = CARTESIAN_POINT ( 'NONE',  ( 2.343437776823623864, 0.2893758411972724431, -28.18257100582718877 ) ) ;
#2990 = EDGE_LOOP ( 'NONE', ( #1036, #227, #3238, #1322 ) ) ;
#2991 = DIRECTION ( 'NONE',  ( 5.986153781733049845E-32, -1.000000000000000000, -1.360482068557900432E-16 ) ) ;
#2992 = CARTESIAN_POINT ( 'NONE',  ( -4.064000000000000945, 2.793999999999996930, 14.09699999999999065 ) ) ;
#2993 = ORIENTED_EDGE ( 'NONE', *, *, #2489, .F. ) ;
#2994 = EDGE_LOOP ( 'NONE', ( #2834, #123, #1168, #1391, #3646, #2815 ) ) ;
#2995 = CARTESIAN_POINT ( 'NONE',  ( -4.064000000000005386, 1.524000000000000021, -6.731000000000009642 ) ) ;
#2996 = ORIENTED_EDGE ( 'NONE', *, *, #3489, .T. ) ;
#2997 = FACE_OUTER_BOUND ( 'NONE', #129, .T. ) ;
#2998 = CARTESIAN_POINT ( 'NONE',  ( 0.000000000000000000, 0.000000000000000000, 0.000000000000000000 ) ) ;
#2999 = DIRECTION ( 'NONE',  ( 0.000000000000000000, 0.000000000000000000, 1.000000000000000000 ) ) ;
#3000 = FACE_OUTER_BOUND ( 'NONE', #804, .T. ) ;
#3001 = LINE ( 'NONE', #3567, #2968 ) ;
#3002 = ORIENTED_EDGE ( 'NONE', *, *, #328, .F. ) ;
#3003 = EDGE_CURVE ( 'NONE', #535, #1953, #1291, .T. ) ;
#3004 = ORIENTED_EDGE ( 'NONE', *, *, #544, .T. ) ;
#3005 = DIRECTION ( 'NONE',  ( -1.000000000000000000, -0.000000000000000000, 2.731847993664262430E-15 ) ) ;
#3006 = VECTOR ( 'NONE', #737, 1000.000000000000000 ) ;
#3007 = ORIENTED_EDGE ( 'NONE', *, *, #1118, .T. ) ;
#3008 = VECTOR ( 'NONE', #1432, 1000.000000000000114 ) ;
#3009 = VERTEX_POINT ( 'NONE', #2712 ) ;
#3010 = CARTESIAN_POINT ( 'NONE',  ( 2.794000000000037343, 11.17600000000000371, -28.95600000000000662 ) ) ;
#3011 = ORIENTED_EDGE ( 'NONE', *, *, #3236, .T. ) ;
#3012 = LINE ( 'NONE', #3581, #556 ) ;
#3013 = PLANE ( 'NONE',  #3623 ) ;
#3014 = ADVANCED_FACE ( 'NONE', ( #1063 ), #2780, .F. ) ;
#3015 = DIRECTION ( 'NONE',  ( -0.000000000000000000, -0.000000000000000000, -1.000000000000000000 ) ) ;
#3016 = VECTOR ( 'NONE', #885, 1000.000000000000000 ) ;
#3017 = FACE_OUTER_BOUND ( 'NONE', #3648, .T. ) ;
#3018 = FACE_OUTER_BOUND ( 'NONE', #2725, .T. ) ;
#3019 = EDGE_LOOP ( 'NONE', ( #2752, #1551, #3194, #2857 ) ) ;
#3020 = ORIENTED_EDGE ( 'NONE', *, *, #3323, .T. ) ;
#3021 = CARTESIAN_POINT ( 'NONE',  ( 2.165647298788178965, 0.1717107636482382571, -28.12457379977875860 ) ) ;
#3022 = AXIS2_PLACEMENT_3D ( 'NONE', #2078, #2893, #89 ) ;
#3023 = VERTEX_POINT ( 'NONE', #2825 ) ;
#3024 = EDGE_CURVE ( 'NONE', #96, #2175, #1849, .T. ) ;
#3025 = VECTOR ( 'NONE', #2539, 1000.000000000000000 ) ;
#3026 = ORIENTED_EDGE ( 'NONE', *, *, #162, .T. ) ;
#3027 = ORIENTED_EDGE ( 'NONE', *, *, #3503, .F. ) ;
#3028 = VECTOR ( 'NONE', #81, 1000.000000000000000 ) ;
#3029 = EDGE_CURVE ( 'NONE', #873, #2402, #3214, .T. ) ;
#3030 = CARTESIAN_POINT ( 'NONE',  ( 4.064000000000003610, 1.269999999999993356, -19.55800000000000693 ) ) ;
#3031 = FACE_OUTER_BOUND ( 'NONE', #1018, .T. ) ;
#3032 = DIRECTION ( 'NONE',  ( 1.000000000000000000, 0.000000000000000000, 4.400024020954809650E-16 ) ) ;
#3033 = ORIENTED_EDGE ( 'NONE', *, *, #610, .F. ) ;
#3034 = DIRECTION ( 'NONE',  ( 0.000000000000000000, -1.000000000000000000, 0.000000000000000000 ) ) ;
#3035 = DIRECTION ( 'NONE',  ( 8.537024980200912537E-16, 0.000000000000000000, -1.000000000000000000 ) ) ;
#3036 = CARTESIAN_POINT ( 'NONE',  ( -4.064000000000064894, 18.03399999999997050, -23.11400000000001143 ) ) ;
#3037 = AXIS2_PLACEMENT_3D ( 'NONE', #456, #1547, #2632 ) ;
#3038 = ORIENTED_EDGE ( 'NONE', *, *, #245, .T. ) ;
#3039 = ADVANCED_FACE ( 'NONE', ( #3682 ), #296, .T. ) ;
#3040 = ORIENTED_EDGE ( 'NONE', *, *, #3505, .T. ) ;
#3041 = FACE_OUTER_BOUND ( 'NONE', #2658, .T. ) ;
#3042 = DIRECTION ( 'NONE',  ( -6.829619984160656074E-16, -6.829619984160656074E-16, 1.000000000000000000 ) ) ;
#3043 = DIRECTION ( 'NONE',  ( 3.491481338843134144E-15, 1.000000000000000000, -0.000000000000000000 ) ) ;
#3044 = VERTEX_POINT ( 'NONE', #3362 ) ;
#3045 = EDGE_CURVE ( 'NONE', #1810, #1095, #233, .T. ) ;
#3046 = ORIENTED_EDGE ( 'NONE', *, *, #186, .T. ) ;
#3047 = EDGE_CURVE ( 'NONE', #711, #1875, #3326, .T. ) ;
#3048 = CARTESIAN_POINT ( 'NONE',  ( -1.734797220840277543, -1.263086752235426324, -22.73195379444832653 ) ) ;
#3049 = ORIENTED_EDGE ( 'NONE', *, *, #2263, .T. ) ;
#3050 = DIRECTION ( 'NONE',  ( 1.000000000000000000, 0.000000000000000000, 0.000000000000000000 ) ) ;
#3051 = CARTESIAN_POINT ( 'NONE',  ( 4.064000000000037360, 11.17599999999999660, -21.08200000000000074 ) ) ;
#3052 = DIRECTION ( 'NONE',  ( 0.5735764363510414965, 0.8191520442889947962, 0.000000000000000000 ) ) ;
#3053 = CARTESIAN_POINT ( 'NONE',  ( 1.524000000000002020, 1.269999999999999796, -28.19400000000000261 ) ) ;
#3054 = VERTEX_POINT ( 'NONE', #3667 ) ;
#3055 = DIRECTION ( 'NONE',  ( 1.000000000000000000, 0.000000000000000000, 4.400024020954809650E-16 ) ) ;
#3056 = DIRECTION ( 'NONE',  ( -3.414809992080334249E-15, 1.000000000000000000, 0.000000000000000000 ) ) ;
#3057 = CARTESIAN_POINT ( 'NONE',  ( 1.054721882040444036, 0.7619999999999998996, 32.92729545650288259 ) ) ;
#3058 = EDGE_LOOP ( 'NONE', ( #1816, #1405, #2705, #2280 ) ) ;
#3059 = AXIS2_PLACEMENT_3D ( 'NONE', #1267, #2710, #2425 ) ;
#3060 = EDGE_CURVE ( 'NONE', #790, #1860, #3396, .T. ) ;
#3061 = ORIENTED_EDGE ( 'NONE', *, *, #1555, .F. ) ;
#3062 = PRESENTATION_LAYER_ASSIGNMENT (  '', '', ( #756 ) ) ;
#3063 = EDGE_CURVE ( 'NONE', #2268, #2913, #813, .T. ) ;
#3064 = DIRECTION ( 'NONE',  ( -1.000000000000000000, 3.491481338843132961E-15, 0.000000000000000000 ) ) ;
#3065 = VERTEX_POINT ( 'NONE', #1641 ) ;
#3066 = EDGE_CURVE ( 'NONE', #3009, #1591, #1131, .T. ) ;
#3067 = AXIS2_PLACEMENT_3D ( 'NONE', #1132, #578, #1989 ) ;
#3068 = ORIENTED_EDGE ( 'NONE', *, *, #3213, .F. ) ;
#3069 = EDGE_CURVE ( 'NONE', #1953, #2001, #1800, .T. ) ;
#3070 = DIRECTION ( 'NONE',  ( 0.000000000000000000, 1.000000000000000000, 0.000000000000000000 ) ) ;
#3071 = DIRECTION ( 'NONE',  ( -6.829619984160660610E-15, -1.000000000000000000, 0.000000000000000000 ) ) ;
#3072 = DIRECTION ( 'NONE',  ( -0.000000000000000000, -0.000000000000000000, -1.000000000000000000 ) ) ;
#3073 = VERTEX_POINT ( 'NONE', #1928 ) ;
#3074 = CARTESIAN_POINT ( 'NONE',  ( -2.540000000000002256, -1.057948453037569569, -23.11400000000001143 ) ) ;
#3075 = AXIS2_PLACEMENT_3D ( 'NONE', #1241, #2065, #3199 ) ;
#3076 = DIRECTION ( 'NONE',  ( 0.000000000000000000, -1.000000000000000000, 6.829619984160666921E-15 ) ) ;
#3077 = DIRECTION ( 'NONE',  ( -4.268512490100411402E-16, 0.000000000000000000, -1.000000000000000000 ) ) ;
#3078 = VERTEX_POINT ( 'NONE', #547 ) ;
#3079 = CIRCLE ( 'NONE', #1492, 1.015999999999999792 ) ;
#3080 = EDGE_CURVE ( 'NONE', #3452, #3155, #381, .T. ) ;
#3081 = ORIENTED_EDGE ( 'NONE', *, *, #1294, .T. ) ;
#3082 = CIRCLE ( 'NONE', #552, 2.540000000000000480 ) ;
#3083 = CARTESIAN_POINT ( 'NONE',  ( -2.667000000000002480, 2.920999999999997154, 14.60499999999998622 ) ) ;
#3084 = VERTEX_POINT ( 'NONE', #265 ) ;
#3085 = AXIS2_PLACEMENT_3D ( 'NONE', #2600, #3487, #64 ) ;
#3086 = CIRCLE ( 'NONE', #1561, 2.540000000000000480 ) ;
#3087 = VECTOR ( 'NONE', #455, 1000.000000000000000 ) ;
#3088 = LINE ( 'NONE', #844, #3253 ) ;
#3089 = LINE ( 'NONE', #798, #584 ) ;
#3090 = DIRECTION ( 'NONE',  ( 5.986153781733049845E-32, -1.000000000000000000, -1.360482068557900432E-16 ) ) ;
#3091 = CARTESIAN_POINT ( 'NONE',  ( -2.667000000000012250, 1.511299999999996979, 17.90699999999998582 ) ) ;
#3092 = CARTESIAN_POINT ( 'NONE',  ( -3.035434561876463988, 4.830416088323913115, 17.76730322548403151 ) ) ;
#3093 = CARTESIAN_POINT ( 'NONE',  ( 1.524000000000000687, -1.270000000000000018, -16.00200000000000955 ) ) ;
#3094 = AXIS2_PLACEMENT_3D ( 'NONE', #530, #495, #1346 ) ;
#3095 = LINE ( 'NONE', #1434, #3211 ) ;
#3096 = ORIENTED_EDGE ( 'NONE', *, *, #3576, .T. ) ;
#3097 = VERTEX_POINT ( 'NONE', #1081 ) ;
#3098 = PRESENTATION_LAYER_ASSIGNMENT (  '', '', ( #1745 ) ) ;
#3099 = EDGE_CURVE ( 'NONE', #3143, #3315, #781, .T. ) ;
#3100 = VERTEX_POINT ( 'NONE', #2207 ) ;
#3101 = EDGE_CURVE ( 'NONE', #2370, #841, #2221, .T. ) ;
#3102 = DIRECTION ( 'NONE',  ( 0.5000000000000009992, 0.000000000000000000, 0.8660254037844380415 ) ) ;
#3103 = VERTEX_POINT ( 'NONE', #826 ) ;
#3104 = CARTESIAN_POINT ( 'NONE',  ( -2.794000000000041339, 11.17599999999997529, -25.40000000000000213 ) ) ;
#3105 = DIRECTION ( 'NONE',  ( -1.000000000000000000, 3.491481338843132961E-15, -0.000000000000000000 ) ) ;
#3106 = DIRECTION ( 'NONE',  ( 0.000000000000000000, 1.000000000000000000, 0.000000000000000000 ) ) ;
#3107 = CARTESIAN_POINT ( 'NONE',  ( -3.788878405162436458, 2.050652608382265818, 17.89810660492243599 ) ) ;
#3108 = FACE_OUTER_BOUND ( 'NONE', #3249, .T. ) ;
#3109 = DIRECTION ( 'NONE',  ( 1.000000000000000000, 3.491481338843133355E-15, -2.845674993400287744E-16 ) ) ;
#3110 = EDGE_CURVE ( 'NONE', #3298, #171, #2761, .T. ) ;
#3111 = DIRECTION ( 'NONE',  ( -1.000000000000000000, -0.000000000000000000, -4.400024020954809157E-16 ) ) ;
#3112 = ORIENTED_EDGE ( 'NONE', *, *, #559, .T. ) ;
#3113 = ADVANCED_FACE ( 'NONE', ( #1673 ), #2189, .F. ) ;
#3114 = LINE ( 'NONE', #1886, #2371 ) ;
#3115 = ORIENTED_EDGE ( 'NONE', *, *, #2101, .F. ) ;
#3116 = CARTESIAN_POINT ( 'NONE',  ( -4.064000000000003610, 0.7619999999999998996, -9.271000000000009678 ) ) ;
#3117 = VECTOR ( 'NONE', #3288, 1000.000000000000000 ) ;
#3118 = FACE_OUTER_BOUND ( 'NONE', #1558, .T. ) ;
#3119 = EDGE_LOOP ( 'NONE', ( #2155, #2606, #467, #2588 ) ) ;
#3120 = CARTESIAN_POINT ( 'NONE',  ( 4.063999999999998280, -1.270000000000000018, -10.08820225350370237 ) ) ;
#3121 = ORIENTED_EDGE ( 'NONE', *, *, #3357, .F. ) ;
#3122 = AXIS2_PLACEMENT_3D ( 'NONE', #2054, #2649, #2633 ) ;
#3123 = DIRECTION ( 'NONE',  ( 0.000000000000000000, 1.000000000000000000, 0.000000000000000000 ) ) ;
#3124 = DIRECTION ( 'NONE',  ( -3.491481338843134144E-15, -1.000000000000000000, 0.000000000000000000 ) ) ;
#3125 = EDGE_CURVE ( 'NONE', #663, #711, #2519, .T. ) ;
#3126 = DIRECTION ( 'NONE',  ( 0.000000000000000000, -1.360482068557900432E-16, 1.000000000000000000 ) ) ;
#3127 = CARTESIAN_POINT ( 'NONE',  ( -2.667000000000012250, 1.523999999999997135, 17.90699999999998582 ) ) ;
#3128 = CARTESIAN_POINT ( 'NONE',  ( 2.447408423986303205, 0.3951053340203561914, -21.08483249559828820 ) ) ;
#3129 = CARTESIAN_POINT ( 'NONE',  ( 1.524000000000002020, 1.269999999999999796, -31.24200000000000443 ) ) ;
#3130 = CARTESIAN_POINT ( 'NONE',  ( 4.064000000000003610, 1.269999999999992912, -31.24200000000000443 ) ) ;
#3131 = ORIENTED_EDGE ( 'NONE', *, *, #2902, .T. ) ;
#3132 = ORIENTED_EDGE ( 'NONE', *, *, #3186, .T. ) ;
#3133 = VECTOR ( 'NONE', #1699, 1000.000000000000000 ) ;
#3134 = CARTESIAN_POINT ( 'NONE',  ( -1.656675358695485212, -1.267079273486032331, -22.61790857797585375 ) ) ;
#3135 = VERTEX_POINT ( 'NONE', #1213 ) ;
#3136 = EDGE_LOOP ( 'NONE', ( #3002, #151, #1417, #12 ) ) ;
#3137 = ADVANCED_FACE ( 'NONE', ( #943 ), #2068, .F. ) ;
#3138 = CARTESIAN_POINT ( 'NONE',  ( 4.064000000000061341, 18.03399999999999892, -18.79600000000000648 ) ) ;
#3139 = LINE ( 'NONE', #2897, #3570 ) ;
#3140 = VERTEX_POINT ( 'NONE', #2630 ) ;
#3141 = UNCERTAINTY_MEASURE_WITH_UNIT (LENGTH_MEASURE( 1.000000000000000082E-05 ), #686, 'distance_accuracy_value', 'NONE');
#3142 = CARTESIAN_POINT ( 'NONE',  ( 0.06989177962200442129, 7.051104282779968813, 15.11299999999998533 ) ) ;
#3143 = VERTEX_POINT ( 'NONE', #614 ) ;
#3144 = AXIS2_PLACEMENT_3D ( 'NONE', #3299, #757, #1358 ) ;
#3145 = DIRECTION ( 'NONE',  ( 1.000000000000000000, 0.000000000000000000, 4.400024020954809650E-16 ) ) ;
#3146 = VECTOR ( 'NONE', #421, 1000.000000000000000 ) ;
#3147 = AXIS2_PLACEMENT_3D ( 'NONE', #3182, #3364, #397 ) ;
#3148 = LINE ( 'NONE', #652, #2114 ) ;
#3149 = CARTESIAN_POINT ( 'NONE',  ( -4.064000000000002721, -4.434181300330779992E-15, -26.16199999999999903 ) ) ;
#3150 = DIRECTION ( 'NONE',  ( 0.000000000000000000, -1.000000000000000000, 0.000000000000000000 ) ) ;
#3151 = DIRECTION ( 'NONE',  ( 0.5735764363510420516, 0.8191520442889946851, 0.000000000000000000 ) ) ;
#3152 = CARTESIAN_POINT ( 'NONE',  ( -2.910964730125339628, 2.793999999999996930, 14.60499999999998622 ) ) ;
#3153 = DIRECTION ( 'NONE',  ( 0.8191520442889945741, -0.5735764363510419406, 0.000000000000000000 ) ) ;
#3154 = FACE_OUTER_BOUND ( 'NONE', #2300, .T. ) ;
#3155 = VERTEX_POINT ( 'NONE', #1763 ) ;
#3156 = LINE ( 'NONE', #697, #2077 ) ;
#3157 = ORIENTED_EDGE ( 'NONE', *, *, #2915, .T. ) ;
#3158 = ORIENTED_EDGE ( 'NONE', *, *, #1375, .T. ) ;
#3159 = DIRECTION ( 'NONE',  ( 1.000000000000000000, 0.000000000000000000, 4.400024020954809157E-16 ) ) ;
#3160 = CARTESIAN_POINT ( 'NONE',  ( -4.064000000000019597, 2.603499999999998149, 27.71507286209165954 ) ) ;
#3161 = FACE_OUTER_BOUND ( 'NONE', #2860, .T. ) ;
#3162 = ADVANCED_FACE ( 'NONE', ( #2288 ), #632, .T. ) ;
#3163 = CARTESIAN_POINT ( 'NONE',  ( 2.044588918566058400, 3.873500000000000387, 31.21279545650288156 ) ) ;
#3164 = ORIENTED_EDGE ( 'NONE', *, *, #2311, .F. ) ;
#3165 = EDGE_CURVE ( 'NONE', #1165, #642, #315, .T. ) ;
#3166 = CARTESIAN_POINT ( 'NONE',  ( -4.064000000000001833, -1.270000000000000018, -28.19400000000000972 ) ) ;
#3167 = CYLINDRICAL_SURFACE ( 'NONE', #259, 2.540000000000000480 ) ;
#3168 = CARTESIAN_POINT ( 'NONE',  ( 2.794000000000037343, 11.17600000000000193, -18.03400000000001313 ) ) ;
#3169 = DIRECTION ( 'NONE',  ( -3.491481338843134144E-15, -1.000000000000000000, 0.000000000000000000 ) ) ;
#3170 = CARTESIAN_POINT ( 'NONE',  ( -2.540000000000002256, 0.000000000000000000, -28.19400000000000972 ) ) ;
#3171 = CARTESIAN_POINT ( 'NONE',  ( -4.064000000000003610, 0.7619999999999998996, -8.509000000000009223 ) ) ;
#3172 = ORIENTED_EDGE ( 'NONE', *, *, #2160, .F. ) ;
#3173 = CARTESIAN_POINT ( 'NONE',  ( -2.540000000000001812, 0.5079999999999943450, -23.11400000000001143 ) ) ;
#3174 = ORIENTED_EDGE ( 'NONE', *, *, #2788, .T. ) ;
#3175 = ADVANCED_FACE ( 'NONE', ( #673 ), #3167, .T. ) ;
#3176 = ADVANCED_FACE ( 'NONE', ( #3184 ), #2008, .F. ) ;
#3177 = FACE_OUTER_BOUND ( 'NONE', #1343, .T. ) ;
#3178 = AXIS2_PLACEMENT_3D ( 'NONE', #3116, #307, #1442 ) ;
#3179 = CARTESIAN_POINT ( 'NONE',  ( 4.064000000000037360, 11.17599999999999660, -30.48000000000000398 ) ) ;
#3180 = ORIENTED_EDGE ( 'NONE', *, *, #3476, .F. ) ;
#3181 = AXIS2_PLACEMENT_3D ( 'NONE', #1289, #2963, #2691 ) ;
#3182 = CARTESIAN_POINT ( 'NONE',  ( -2.667000000000002480, 2.920999999999997154, 17.90699999999998582 ) ) ;
#3183 = PLANE ( 'NONE',  #1274 ) ;
#3184 = FACE_OUTER_BOUND ( 'NONE', #345, .T. ) ;
#3185 = VECTOR ( 'NONE', #2024, 1000.000000000000000 ) ;
#3186 = EDGE_CURVE ( 'NONE', #3279, #1638, #888, .T. ) ;
#3187 = CARTESIAN_POINT ( 'NONE',  ( 2.794000000000061323, 18.03400000000000247, -19.55800000000000693 ) ) ;
#3188 = CARTESIAN_POINT ( 'NONE',  ( -4.064000000000018709, 1.523999999999995580, 24.66411957583391512 ) ) ;
#3189 = LINE ( 'NONE', #1452, #3385 ) ;
#3190 = CARTESIAN_POINT ( 'NONE',  ( 0.06989177962200442129, 7.051104282779968813, 16.52133202856827765 ) ) ;
#3191 = CIRCLE ( 'NONE', #173, 2.540000000000000480 ) ;
#3192 = ORIENTED_EDGE ( 'NONE', *, *, #1764, .T. ) ;
#3193 = CARTESIAN_POINT ( 'NONE',  ( 4.064000000000061341, 18.03399999999999892, -29.71800000000000352 ) ) ;
#3194 = ORIENTED_EDGE ( 'NONE', *, *, #2429, .F. ) ;
#3195 = DIRECTION ( 'NONE',  ( 1.000000000000000000, 0.000000000000000000, 0.000000000000000000 ) ) ;
#3196 = DIRECTION ( 'NONE',  ( 0.000000000000000000, -2.626776916984863397E-16, 1.000000000000000000 ) ) ;
#3197 = ADVANCED_FACE ( 'NONE', ( #926 ), #3415, .T. ) ;
#3198 = ADVANCED_FACE ( 'NONE', ( #1485 ), #2922, .F. ) ;
#3199 = DIRECTION ( 'NONE',  ( 1.000000000000000000, -3.491481338843133750E-15, 0.000000000000000000 ) ) ;
#3200 = ORIENTED_EDGE ( 'NONE', *, *, #1895, .F. ) ;
#3201 = EDGE_CURVE ( 'NONE', #663, #2305, #2882, .T. ) ;
#3202 = LINE ( 'NONE', #1304, #1794 ) ;
#3203 = CARTESIAN_POINT ( 'NONE',  ( 4.064000000000037360, 11.17599999999999660, -21.08200000000000074 ) ) ;
#3204 = LINE ( 'NONE', #118, #2880 ) ;
#3205 = VECTOR ( 'NONE', #1618, 1000.000000000000000 ) ;
#3206 = PRESENTATION_STYLE_ASSIGNMENT (( #101 ) ) ;
#3207 = PLANE ( 'NONE',  #3122 ) ;
#3208 = DIRECTION ( 'NONE',  ( -1.000000000000000000, 0.000000000000000000, -4.400024020954809157E-16 ) ) ;
#3209 = CARTESIAN_POINT ( 'NONE',  ( 4.064000000000037360, 11.17599999999999660, -18.79600000000000648 ) ) ;
#3210 = EDGE_CURVE ( 'NONE', #1183, #1000, #380, .T. ) ;
#3211 = VECTOR ( 'NONE', #551, 1000.000000000000000 ) ;
#3212 = ORIENTED_EDGE ( 'NONE', *, *, #3354, .T. ) ;
#3213 = EDGE_CURVE ( 'NONE', #2913, #31, #16, .T. ) ;
#3214 = CIRCLE ( 'NONE', #2972, 1.270000000000000240 ) ;
#3215 = CARTESIAN_POINT ( 'NONE',  ( -2.495917442623580396, 0.4492232568314328822, -23.11400000000001498 ) ) ;
#3216 = VERTEX_POINT ( 'NONE', #1172 ) ;
#3217 = CARTESIAN_POINT ( 'NONE',  ( -4.064000000000001833, 2.793999999999997375, 12.44599999999998552 ) ) ;
#3218 = DIRECTION ( 'NONE',  ( -0.000000000000000000, -0.000000000000000000, 1.000000000000000000 ) ) ;
#3219 = VERTEX_POINT ( 'NONE', #2594 ) ;
#3220 = VECTOR ( 'NONE', #1329, 1000.000000000000000 ) ;
#3221 = CARTESIAN_POINT ( 'NONE',  ( -2.667000000000003368, 2.793999999999996930, 17.90699999999998582 ) ) ;
#3222 = CARTESIAN_POINT ( 'NONE',  ( -2.800973235593191557, 2.903318758651583842, 17.89277056787590681 ) ) ;
#3223 = FACE_OUTER_BOUND ( 'NONE', #1123, .T. ) ;
#3224 = LINE ( 'NONE', #690, #703 ) ;
#3225 =( BOUNDED_CURVE ( )  B_SPLINE_CURVE ( 3, ( #1422, #2544, #9, #607 ),
 .UNSPECIFIED., .F., .F. ) 
 B_SPLINE_CURVE_WITH_KNOTS ( ( 4, 4 ),
 ( 1.570796326794897002, 3.141592653589793116 ),
 .UNSPECIFIED. ) 
 CURVE ( )  GEOMETRIC_REPRESENTATION_ITEM ( )  RATIONAL_B_SPLINE_CURVE ( ( 1.000000000000000000, 0.8047378541243650485, 0.8047378541243650485, 1.000000000000000000 ) ) 
 REPRESENTATION_ITEM ( '' )  );
#3226 = DIRECTION ( 'NONE',  ( 3.491481338843133355E-15, -1.000000000000000000, 2.669161299432445820E-34 ) ) ;
#3227 = FACE_OUTER_BOUND ( 'NONE', #2994, .T. ) ;
#3228 = DIRECTION ( 'NONE',  ( 5.986153781733049845E-32, -1.000000000000000000, -1.360482068557900432E-16 ) ) ;
#3229 = CARTESIAN_POINT ( 'NONE',  ( -4.064000000000018709, 1.523999999999995580, 24.66411957583391512 ) ) ;
#3230 = EDGE_LOOP ( 'NONE', ( #2492, #179, #3011, #461 ) ) ;
#3231 = ORIENTED_EDGE ( 'NONE', *, *, #2120, .T. ) ;
#3232 = ADVANCED_FACE ( 'NONE', ( #591 ), #2333, .F. ) ;
#3233 = CARTESIAN_POINT ( 'NONE',  ( -4.064000000000003610, 0.000000000000000000, -10.08820225350369526 ) ) ;
#3234 = ORIENTED_EDGE ( 'NONE', *, *, #2640, .T. ) ;
#3235 = FACE_OUTER_BOUND ( 'NONE', #3568, .T. ) ;
#3236 = EDGE_CURVE ( 'NONE', #642, #1280, #357, .T. ) ;
#3237 = CARTESIAN_POINT ( 'NONE',  ( 4.063999999999998280, 0.000000000000000000, -10.08820225350370237 ) ) ;
#3238 = ORIENTED_EDGE ( 'NONE', *, *, #2570, .T. ) ;
#3239 = EDGE_CURVE ( 'NONE', #801, #1049, #788, .T. ) ;
#3240 = DIRECTION ( 'NONE',  ( 1.000000000000000000, 0.000000000000000000, 4.400024020954809157E-16 ) ) ;
#3241 = LINE ( 'NONE', #2647, #1907 ) ;
#3242 = VECTOR ( 'NONE', #2341, 1000.000000000000000 ) ;
#3243 = DIRECTION ( 'NONE',  ( -1.000000000000000000, -0.000000000000000000, 2.731847993664262430E-15 ) ) ;
#3244 = VECTOR ( 'NONE', #1401, 1000.000000000000000 ) ;
#3245 = DIRECTION ( 'NONE',  ( 0.000000000000000000, -1.000000000000000000, 0.000000000000000000 ) ) ;
#3246 = CARTESIAN_POINT ( 'NONE',  ( -4.064000000000041801, 11.17599999999996996, -26.16199999999999903 ) ) ;
#3247 = DIRECTION ( 'NONE',  ( -1.000000000000000000, 0.000000000000000000, -0.000000000000000000 ) ) ;
#3248 = ADVANCED_FACE ( 'NONE', ( #2031 ), #2612, .T. ) ;
#3249 = EDGE_LOOP ( 'NONE', ( #3626, #2040, #1107, #1476 ) ) ;
#3250 = ORIENTED_EDGE ( 'NONE', *, *, #2833, .T. ) ;
#3251 = CLOSED_SHELL ( 'NONE', ( #2096, #236, #735, #1164, #2037, #2971, #685, #2298, #2162, #2755, #3411, #3197, #202, #3312, #583, #309, #1587, #1692, #485, #1922, #805, #2837, #230, #2194, #2708, #1092, #3162, #99, #2179, #3248, #2545, #3175, #1169, #1615, #410, #543, #2159, #1510, #3319, #2525, #14, #2775, #1076, #1650, #837, #1406, #1799, #3014, #766, #1902, #1612, #1297, #489, #2476, #1178, #3540, #2271, #1388, #3423, #3039 ) ) ;
#3252 = CARTESIAN_POINT ( 'NONE',  ( -4.064000000000003610, -1.270000000000000018, -10.08820225350369526 ) ) ;
#3253 = VECTOR ( 'NONE', #1128, 1000.000000000000000 ) ;
#3254 = PLANE ( 'NONE',  #497 ) ;
#3255 = ORIENTED_EDGE ( 'NONE', *, *, #1345, .T. ) ;
#3256 = FACE_OUTER_BOUND ( 'NONE', #1462, .T. ) ;
#3257 = DIRECTION ( 'NONE',  ( 5.837619245485963938E-32, -1.000000000000000000, -1.326724403704322179E-16 ) ) ;
#3258 = CARTESIAN_POINT ( 'NONE',  ( -4.064000000000018709, 1.523999999999995580, 24.66411957583391512 ) ) ;
#3259 = EDGE_CURVE ( 'NONE', #128, #2370, #1544, .T. ) ;
#3260 = ORIENTED_EDGE ( 'NONE', *, *, #620, .T. ) ;
#3261 = VECTOR ( 'NONE', #809, 1000.000000000000000 ) ;
#3262 = CARTESIAN_POINT ( 'NONE',  ( 4.064000000000061341, 18.03399999999999892, -30.48000000000000043 ) ) ;
#3263 = ORIENTED_EDGE ( 'NONE', *, *, #2451, .T. ) ;
#3264 = CARTESIAN_POINT ( 'NONE',  ( -4.064000000000005386, 1.015999999999999570, -6.731000000000009642 ) ) ;
#3265 = CARTESIAN_POINT ( 'NONE',  ( 4.063999999999997392, 0.7620000000000085594, -7.239000000000006096 ) ) ;
#3266 = DIRECTION ( 'NONE',  ( 1.000000000000000000, -0.000000000000000000, 4.400024020954809157E-16 ) ) ;
#3267 = CARTESIAN_POINT ( 'NONE',  ( -1.524000000000005350, 1.269999999999999352, -23.11400000000001143 ) ) ;
#3268 = DIRECTION ( 'NONE',  ( 1.000000000000000000, 0.000000000000000000, 4.400024020954809650E-16 ) ) ;
#3269 = ORIENTED_EDGE ( 'NONE', *, *, #67, .T. ) ;
#3270 = ORIENTED_EDGE ( 'NONE', *, *, #268, .T. ) ;
#3271 = CIRCLE ( 'NONE', #2841, 0.7619999999999953477 ) ;
#3272 = EDGE_CURVE ( 'NONE', #841, #106, #2144, .T. ) ;
#3273 = VECTOR ( 'NONE', #3268, 1000.000000000000000 ) ;
#3274 = CARTESIAN_POINT ( 'NONE',  ( -4.064000000000003610, 0.7619999999999998996, -9.271000000000009678 ) ) ;
#3275 =( BOUNDED_CURVE ( )  B_SPLINE_CURVE ( 3, ( #1328, #724, #1857, #1604 ),
 .UNSPECIFIED., .F., .F. ) 
 B_SPLINE_CURVE_WITH_KNOTS ( ( 4, 4 ),
 ( 1.760211336123884577E-16, 1.570796326794896558 ),
 .UNSPECIFIED. ) 
 CURVE ( )  GEOMETRIC_REPRESENTATION_ITEM ( )  RATIONAL_B_SPLINE_CURVE ( ( 1.000000000000000000, 0.8047378541243650485, 0.8047378541243650485, 1.000000000000000000 ) ) 
 REPRESENTATION_ITEM ( '' )  );
#3276 = EDGE_LOOP ( 'NONE', ( #710, #820, #894, #29 ) ) ;
#3277 = AXIS2_PLACEMENT_3D ( 'NONE', #1429, #1410, #562 ) ;
#3278 = DIRECTION ( 'NONE',  ( 0.000000000000000000, 1.000000000000000000, 0.000000000000000000 ) ) ;
#3279 = VERTEX_POINT ( 'NONE', #1001 ) ;
#3280 = DIRECTION ( 'NONE',  ( -2.845674993400288237E-16, 2.980686340760904187E-30, -1.000000000000000000 ) ) ;
#3281 = ORIENTED_EDGE ( 'NONE', *, *, #3616, .T. ) ;
#3282 = EDGE_CURVE ( 'NONE', #624, #958, #1324, .T. ) ;
#3283 = CARTESIAN_POINT ( 'NONE',  ( 4.064000000000002721, 1.269999999999990914, -28.19400000000000261 ) ) ;
#3284 = ORIENTED_EDGE ( 'NONE', *, *, #623, .T. ) ;
#3285 = DIRECTION ( 'NONE',  ( -1.000000000000000000, -0.000000000000000000, -4.400024020954809157E-16 ) ) ;
#3286 = VECTOR ( 'NONE', #441, 1000.000000000000000 ) ;
#3287 = AXIS2_PLACEMENT_3D ( 'NONE', #3187, #928, #157 ) ;
#3288 = DIRECTION ( 'NONE',  ( 3.491481338843133355E-15, -1.000000000000000000, 5.058977766044933858E-16 ) ) ;
#3289 = PRODUCT_CONTEXT ( 'NONE', #1028, 'mechanical' ) ;
#3290 = DIRECTION ( 'NONE',  ( -2.731847993664262035E-15, 0.000000000000000000, -1.000000000000000000 ) ) ;
#3291 = DIRECTION ( 'NONE',  ( -3.414809992080328037E-16, 0.000000000000000000, -1.000000000000000000 ) ) ;
#3292 = FACE_OUTER_BOUND ( 'NONE', #3534, .T. ) ;
#3293 = ORIENTED_EDGE ( 'NONE', *, *, #603, .F. ) ;
#3294 = ORIENTED_EDGE ( 'NONE', *, *, #395, .F. ) ;
#3295 = LINE ( 'NONE', #989, #2199 ) ;
#3296 = ORIENTED_EDGE ( 'NONE', *, *, #2310, .F. ) ;
#3297 = DIRECTION ( 'NONE',  ( -0.5000000000000009992, -3.563026749684931449E-16, -0.8660254037844380415 ) ) ;
#3298 = VERTEX_POINT ( 'NONE', #1888 ) ;
#3299 = CARTESIAN_POINT ( 'NONE',  ( -2.886700252601024808, 2.828653265210987033, 0.000000000000000000 ) ) ;
#3300 = EDGE_LOOP ( 'NONE', ( #1532, #2781, #1598, #1017 ) ) ;
#3301 = DIRECTION ( 'NONE',  ( -0.000000000000000000, -0.000000000000000000, 1.000000000000000000 ) ) ;
#3302 = UNCERTAINTY_MEASURE_WITH_UNIT (LENGTH_MEASURE( 1.000000000000000082E-05 ), #1567, 'distance_accuracy_value', 'NONE');
#3303 = CARTESIAN_POINT ( 'NONE',  ( -4.064000000000018709, 2.077889665753205328, 26.24745963412781435 ) ) ;
#3304 = DIRECTION ( 'NONE',  ( 0.000000000000000000, 0.000000000000000000, 1.000000000000000000 ) ) ;
#3305 = CARTESIAN_POINT ( 'NONE',  ( -2.921150755229681817, 1.523999999999998689, 17.90522013753150077 ) ) ;
#3306 = LINE ( 'NONE', #983, #1945 ) ;
#3307 = CARTESIAN_POINT ( 'NONE',  ( 1.523999999999997801, -1.270000000000000018, -27.17800000000000082 ) ) ;
#3308 = DIRECTION ( 'NONE',  ( 0.000000000000000000, 1.313388458492431699E-16, -1.000000000000000000 ) ) ;
#3309 = ORIENTED_EDGE ( 'NONE', *, *, #2404, .F. ) ;
#3310 = CARTESIAN_POINT ( 'NONE',  ( -3.811355405871724944, 3.722286281582406708, 17.88565585181385842 ) ) ;
#3311 = ORIENTED_EDGE ( 'NONE', *, *, #3574, .T. ) ;
#3312 = ADVANCED_FACE ( 'NONE', ( #3223 ), #1856, .T. ) ;
#3313 = EDGE_CURVE ( 'NONE', #2344, #3073, #3012, .T. ) ;
#3314 = CARTESIAN_POINT ( 'NONE',  ( 4.063999999999998280, -1.270000000000000018, -23.11400000000000787 ) ) ;
#3315 = VERTEX_POINT ( 'NONE', #1263 ) ;
#3316 = AXIS2_PLACEMENT_3D ( 'NONE', #1976, #853, #2225 ) ;
#3317 = ORIENTED_EDGE ( 'NONE', *, *, #738, .T. ) ;
#3318 = B_SPLINE_CURVE_WITH_KNOTS ( 'NONE', 3,
 ( #910, #1509, #3128, #676, #2598, #1728, #102, #1230, #946, #2292, #2071, #2925 ),
 .UNSPECIFIED., .F., .F.,
 ( 4, 2, 2, 2, 2, 4 ),
 ( 0.000000000000000000, 0.0002177871516968275106, 0.0004355743033936550213, 0.0008711486067873115604, 0.001306722910180968100, 0.001742297213574624639 ),
 .UNSPECIFIED. ) ;
#3319 = ADVANCED_FACE ( 'NONE', ( #2997 ), #2442, .F. ) ;
#3320 = FACE_OUTER_BOUND ( 'NONE', #2234, .T. ) ;
#3321 = ORIENTED_EDGE ( 'NONE', *, *, #1518, .F. ) ;
#3322 = LINE ( 'NONE', #2744, #1090 ) ;
#3323 = EDGE_CURVE ( 'NONE', #3347, #2002, #436, .T. ) ;
#3324 = LINE ( 'NONE', #1670, #2589 ) ;
#3325 = CARTESIAN_POINT ( 'NONE',  ( 2.794000000000061323, 18.03400000000000247, -20.32000000000000384 ) ) ;
#3326 = LINE ( 'NONE', #2534, #2741 ) ;
#3327 = EDGE_LOOP ( 'NONE', ( #1911, #767, #2504, #3260 ) ) ;
#3328 = ORIENTED_EDGE ( 'NONE', *, *, #162, .F. ) ;
#3329 = CARTESIAN_POINT ( 'NONE',  ( -2.413000000000001588, 1.523999999999996691, 17.90699999999998582 ) ) ;
#3330 = EDGE_CURVE ( 'NONE', #2370, #1700, #2422, .T. ) ;
#3331 = DIRECTION ( 'NONE',  ( 0.000000000000000000, -1.000000000000000000, 0.000000000000000000 ) ) ;
#3332 = EDGE_CURVE ( 'NONE', #3298, #1953, #444, .T. ) ;
#3333 = EDGE_LOOP ( 'NONE', ( #3096, #1935, #3115, #492 ) ) ;
#3334 = AXIS2_PLACEMENT_3D ( 'NONE', #2618, #2318, #386 ) ;
#3335 = AXIS2_PLACEMENT_3D ( 'NONE', #408, #2991, #465 ) ;
#3336 = CARTESIAN_POINT ( 'NONE',  ( 2.539999999999996483, -1.270000000000000018, -23.11400000000000432 ) ) ;
#3337 = VERTEX_POINT ( 'NONE', #3542 ) ;
#3338 = ORIENTED_EDGE ( 'NONE', *, *, #2316, .F. ) ;
#3339 = VECTOR ( 'NONE', #2503, 1000.000000000000000 ) ;
#3340 = LINE ( 'NONE', #406, #204 ) ;
#3341 = EDGE_LOOP ( 'NONE', ( #3212, #42, #234, #2582 ) ) ;
#3342 = FACE_OUTER_BOUND ( 'NONE', #3492, .T. ) ;
#3343 = FACE_OUTER_BOUND ( 'NONE', #251, .T. ) ;
#3344 = EDGE_CURVE ( 'NONE', #2661, #143, #1737, .T. ) ;
#3345 = DIRECTION ( 'NONE',  ( -0.000000000000000000, 1.000000000000000000, -0.000000000000000000 ) ) ;
#3346 = COLOUR_RGB ( '',0.7921568627450980005, 0.8196078431372548767, 0.9333333333333333481 ) ;
#3347 = VERTEX_POINT ( 'NONE', #1599 ) ;
#3348 = ORIENTED_EDGE ( 'NONE', *, *, #3003, .T. ) ;
#3349 = EDGE_CURVE ( 'NONE', #1571, #1389, #2962, .T. ) ;
#3350 = PLANE ( 'NONE',  #1961 ) ;
#3351 = PLANE ( 'NONE',  #1383 ) ;
#3352 = CARTESIAN_POINT ( 'NONE',  ( 4.063999999999998280, 0.000000000000000000, -23.11400000000000787 ) ) ;
#3353 = ORIENTED_EDGE ( 'NONE', *, *, #3359, .F. ) ;
#3354 = EDGE_CURVE ( 'NONE', #3578, #2296, #1247, .T. ) ;
#3355 = CIRCLE ( 'NONE', #1402, 2.412999999999998479 ) ;
#3356 = ORIENTED_EDGE ( 'NONE', *, *, #2822, .T. ) ;
#3357 = EDGE_CURVE ( 'NONE', #2871, #782, #3241, .T. ) ;
#3358 = EDGE_LOOP ( 'NONE', ( #586, #1101, #2325, #3422 ) ) ;
#3359 = EDGE_CURVE ( 'NONE', #1840, #2753, #2940, .T. ) ;
#3360 = LINE ( 'NONE', #3051, #706 ) ;
#3361 = CARTESIAN_POINT ( 'NONE',  ( -4.064000000000019597, 3.872200337291648697, 27.63382880116865081 ) ) ;
#3362 = CARTESIAN_POINT ( 'NONE',  ( 4.064000000000061341, 18.03399999999999892, -28.95600000000001017 ) ) ;
#3363 = ORIENTED_EDGE ( 'NONE', *, *, #3344, .F. ) ;
#3364 = DIRECTION ( 'NONE',  ( -0.000000000000000000, -0.000000000000000000, 1.000000000000000000 ) ) ;
#3365 = DIRECTION ( 'NONE',  ( -2.845674993400287744E-16, -9.938290297169095555E-31, -1.000000000000000000 ) ) ;
#3366 = LINE ( 'NONE', #521, #3008 ) ;
#3367 = EDGE_CURVE ( 'NONE', #3347, #2326, #3521, .T. ) ;
#3368 = EDGE_CURVE ( 'NONE', #1255, #3448, #414, .T. ) ;
#3369 = PLANE ( 'NONE',  #1960 ) ;
#3370 = VECTOR ( 'NONE', #2501, 1000.000000000000000 ) ;
#3371 = ORIENTED_EDGE ( 'NONE', *, *, #3661, .F. ) ;
#3372 = VECTOR ( 'NONE', #975, 1000.000000000000000 ) ;
#3373 = VERTEX_POINT ( 'NONE', #1285 ) ;
#3374 = VECTOR ( 'NONE', #1163, 1000.000000000000000 ) ;
#3375 = AXIS2_PLACEMENT_3D ( 'NONE', #867, #3126, #3439 ) ;
#3376 = ORIENTED_EDGE ( 'NONE', *, *, #670, .F. ) ;
#3377 = LINE ( 'NONE', #1687, #539 ) ;
#3378 = DIRECTION ( 'NONE',  ( -2.845674993400288237E-16, 1.751623080406021339E-46, -1.000000000000000000 ) ) ;
#3379 = DIRECTION ( 'NONE',  ( 0.000000000000000000, 2.626776916984863397E-16, -1.000000000000000000 ) ) ;
#3380 = DIRECTION ( 'NONE',  ( 3.491481338843134144E-15, 1.000000000000000000, 0.000000000000000000 ) ) ;
#3381 = CARTESIAN_POINT ( 'NONE',  ( -4.064000000000040913, 11.17599999999996996, -25.40000000000000213 ) ) ;
#3382 = EDGE_CURVE ( 'NONE', #535, #2763, #2106, .T. ) ;
#3383 = PLANE ( 'NONE',  #2439 ) ;
#3384 = ORIENTED_EDGE ( 'NONE', *, *, #279, .F. ) ;
#3385 = VECTOR ( 'NONE', #1992, 1000.000000000000000 ) ;
#3386 = ORIENTED_EDGE ( 'NONE', *, *, #2392, .F. ) ;
#3387 = AXIS2_PLACEMENT_3D ( 'NONE', #688, #453, #2921 ) ;
#3388 = EDGE_LOOP ( 'NONE', ( #3413, #1284, #818, #3158 ) ) ;
#3389 = AXIS2_PLACEMENT_3D ( 'NONE', #1047, #747, #3247 ) ;
#3390 = VECTOR ( 'NONE', #3055, 1000.000000000000000 ) ;
#3391 = PLANE ( 'NONE',  #126 ) ;
#3392 = EDGE_CURVE ( 'NONE', #3143, #2579, #3322, .T. ) ;
#3393 = VECTOR ( 'NONE', #2270, 1000.000000000000000 ) ;
#3394 = CARTESIAN_POINT ( 'NONE',  ( -3.811355405871729385, 3.722286281582400935, 14.60499999999998622 ) ) ;
#3395 = DIRECTION ( 'NONE',  ( -1.000000000000000000, 0.000000000000000000, -0.000000000000000000 ) ) ;
#3396 = LINE ( 'NONE', #1366, #84 ) ;
#3397 = DIRECTION ( 'NONE',  ( 3.491481338843133355E-15, 1.000000000000000000, -3.104372720073025936E-16 ) ) ;
#3398 = CARTESIAN_POINT ( 'NONE',  ( -4.064000000000003610, -1.270000000000000018, -10.08820225350369526 ) ) ;
#3399 = ADVANCED_FACE ( 'NONE', ( #2185 ), #3614, .F. ) ;
#3400 = CARTESIAN_POINT ( 'NONE',  ( 4.063999999999998280, 0.000000000000000000, -10.08820225350369171 ) ) ;
#3401 = CARTESIAN_POINT ( 'NONE',  ( -4.023429862737526008, 2.501221766239052346, 17.89454924689141180 ) ) ;
#3402 = DIRECTION ( 'NONE',  ( 1.000000000000000000, 0.000000000000000000, 4.400024020954809157E-16 ) ) ;
#3403 = VECTOR ( 'NONE', #418, 1000.000000000000000 ) ;
#3404 = CARTESIAN_POINT ( 'NONE',  ( -4.064000000000001833, -1.270000000000000018, -28.19400000000000972 ) ) ;
#3405 = ORIENTED_EDGE ( 'NONE', *, *, #997, .T. ) ;
#3406 = CARTESIAN_POINT ( 'NONE',  ( -1.524000000000004018, -1.270000000000001128, -22.09800000000001319 ) ) ;
#3407 = ORIENTED_EDGE ( 'NONE', *, *, #1152, .T. ) ;
#3408 = DIRECTION ( 'NONE',  ( 2.845674993400269995E-16, 5.058977766044943719E-16, 1.000000000000000000 ) ) ;
#3409 = LINE ( 'NONE', #860, #3374 ) ;
#3410 = ORIENTED_EDGE ( 'NONE', *, *, #2696, .F. ) ;
#3411 = ADVANCED_FACE ( 'NONE', ( #2461 ), #1058, .F. ) ;
#3412 = B_SPLINE_CURVE_WITH_KNOTS ( 'NONE', 3,
 ( #1828, #3215, #683, #391, #344, #2932, #1809, #2605, #2374, #2637, #3533, #973 ),
 .UNSPECIFIED., .F., .F.,
 ( 4, 2, 2, 2, 2, 4 ),
 ( 0.000000000000000000, 0.0002177871516968301669, 0.0004355743033936603338, 0.0008711486067873196919, 0.001306722910180979158, 0.001742297213574638300 ),
 .UNSPECIFIED. ) ;
#3413 = ORIENTED_EDGE ( 'NONE', *, *, #3539, .T. ) ;
#3414 = PLANE ( 'NONE',  #255 ) ;
#3415 = CYLINDRICAL_SURFACE ( 'NONE', #2258, 2.501899999999997792 ) ;
#3416 = DIRECTION ( 'NONE',  ( 1.000000000000000000, 0.000000000000000000, 4.400024020954809650E-16 ) ) ;
#3417 = CARTESIAN_POINT ( 'NONE',  ( 1.677468199064679366, 0.007839183142355434300, -17.57425766276997692 ) ) ;
#3418 = DIRECTION ( 'NONE',  ( 1.000000000000000000, -3.500180241882336472E-15, 0.000000000000000000 ) ) ;
#3419 = DIRECTION ( 'NONE',  ( 1.083885942094866782E-30, 3.104372720073025936E-16, 1.000000000000000000 ) ) ;
#3420 = EDGE_CURVE ( 'NONE', #1719, #1179, #2494, .T. ) ;
#3421 = ORIENTED_EDGE ( 'NONE', *, *, #82, .F. ) ;
#3422 = ORIENTED_EDGE ( 'NONE', *, *, #2538, .T. ) ;
#3423 = ADVANCED_FACE ( 'NONE', ( #361 ), #1806, .T. ) ;
#3424 = DIRECTION ( 'NONE',  ( 7.040845344495537320E-16, 0.000000000000000000, -1.000000000000000000 ) ) ;
#3425 = VERTEX_POINT ( 'NONE', #3486 ) ;
#3426 = EDGE_LOOP ( 'NONE', ( #192, #479, #363, #1242, #1893, #3234 ) ) ;
#3427 = FACE_OUTER_BOUND ( 'NONE', #2899, .T. ) ;
#3428 = VECTOR ( 'NONE', #36, 1000.000000000000000 ) ;
#3429 = LINE ( 'NONE', #93, #2202 ) ;
#3430 = CARTESIAN_POINT ( 'NONE',  ( 2.539999999999997815, 1.269999999999999796, -27.17800000000000438 ) ) ;
#3431 = ORIENTED_EDGE ( 'NONE', *, *, #114, .F. ) ;
#3432 = DIRECTION ( 'NONE',  ( 1.000000000000000000, 0.000000000000000000, 4.400024020954809157E-16 ) ) ;
#3433 = CARTESIAN_POINT ( 'NONE',  ( 2.794000000000037343, 11.17600000000000193, -18.79600000000000648 ) ) ;
#3434 = ORIENTED_EDGE ( 'NONE', *, *, #2664, .T. ) ;
#3435 = AXIS2_PLACEMENT_3D ( 'NONE', #2807, #574, #1956 ) ;
#3436 = CARTESIAN_POINT ( 'NONE',  ( 2.042794389452221360, -1.219656851924082241, -28.07372364049566116 ) ) ;
#3437 = EDGE_CURVE ( 'NONE', #771, #96, #2617, .T. ) ;
#3438 = CARTESIAN_POINT ( 'NONE',  ( 4.063999999999996504, 1.524000000000000021, -6.731000000000006089 ) ) ;
#3439 = DIRECTION ( 'NONE',  ( 0.000000000000000000, -1.000000000000000000, -1.360482068557900432E-16 ) ) ;
#3440 = CARTESIAN_POINT ( 'NONE',  ( 1.562894303191610268, 0.0005010926279383091713, -17.30574221287477243 ) ) ;
#3441 = DIRECTION ( 'NONE',  ( 4.400024020954809157E-16, 0.000000000000000000, -1.000000000000000000 ) ) ;
#3442 = LINE ( 'NONE', #2888, #1337 ) ;
#3443 = CARTESIAN_POINT ( 'NONE',  ( 2.539999999999999591, -1.057948453037568903, -21.08199999999999719 ) ) ;
#3444 = VERTEX_POINT ( 'NONE', #1217 ) ;
#3445 = EDGE_CURVE ( 'NONE', #108, #1627, #3189, .T. ) ;
#3446 = EDGE_CURVE ( 'NONE', #1369, #3298, #2072, .T. ) ;
#3447 = DIRECTION ( 'NONE',  ( -3.414809992080318866E-15, 1.000000000000000000, 0.000000000000000000 ) ) ;
#3448 = VERTEX_POINT ( 'NONE', #3170 ) ;
#3449 = ORIENTED_EDGE ( 'NONE', *, *, #857, .T. ) ;
#3450 = CARTESIAN_POINT ( 'NONE',  ( 1.524000000000002020, 1.269999999999999796, -21.08199999999999719 ) ) ;
#3451 = CARTESIAN_POINT ( 'NONE',  ( -4.064000000000040913, 11.17599999999996996, -23.87600000000000477 ) ) ;
#3452 = VERTEX_POINT ( 'NONE', #657 ) ;
#3453 = CARTESIAN_POINT ( 'NONE',  ( 2.539999999999995595, 0.000000000000000000, -26.16200000000000259 ) ) ;
#3454 = ORIENTED_EDGE ( 'NONE', *, *, #1555, .T. ) ;
#3455 = VECTOR ( 'NONE', #2459, 1000.000000000000000 ) ;
#3456 = DIRECTION ( 'NONE',  ( 1.000000000000000000, -3.491481338843134144E-15, -0.000000000000000000 ) ) ;
#3457 = CIRCLE ( 'NONE', #1798, 1.270000000000000240 ) ;
#3458 = DIRECTION ( 'NONE',  ( 5.986153781733049845E-32, -1.000000000000000000, -1.360482068557900432E-16 ) ) ;
#3459 = DIRECTION ( 'NONE',  ( -1.000000000000000000, -3.491481338843133355E-15, 2.845674993400288237E-16 ) ) ;
#3460 = AXIS2_PLACEMENT_3D ( 'NONE', #2978, #2149, #1024 ) ;
#3461 = VECTOR ( 'NONE', #1397, 1000.000000000000000 ) ;
#3462 = CARTESIAN_POINT ( 'NONE',  ( -3.811355405871728497, 3.722286281582401823, 14.60499999999998622 ) ) ;
#3463 = FACE_OUTER_BOUND ( 'NONE', #405, .T. ) ;
#3464 = CARTESIAN_POINT ( 'NONE',  ( 2.539999999999997815, -1.270000000000000684, -28.19400000000000261 ) ) ;
#3465 = PLANE ( 'NONE',  #1026 ) ;
#3466 = EDGE_CURVE ( 'NONE', #3023, #1437, #196, .T. ) ;
#3467 = ORIENTED_EDGE ( 'NONE', *, *, #2475, .F. ) ;
#3468 = DIRECTION ( 'NONE',  ( -0.000000000000000000, -0.000000000000000000, -1.000000000000000000 ) ) ;
#3469 = ORIENTED_EDGE ( 'NONE', *, *, #3330, .T. ) ;
#3470 = AXIS2_PLACEMENT_3D ( 'NONE', #298, #2242, #3151 ) ;
#3471 = ORIENTED_EDGE ( 'NONE', *, *, #522, .T. ) ;
#3472 = CARTESIAN_POINT ( 'NONE',  ( -4.064000000000040913, 11.17599999999996996, -25.40000000000000213 ) ) ;
#3473 = CARTESIAN_POINT ( 'NONE',  ( 1.524000000000002020, 1.269999999999999796, -28.19400000000000261 ) ) ;
#3474 = CARTESIAN_POINT ( 'NONE',  ( -4.064000000000065782, 18.03399999999997050, -26.16199999999999903 ) ) ;
#3475 = CARTESIAN_POINT ( 'NONE',  ( -2.923461217539664592, 1.511299999999998533, 17.90522013746225838 ) ) ;
#3476 = EDGE_CURVE ( 'NONE', #2820, #293, #3079, .T. ) ;
#3477 = CARTESIAN_POINT ( 'NONE',  ( -2.667000000000003368, 1.523999999999997135, 14.60499999999998622 ) ) ;
#3478 = PLANE ( 'NONE',  #1125 ) ;
#3479 = ORIENTED_EDGE ( 'NONE', *, *, #619, .F. ) ;
#3480 = CARTESIAN_POINT ( 'NONE',  ( 4.063999999999981405, 1.333499999999998797, 27.71507286209166310 ) ) ;
#3481 = CARTESIAN_POINT ( 'NONE',  ( 2.794000000000037343, 11.17600000000000371, -28.19400000000000261 ) ) ;
#3482 = VECTOR ( 'NONE', #379, 1000.000000000000000 ) ;
#3483 = B_SPLINE_CURVE_WITH_KNOTS ( 'NONE', 3,
 ( #1195, #636, #1975, #3440, #1431, #3417, #2886, #2827, #890, #317, #1413, #2011, #579, #2555 ),
 .UNSPECIFIED., .F., .F.,
 ( 4, 2, 2, 2, 2, 2, 4 ),
 ( 0.000000000000000000, 0.0002176480050979854837, 0.0004352960101959709675, 0.0008705920203919322855, 0.001088240025489916251, 0.001305888030587900109, 0.001741184040783868041 ),
 .UNSPECIFIED. ) ;
#3484 = FACE_OUTER_BOUND ( 'NONE', #3518, .T. ) ;
#3485 = CARTESIAN_POINT ( 'NONE',  ( -0.9704313166250178035, 7.779546356945791885, 16.52133202856827765 ) ) ;
#3486 = CARTESIAN_POINT ( 'NONE',  ( -1.261808146291348853, 7.363417118446982101, 14.60499999999998622 ) ) ;
#3487 = DIRECTION ( 'NONE',  ( -1.000000000000000000, 0.000000000000000000, 0.000000000000000000 ) ) ;
#3488 = ORIENTED_EDGE ( 'NONE', *, *, #2601, .F. ) ;
#3489 = EDGE_CURVE ( 'NONE', #1014, #140, #3582, .T. ) ;
#3490 = EDGE_CURVE ( 'NONE', #3573, #108, #370, .T. ) ;
#3491 = CARTESIAN_POINT ( 'NONE',  ( 1.523999999999997579, -1.270000000000000018, -26.16200000000000614 ) ) ;
#3492 = EDGE_LOOP ( 'NONE', ( #2996, #659, #2869, #955 ) ) ;
#3493 = DIRECTION ( 'NONE',  ( 0.000000000000000000, 0.000000000000000000, -1.000000000000000000 ) ) ;
#3494 = EDGE_LOOP ( 'NONE', ( #3557, #2, #1536, #680 ) ) ;
#3495 = DIRECTION ( 'NONE',  ( 5.986153781733049845E-32, -1.000000000000000000, -1.360482068557900432E-16 ) ) ;
#3496 = EDGE_LOOP ( 'NONE', ( #2674, #1721, #3180, #3384 ) ) ;
#3497 = CARTESIAN_POINT ( 'NONE',  ( -2.667000000000003368, 2.806826999999997074, 17.90699999999998582 ) ) ;
#3498 = VECTOR ( 'NONE', #1600, 1000.000000000000000 ) ;
#3499 = ADVANCED_FACE ( 'NONE', ( #1156 ), #2276, .T. ) ;
#3500 = CARTESIAN_POINT ( 'NONE',  ( 4.063999999999982293, 1.523999999999995580, 24.66411957583391867 ) ) ;
#3501 = CIRCLE ( 'NONE', #285, 1.651000000000003132 ) ;
#3502 = PLANE ( 'NONE',  #1957 ) ;
#3503 = EDGE_CURVE ( 'NONE', #3084, #3452, #2848, .T. ) ;
#3504 = DIRECTION ( 'NONE',  ( 4.400024020954809157E-16, 0.000000000000000000, -1.000000000000000000 ) ) ;
#3505 = EDGE_CURVE ( 'NONE', #3655, #2421, #1768, .T. ) ;
#3506 = VECTOR ( 'NONE', #3280, 1000.000000000000000 ) ;
#3507 = LINE ( 'NONE', #1820, #1881 ) ;
#3508 = SURFACE_STYLE_FILL_AREA ( #2648 ) ;
#3509 = CARTESIAN_POINT ( 'NONE',  ( 4.064000000000000945, -1.270000000000000018, -16.00199999999999534 ) ) ;
#3510 = CARTESIAN_POINT ( 'NONE',  ( -2.540000000000000924, -1.270000000000000018, -22.09799999999999898 ) ) ;
#3511 = CARTESIAN_POINT ( 'NONE',  ( -4.064000000000020485, 0.7619999999999998996, 29.97199999999997999 ) ) ;
#3512 = ORIENTED_EDGE ( 'NONE', *, *, #3259, .T. ) ;
#3513 = EDGE_CURVE ( 'NONE', #1995, #1255, #3442, .T. ) ;
#3514 = CARTESIAN_POINT ( 'NONE',  ( -4.064000000000001833, 1.523999999999997357, 12.44599999999998552 ) ) ;
#3515 = ORIENTED_EDGE ( 'NONE', *, *, #1038, .F. ) ;
#3516 = DIRECTION ( 'NONE',  ( -3.414809992080328037E-16, 0.000000000000000000, 1.000000000000000000 ) ) ;
#3517 = CARTESIAN_POINT ( 'NONE',  ( -2.540000000000002256, -1.270000000000000018, -27.17800000000001148 ) ) ;
#3518 = EDGE_LOOP ( 'NONE', ( #599, #449, #392, #3049, #2562, #509, #3569, #861, #3026, #3250, #2487, #215, #3580, #321, #2163, #1455, #430, #3284, #834 ) ) ;
#3519 = CARTESIAN_POINT ( 'NONE',  ( 4.063999999999998280, 0.7620000000000001217, -7.239000000000006096 ) ) ;
#3520 = CIRCLE ( 'NONE', #2251, 3.682999999999998941 ) ;
#3521 = LINE ( 'NONE', #2687, #2376 ) ;
#3522 = EDGE_CURVE ( 'NONE', #2175, #2766, #2014, .T. ) ;
#3523 = PLANE ( 'NONE',  #1705 ) ;
#3524 = AXIS2_PLACEMENT_3D ( 'NONE', #726, #499, #1626 ) ;
#3525 = VECTOR ( 'NONE', #988, 1000.000000000000000 ) ;
#3526 = DIRECTION ( 'NONE',  ( -0.000000000000000000, 1.000000000000000000, 0.000000000000000000 ) ) ;
#3527 = DIRECTION ( 'NONE',  ( 1.000000000000000000, 0.000000000000000000, 4.400024020954809157E-16 ) ) ;
#3528 = DIRECTION ( 'NONE',  ( -0.000000000000000000, 1.000000000000000000, -0.000000000000000000 ) ) ;
#3529 = DIRECTION ( 'NONE',  ( -1.000000000000000000, 3.491481338843133750E-15, -0.000000000000000000 ) ) ;
#3530 = AXIS2_PLACEMENT_3D ( 'NONE', #2864, #2348, #1805 ) ;
#3531 = EDGE_LOOP ( 'NONE', ( #1109, #1064, #557, #727 ) ) ;
#3532 = EDGE_CURVE ( 'NONE', #3103, #814, #3483, .T. ) ;
#3533 = CARTESIAN_POINT ( 'NONE',  ( -1.524000000000001576, -9.701174224021906599E-16, -22.24517197171415006 ) ) ;
#3534 = EDGE_LOOP ( 'NONE', ( #742, #940, #1096, #2686 ) ) ;
#3535 = CARTESIAN_POINT ( 'NONE',  ( -2.790311805703413750, 2.882838342385365848, 17.89454924689141180 ) ) ;
#3536 = CARTESIAN_POINT ( 'NONE',  ( -4.064000000000001833, -1.270000000000000018, -28.19400000000000972 ) ) ;
#3537 = COLOUR_RGB ( '',0.7921568627450980005, 0.8196078431372548767, 0.9333333333333333481 ) ;
#3538 = VERTEX_POINT ( 'NONE', #18 ) ;
#3539 = EDGE_CURVE ( 'NONE', #24, #3078, #852, .T. ) ;
#3540 = ADVANCED_FACE ( 'NONE', ( #60 ), #615, .F. ) ;
#3541 = FACE_OUTER_BOUND ( 'NONE', #1201, .T. ) ;
#3542 = CARTESIAN_POINT ( 'NONE',  ( 4.063999999999997392, 1.016000000000008230, -7.239000000000007873 ) ) ;
#3543 = EDGE_CURVE ( 'NONE', #3084, #1944, #1963, .T. ) ;
#3544 = CARTESIAN_POINT ( 'NONE',  ( 2.760962509387273389, 0.7619999999999998996, 29.97199999999998354 ) ) ;
#3545 = CARTESIAN_POINT ( 'NONE',  ( -2.667000000000012250, 1.523999999999997357, 17.90699999999998582 ) ) ;
#3546 = LINE ( 'NONE', #707, #2029 ) ;
#3547 = DIRECTION ( 'NONE',  ( 0.5000000000000009992, 0.000000000000000000, -0.8660254037844380415 ) ) ;
#3548 = CARTESIAN_POINT ( 'NONE',  ( 1.524000000000002020, 1.269999999999999796, -31.24200000000000443 ) ) ;
#3549 = VERTEX_POINT ( 'NONE', #3381 ) ;
#3550 = ORIENTED_EDGE ( 'NONE', *, *, #2475, .T. ) ;
#3551 = EDGE_CURVE ( 'NONE', #1607, #1810, #2813, .T. ) ;
#3552 = DIRECTION ( 'NONE',  ( 1.000000000000000000, 0.000000000000000000, -2.731847993664263613E-15 ) ) ;
#3553 = EDGE_LOOP ( 'NONE', ( #1882, #1574, #2006, #1367 ) ) ;
#3554 = ADVANCED_FACE ( 'NONE', ( #1133 ), #2866, .T. ) ;
#3555 = LINE ( 'NONE', #1830, #3372 ) ;
#3556 = CARTESIAN_POINT ( 'NONE',  ( -4.064000000000001833, 2.793999999999997375, 12.44599999999998552 ) ) ;
#3557 = ORIENTED_EDGE ( 'NONE', *, *, #654, .F. ) ;
#3558 = ORIENTED_EDGE ( 'NONE', *, *, #1508, .T. ) ;
#3559 = CARTESIAN_POINT ( 'NONE',  ( -2.797519210883559371, 2.956016992178969627, 17.88921320984488261 ) ) ;
#3560 = ORIENTED_EDGE ( 'NONE', *, *, #104, .F. ) ;
#3561 = DIRECTION ( 'NONE',  ( 0.000000000000000000, 0.9994883217683662169, -0.03198585075709088621 ) ) ;
#3562 = VECTOR ( 'NONE', #3034, 1000.000000000000000 ) ;
#3563 = LINE ( 'NONE', #1002, #2180 ) ;
#3564 = LINE ( 'NONE', #982, #3403 ) ;
#3565 = CARTESIAN_POINT ( 'NONE',  ( 1.524000000000001798, -4.336808689942017736E-16, -21.08199999999999719 ) ) ;
#3566 = DIRECTION ( 'NONE',  ( 1.000000000000000000, 0.000000000000000000, 4.400024020954809650E-16 ) ) ;
#3567 = CARTESIAN_POINT ( 'NONE',  ( 2.044588918566058400, 2.603500000000000369, 31.21279545650288156 ) ) ;
#3568 = EDGE_LOOP ( 'NONE', ( #1634, #1876, #512, #2748 ) ) ;
#3569 = ORIENTED_EDGE ( 'NONE', *, *, #133, .T. ) ;
#3570 = VECTOR ( 'NONE', #3102, 1000.000000000000000 ) ;
#3571 = AXIS2_PLACEMENT_3D ( 'NONE', #360, #1488, #85 ) ;
#3572 = CARTESIAN_POINT ( 'NONE',  ( 2.539999999999997815, 0.5079999999999942339, -28.19400000000000261 ) ) ;
#3573 = VERTEX_POINT ( 'NONE', #2032 ) ;
#3574 = EDGE_CURVE ( 'NONE', #2913, #1359, #830, .T. ) ;
#3575 = CARTESIAN_POINT ( 'NONE',  ( -4.064000000000002721, 1.523999999999996247, 20.06599999999998829 ) ) ;
#3576 = EDGE_CURVE ( 'NONE', #3643, #2661, #909, .T. ) ;
#3577 = DIRECTION ( 'NONE',  ( -1.000000000000000000, -0.000000000000000000, -5.463695987328525648E-15 ) ) ;
#3578 = VERTEX_POINT ( 'NONE', #3093 ) ;
#3579 = CARTESIAN_POINT ( 'NONE',  ( -4.064000000000020485, 0.7619999999999998996, 29.97199999999997999 ) ) ;
#3580 = ORIENTED_EDGE ( 'NONE', *, *, #2601, .T. ) ;
#3581 = CARTESIAN_POINT ( 'NONE',  ( -4.064000000000041801, 11.17599999999996996, -26.16199999999999903 ) ) ;
#3582 = CIRCLE ( 'NONE', #1954, 3.682999999999998941 ) ;
#3583 = CARTESIAN_POINT ( 'NONE',  ( 4.064000000000037360, 11.17599999999999660, -18.79600000000000648 ) ) ;
#3584 = CARTESIAN_POINT ( 'NONE',  ( 4.063999999999997392, 1.015999999999999570, -8.509000000000007446 ) ) ;
#3585 = DIRECTION ( 'NONE',  ( 1.000000000000000000, 0.000000000000000000, 0.000000000000000000 ) ) ;
#3586 = VERTEX_POINT ( 'NONE', #1691 ) ;
#3587 = ORIENTED_EDGE ( 'NONE', *, *, #1933, .F. ) ;
#3588 = AXIS2_PLACEMENT_3D ( 'NONE', #950, #43, #1752 ) ;
#3589 = EDGE_CURVE ( 'NONE', #66, #500, #2314, .T. ) ;
#3590 = VECTOR ( 'NONE', #3331, 1000.000000000000000 ) ;
#3591 = VECTOR ( 'NONE', #1537, 1000.000000000000000 ) ;
#3592 = CARTESIAN_POINT ( 'NONE',  ( 1.524000000000001798, -4.336808689942017736E-16, -27.17800000000000438 ) ) ;
#3593 = ORIENTED_EDGE ( 'NONE', *, *, #82, .T. ) ;
#3594 = VECTOR ( 'NONE', #1100, 1000.000000000000000 ) ;
#3595 = ORIENTED_EDGE ( 'NONE', *, *, #3024, .F. ) ;
#3596 = PRODUCT_DEFINITION_FORMATION_WITH_SPECIFIED_SOURCE ( 'ANY', '', #1997, .NOT_KNOWN. ) ;
#3597 = CARTESIAN_POINT ( 'NONE',  ( -4.064000000000007162, 1.269999999999990470, -23.11400000000001143 ) ) ;
#3598 = ORIENTED_EDGE ( 'NONE', *, *, #3060, .T. ) ;
#3599 = DIRECTION ( 'NONE',  ( 0.000000000000000000, -1.000000000000000000, 6.829619984160666921E-15 ) ) ;
#3600 = DIRECTION ( 'NONE',  ( 0.000000000000000000, 1.326724403704322426E-16, -1.000000000000000000 ) ) ;
#3601 = AXIS2_PLACEMENT_3D ( 'NONE', #2128, #155, #2121 ) ;
#3602 = FACE_OUTER_BOUND ( 'NONE', #2147, .T. ) ;
#3603 = FACE_OUTER_BOUND ( 'NONE', #1644, .T. ) ;
#3604 = DIRECTION ( 'NONE',  ( 1.000000000000000000, 0.000000000000000000, 4.400024020954809157E-16 ) ) ;
#3605 = ORIENTED_EDGE ( 'NONE', *, *, #3349, .T. ) ;
#3606 = ORIENTED_EDGE ( 'NONE', *, *, #27, .F. ) ;
#3607 = DIRECTION ( 'NONE',  ( 1.000000000000000000, 3.491481338843133355E-15, -2.845674993400288237E-16 ) ) ;
#3608 = PLANE ( 'NONE',  #1901 ) ;
#3609 = EDGE_LOOP ( 'NONE', ( #505, #240, #1517, #1636 ) ) ;
#3610 = ORIENTED_EDGE ( 'NONE', *, *, #3272, .F. ) ;
#3611 = DIRECTION ( 'NONE',  ( 0.000000000000000000, -4.114228906120868991E-16, -1.000000000000000000 ) ) ;
#3612 = DIRECTION ( 'NONE',  ( 1.000000000000000000, -3.491481338843132961E-15, -0.000000000000000000 ) ) ;
#3613 = ORIENTED_EDGE ( 'NONE', *, *, #2664, .F. ) ;
#3614 = CYLINDRICAL_SURFACE ( 'NONE', #3647, 1.270000000000000240 ) ;
#3615 = ADVANCED_FACE ( 'NONE', ( #281 ), #1766, .F. ) ;
#3616 = EDGE_CURVE ( 'NONE', #2683, #2326, #558, .T. ) ;
#3617 = CARTESIAN_POINT ( 'NONE',  ( 1.524000000000000687, -1.270000000000000018, -16.00200000000000955 ) ) ;
#3618 = DIRECTION ( 'NONE',  ( -1.000000000000000000, -3.491481338843132961E-15, 2.845674993400287744E-16 ) ) ;
#3619 = CARTESIAN_POINT ( 'NONE',  ( 4.063999999999981405, 0.1910848482187575970, 27.75163268950701578 ) ) ;
#3620 = ORIENTED_EDGE ( 'NONE', *, *, #2934, .F. ) ;
#3621 = ORIENTED_EDGE ( 'NONE', *, *, #1148, .T. ) ;
#3622 = VECTOR ( 'NONE', #2782, 1000.000000000000000 ) ;
#3623 = AXIS2_PLACEMENT_3D ( 'NONE', #494, #2941, #1060 ) ;
#3624 = PLANE ( 'NONE',  #3644 ) ;
#3625 =( REPRESENTATION_RELATIONSHIP ('NONE','NONE', #2514, #2987 ) REPRESENTATION_RELATIONSHIP_WITH_TRANSFORMATION ( #2424 )SHAPE_REPRESENTATION_RELATIONSHIP( ) );
#3626 = ORIENTED_EDGE ( 'NONE', *, *, #2951, .F. ) ;
#3627 = VECTOR ( 'NONE', #1971, 1000.000000000000000 ) ;
#3628 = VERTEX_POINT ( 'NONE', #594 ) ;
#3629 = CARTESIAN_POINT ( 'NONE',  ( -4.064000000000002721, -1.270000000000000018, -10.08820225350369526 ) ) ;
#3630 = ORIENTED_EDGE ( 'NONE', *, *, #3551, .T. ) ;
#3631 = CARTESIAN_POINT ( 'NONE',  ( -4.064000000000003610, -1.270000000000000018, -10.08820225350369526 ) ) ;
#3632 = FACE_OUTER_BOUND ( 'NONE', #1740, .T. ) ;
#3633 = CARTESIAN_POINT ( 'NONE',  ( 2.539999999999997815, -1.057948453037569125, -28.19400000000000261 ) ) ;
#3634 = VECTOR ( 'NONE', #498, 1000.000000000000000 ) ;
#3635 = CARTESIAN_POINT ( 'NONE',  ( 2.539999999999997815, -1.270000000000000018, -27.17800000000000082 ) ) ;
#3636 = PLANE ( 'NONE',  #2801 ) ;
#3637 = ORIENTED_EDGE ( 'NONE', *, *, #2394, .T. ) ;
#3638 = DIRECTION ( 'NONE',  ( 1.000000000000000000, 0.000000000000000000, 4.400024020954809650E-16 ) ) ;
#3639 = CARTESIAN_POINT ( 'NONE',  ( -1.927630242329294363, -1.239596553663505185, -26.35624707080885187 ) ) ;
#3640 = ADVANCED_FACE ( 'NONE', ( #2846 ), #38, .F. ) ;
#3641 = AXIS2_PLACEMENT_3D ( 'NONE', #1981, #2261, #3424 ) ;
#3642 = ORIENTED_EDGE ( 'NONE', *, *, #3080, .T. ) ;
#3643 = VERTEX_POINT ( 'NONE', #964 ) ;
#3644 = AXIS2_PLACEMENT_3D ( 'NONE', #1633, #225, #1590 ) ;
#3645 = AXIS2_PLACEMENT_3D ( 'NONE', #2118, #2210, #167 ) ;
#3646 = ORIENTED_EDGE ( 'NONE', *, *, #2404, .T. ) ;
#3647 = AXIS2_PLACEMENT_3D ( 'NONE', #1621, #1344, #493 ) ;
#3648 = EDGE_LOOP ( 'NONE', ( #1444, #2357, #2099, #3317 ) ) ;
#3649 = EDGE_CURVE ( 'NONE', #3073, #3100, #3546, .T. ) ;
#3650 =( NAMED_UNIT ( * ) PLANE_ANGLE_UNIT ( ) SI_UNIT ( $, .RADIAN. ) );
#3651 = CARTESIAN_POINT ( 'NONE',  ( 4.063999999999998280, -1.270000000000000018, -9.271000000000006125 ) ) ;
#3652 = CARTESIAN_POINT ( 'NONE',  ( 4.063999999999996504, 1.524000000000000687, -6.731000000000006089 ) ) ;
#3653 = DIRECTION ( 'NONE',  ( -1.000000000000000000, -0.000000000000000000, -0.000000000000000000 ) ) ;
#3654 = VECTOR ( 'NONE', #912, 1000.000000000000000 ) ;
#3655 = VERTEX_POINT ( 'NONE', #1821 ) ;
#3656 = DIRECTION ( 'NONE',  ( -8.537024980200912537E-16, 0.000000000000000000, -1.000000000000000000 ) ) ;
#3657 = FACE_OUTER_BOUND ( 'NONE', #1904, .T. ) ;
#3658 = FACE_OUTER_BOUND ( 'NONE', #3136, .T. ) ;
#3659 = ORIENTED_EDGE ( 'NONE', *, *, #1407, .F. ) ;
#3660 = MANIFOLD_SOLID_BREP ( 'Fillet1', #2654 ) ;
#3661 = EDGE_CURVE ( 'NONE', #2754, #261, #3564, .T. ) ;
#3662 = EDGE_LOOP ( 'NONE', ( #1921, #855, #1979, #147 ) ) ;
#3663 = EDGE_LOOP ( 'NONE', ( #53, #1982, #1791, #411, #1271, #161 ) ) ;
#3664 = EDGE_CURVE ( 'NONE', #1844, #24, #911, .T. ) ;
#3665 = DIRECTION ( 'NONE',  ( -3.491481338843133355E-15, -1.000000000000000000, -0.000000000000000000 ) ) ;
#3666 = CARTESIAN_POINT ( 'NONE',  ( -2.667000000000002480, 2.920999999999997154, 14.60499999999998622 ) ) ;
#3667 = CARTESIAN_POINT ( 'NONE',  ( -4.064000000000003610, 0.000000000000000000, -10.08820225350369526 ) ) ;
#3668 = LINE ( 'NONE', #2290, #2602 ) ;
#3669 = FACE_OUTER_BOUND ( 'NONE', #1094, .T. ) ;
#3670 = ORIENTED_EDGE ( 'NONE', *, *, #944, .T. ) ;
#3671 = VECTOR ( 'NONE', #3600, 1000.000000000000000 ) ;
#3672 = VECTOR ( 'NONE', #3228, 1000.000000000000000 ) ;
#3673 = EDGE_CURVE ( 'NONE', #258, #1161, #2690, .T. ) ;
#3674 = ORIENTED_EDGE ( 'NONE', *, *, #2697, .T. ) ;
#3675 = AXIS2_PLACEMENT_3D ( 'NONE', #3430, #2378, #409 ) ;
#3676 = DIRECTION ( 'NONE',  ( 1.000000000000000000, 0.000000000000000000, 0.000000000000000000 ) ) ;
#3677 = AXIS2_PLACEMENT_3D ( 'NONE', #1248, #3527, #965 ) ;
#3678 = ORIENTED_EDGE ( 'NONE', *, *, #3272, .T. ) ;
#3679 = UNCERTAINTY_MEASURE_WITH_UNIT (LENGTH_MEASURE( 1.000000000000000082E-05 ), #2406, 'distance_accuracy_value', 'NONE');
#3680 = CARTESIAN_POINT ( 'NONE',  ( 3.472200306001973491, 2.603499999999999481, 28.74009999999998755 ) ) ;
#3681 = DIRECTION ( 'NONE',  ( 3.491481338843134144E-15, 1.000000000000000000, 0.000000000000000000 ) ) ;
#3682 = FACE_OUTER_BOUND ( 'NONE', #3496, .T. ) ;
#3683 = DIRECTION ( 'NONE',  ( -1.000000000000000000, 0.000000000000000000, -4.400024020954809157E-16 ) ) ;
#3684 = FACE_OUTER_BOUND ( 'NONE', #2702, .T. ) ;
#3685 = NEXT_ASSEMBLY_USAGE_OCCURRENCE ( 'NAUO1', ' ', ' ', #2769, #1286, $ ) ;
ENDSEC;
END-ISO-10303-21;
